35,4,22,45,16,25,0,0,0,3,255,5,8,4,55,20,10,120,210,34,74,60,320,35,5,45,45,43,5,12,28,7,6,0,149,2,1021,6,11,0,0,
~35,4,22,45,16,25,0,0,0,3,255,5,8,4,55,20,10,120,210,34,74,60,320,35,5,45,45,43,5,12,28,7,6,0,149,2,1021,6,11,0,0,
~35,4,22,45,16,25,0,0,0,3,255,5,8,4,55,20,10,120,210,34,74,60,320,35,5,45,44,43,5,12,28,7,6,0,149,2,1016,6,10,0,0,
~35,4,22,45,16,25,0,0,0,3,255,5,8,4,55,20,10,120,210,34,74,60,320,35,5,45,44,43,5,12,28,7,6,0,149,2,1016,6,10,0,0,
~35,4,22,45,16,25,0,0,0,3,255,5,8,4,55,20,10,120,210,34,74,60,320,35,5,45,45,44,5,12,28,7,6,0,149,2,1015,6,11,0,0,
~35,4,22,45,16,25,0,0,0,3,255,5,8,4,55,20,10,120,210,34,74,60,320,35,5,45,45,44,5,12,28,7,6,0,149,2,1015,6,11,0,0,
~35,4,22,45,16,25,0,0,0,3,255,5,8,4,55,20,10,120,210,34,74,60,320,35,5,45,45,44,5,12,28,7,6,0,149,2,1024,6,10,0,0,
~35,4,22,45,16,25,0,0,0,3,255,5,8,4,55,20,10,120,210,34,74,60,320,35,5,45,45,44,5,12,28,7,6,0,149,2,1024,6,10,0,0,
~35,4,22,45,16,25,0,0,0,3,255,5,8,4,55,20,10,120,210,34,74,60,320,35,5,45,45,44,5,12,28,7,6,0,149,2,1016,6,10,0,0,
~35,4,22,45,16,25,0,0,0,3,255,5,8,4,55,20,10,120,210,34,74,60,320,35,5,45,45,44,5,12,28,7,6,0,149,2,1016,6,10,0,0,
~35,4,22,45,16,25,0,0,0,3,255,5,8,4,55,20,10,120,210,34,74,60,320,35,5,45,44,44,5,12,28,7,6,0,149,1,1009,6,10,0,0,
~35,4,22,45,16,25,0,0,0,3,255,5,8,4,55,20,10,120,210,34,74,60,320,35,5,45,44,44,5,12,28,7,6,0,149,1,1009,6,10,0,0,
~35,4,22,45,16,25,0,0,0,3,255,5,8,4,55,20,10,120,210,34,74,60,320,35,5,45,44,44,5,12,28,7,6,0,149,1,1006,6,10,0,0,
~35,4,22,45,16,25,0,0,0,3,255,5,8,4,55,20,10,120,210,34,74,60,320,35,5,45,44,44,5,12,28,7,6,0,149,1,1006,6,10,0,0,
~35,4,22,45,16,25,0,0,0,3,255,5,8,4,55,20,10,120,210,34,74,60,320,35,5,45,45,44,5,12,28,7,6,0,149,1,1037,6,10,0,0,
~35,4,22,45,16,25,0,0,0,3,255,5,8,4,55,20,10,120,210,34,74,60,320,35,5,45,45,44,5,12,28,7,6,0,149,1,1037,6,10,0,0,
~35,4,22,45,16,25,0,0,0,3,255,5,8,4,55,20,10,120,210,34,74,60,320,35,5,45,43,43,5,12,28,7,6,0,150,1,1034,6,10,0,0,
~35,4,22,45,16,25,0,0,0,3,255,5,8,4,55,20,10,120,210,34,74,60,320,35,5,45,43,43,5,12,28,7,6,0,150,1,1034,6,10,0,0,
~35,4,22,45,16,25,0,0,0,3,255,5,8,4,55,20,10,120,210,34,74,60,320,35,5,45,43,43,5,12,28,7,6,0,150,1,1044,6,10,0,0,
~35,4,22,45,16,25,0,0,0,3,255,5,8,4,55,20,10,120,210,34,74,60,320,35,5,45,43,43,5,12,28,7,6,0,150,1,1044,6,10,0,0,
~35,4,22,45,16,25,0,0,0,3,255,5,8,4,55,20,10,120,210,34,74,60,320,35,5,45,44,43,5,12,28,7,6,0,150,1,1044,6,10,0,0,
~35,4,22,45,16,25,0,0,0,3,255,5,8,4,55,20,10,120,210,34,74,60,320,35,5,45,44,43,5,12,28,7,6,0,150,1,1044,6,10,0,0,
~35,4,22,45,16,25,0,0,0,3,255,5,8,4,55,20,10,120,210,34,74,60,320,35,5,45,45,44,5,12,28,7,6,0,151,1,1021,6,11,0,0,
~35,4,22,45,16,25,0,0,0,3,255,5,8,4,55,20,10,120,210,34,74,60,320,35,5,45,45,44,5,12,28,7,6,0,151,1,1021,6,11,0,0,
~35,4,22,45,16,25,0,0,0,3,255,5,8,4,55,20,10,120,210,34,74,60,320,35,5,45,43,43,5,12,28,7,6,0,151,1,1058,6,10,0,0,
~35,4,22,45,16,25,0,0,0,3,255,5,8,4,55,20,10,120,210,34,74,60,320,35,5,45,44,43,5,12,28,7,6,0,151,1,1040,6,10,0,0,
~35,4,22,45,16,25,0,0,0,3,255,5,8,4,55,20,10,120,210,34,74,60,320,35,5,45,44,43,5,12,28,7,6,0,151,1,1040,6,10,0,0,
~35,4,22,45,16,25,0,0,0,3,255,5,8,4,55,20,10,120,210,34,74,60,320,35,5,45,42,43,5,12,28,7,6,0,151,1,1030,6,10,0,0,
~35,4,22,45,16,25,0,0,0,3,255,5,8,4,55,20,10,120,210,34,74,60,320,35,5,45,42,43,5,12,28,7,6,0,151,1,1030,6,10,0,0,
~35,4,22,45,16,25,0,0,0,3,255,5,8,4,55,20,10,120,210,34,74,60,320,35,5,45,45,43,5,12,28,7,6,0,151,1,1036,6,10,0,0,
~35,4,22,45,16,25,0,0,0,3,255,5,8,4,55,20,10,120,210,34,74,60,320,35,5,45,45,43,5,12,28,7,6,0,151,1,1036,6,10,0,0,
~35,4,22,45,16,25,0,0,0,3,255,5,8,4,55,20,10,120,210,34,74,60,320,35,5,45,44,43,5,12,28,7,6,0,151,1,1037,6,10,0,0,
~35,4,22,45,16,25,0,0,0,3,255,5,8,4,55,20,10,120,210,34,74,60,320,35,5,45,44,43,5,12,28,7,6,0,151,1,1037,6,10,0,0,
~35,4,22,45,16,25,0,0,0,3,255,5,8,4,55,20,10,120,210,34,74,60,320,35,5,45,48,43,5,12,28,7,6,0,151,2,1041,6,11,0,0,
~35,4,22,45,16,25,0,0,0,3,255,5,8,4,55,20,10,120,210,34,74,60,320,35,5,45,48,43,5,12,28,7,6,0,151,2,1041,6,11,0,0,
~35,4,22,45,16,25,0,0,0,3,255,5,8,4,55,20,10,120,210,34,74,60,320,35,5,45,45,43,5,12,28,7,6,0,151,2,1034,6,11,0,0,
~35,4,22,45,16,25,0,0,0,3,255,5,8,4,55,20,10,120,210,34,74,60,320,35,5,45,45,43,5,12,28,7,6,0,151,2,1034,6,11,0,0,
~35,4,22,45,16,25,0,0,0,3,255,5,8,4,55,20,10,120,210,34,74,60,320,35,5,45,42,41,5,12,28,7,6,0,151,3,1064,6,11,0,0,
~35,4,22,45,16,25,0,0,0,3,255,5,8,4,55,20,10,120,210,34,74,60,320,35,5,45,42,41,5,13,28,7,6,0,151,3,1064,6,11,0,0,
~35,4,22,45,16,25,0,0,0,3,255,5,8,4,55,20,10,120,210,34,74,60,320,35,5,45,45,42,5,13,28,7,6,0,151,3,1098,6,11,0,0,
~35,4,22,45,16,25,0,0,0,3,255,5,8,4,55,20,10,120,210,34,74,60,320,35,5,45,45,42,5,13,28,8,6,0,151,3,1098,6,11,0,0,
~35,4,22,45,16,25,0,0,0,3,255,5,8,4,55,20,10,120,210,34,74,60,320,35,5,45,48,45,5,13,28,8,6,0,150,3,1096,6,10,0,0,
~35,4,22,45,16,25,0,0,0,3,255,5,8,4,55,20,10,120,210,34,74,60,320,35,5,45,48,45,5,12,28,7,6,0,150,3,1096,6,10,0,0,
~35,4,22,45,16,25,0,0,0,3,255,5,8,4,55,20,10,120,210,34,74,60,320,35,5,45,44,44,5,12,28,7,6,0,151,3,1078,6,9,0,0,
~35,4,22,45,16,25,0,0,0,3,255,5,8,4,55,20,10,120,210,34,74,60,320,35,5,45,44,44,5,12,28,7,6,0,151,3,1078,6,9,0,0,
~35,4,22,45,16,25,0,0,0,3,255,5,8,4,55,20,10,120,210,34,74,60,320,35,5,45,45,47,5,10,28,7,6,0,151,2,1067,6,9,0,0,
~35,4,22,45,16,25,0,0,0,3,255,5,8,4,55,20,10,120,210,34,74,60,320,35,5,45,45,47,5,10,28,7,6,0,151,2,1067,6,9,0,0,
~35,4,22,45,16,25,0,0,0,3,255,5,8,4,55,20,10,120,210,34,74,60,320,35,5,45,30,41,5,11,28,6,6,0,151,2,1077,6,20,0,0,
~35,4,22,45,16,25,0,0,0,3,255,5,8,4,55,20,10,120,210,34,74,60,320,35,5,45,30,41,5,12,28,7,6,0,151,2,1077,6,20,0,0,
~35,4,22,45,16,25,0,0,0,3,255,5,8,4,55,20,10,120,210,34,74,60,320,35,5,45,40,40,5,12,28,7,6,0,151,2,1068,6,18,0,0,
~35,4,22,45,16,25,0,0,0,3,255,5,8,4,55,20,10,120,210,34,74,60,320,35,5,45,44,41,5,12,28,7,6,0,150,2,1059,6,15,0,0,
~35,4,22,45,16,25,0,0,0,3,255,5,8,4,55,20,10,120,210,34,74,60,320,35,5,45,44,41,5,12,28,7,6,0,150,2,1059,6,15,0,0,
~35,4,22,45,16,25,0,0,0,3,255,5,8,4,55,20,10,120,210,34,74,60,320,35,5,45,45,42,5,12,28,7,6,0,150,2,1068,6,13,0,0,
~35,4,22,45,16,25,0,0,0,3,255,5,8,4,55,20,10,120,210,34,74,60,320,35,5,45,45,42,5,12,28,7,6,0,150,2,1068,6,13,0,0,
~35,4,22,45,16,25,0,0,0,3,255,5,8,4,55,20,10,120,210,34,74,60,320,35,5,45,44,42,5,12,28,7,6,0,150,2,1069,6,12,0,0,
~35,4,22,45,16,25,0,0,0,3,255,5,8,4,55,20,10,120,210,34,74,60,320,35,5,45,44,42,5,12,28,7,6,0,150,2,1069,6,12,0,0,
~35,4,22,45,16,25,0,0,0,3,255,5,8,4,55,20,10,120,210,34,74,60,320,35,5,45,44,43,5,12,28,7,6,0,150,2,1073,6,12,0,0,
~35,4,22,45,16,25,0,0,0,3,255,5,8,4,55,20,10,120,210,34,74,60,320,35,5,45,44,43,5,12,28,7,6,0,150,2,1073,6,12,0,0,
~35,4,22,45,16,25,0,0,0,3,255,5,8,4,55,20,10,120,210,34,74,60,320,35,5,45,45,43,5,12,28,7,6,0,150,2,1049,6,11,0,0,
~35,4,22,45,16,25,0,0,0,3,255,5,8,4,55,20,10,120,210,34,74,60,320,35,5,45,45,43,5,12,28,7,6,0,150,2,1049,6,11,0,0,
~35,4,22,45,16,25,0,0,0,3,255,5,8,4,55,20,10,120,210,34,74,60,320,35,5,45,45,43,5,12,28,7,6,0,150,3,1044,6,11,0,0,
~35,4,22,45,16,25,0,0,0,3,255,5,8,4,55,20,10,120,210,34,74,60,320,35,5,45,45,43,5,12,28,7,6,0,150,3,1044,6,11,0,0,
~35,4,22,45,16,25,0,0,0,3,255,5,8,4,55,20,10,120,210,34,74,60,320,35,5,45,44,47,5,12,28,7,6,0,150,2,990,6,10,0,0,
~35,4,22,45,16,25,0,0,0,3,255,5,8,4,55,20,10,120,210,34,74,60,320,35,5,45,44,47,5,10,28,6,6,0,150,2,990,6,10,0,0,
~35,4,22,45,16,25,0,0,0,3,255,5,8,4,55,20,10,120,210,34,74,60,320,35,5,45,31,42,5,10,28,6,6,0,150,2,1032,6,7,0,0,
~35,4,22,45,16,25,0,0,0,3,255,5,8,4,55,20,10,120,210,34,74,60,320,35,5,45,31,42,5,11,28,6,6,1,150,2,1032,6,7,0,0,
~35,4,22,45,16,25,0,0,0,3,255,5,8,4,55,20,10,120,210,34,74,60,320,35,4,45,39,41,4,12,28,7,6,1,150,2,1041,6,12,0,0,
~35,4,22,45,16,25,0,0,0,3,255,5,8,4,55,20,10,120,210,34,74,60,320,35,4,45,39,41,4,12,28,7,6,1,150,2,1041,6,12,0,0,
~35,4,22,45,16,25,0,0,0,3,255,5,8,4,55,20,10,120,210,34,74,60,320,35,5,45,5,44,5,11,28,7,6,1,150,1,997,6,12,0,0,
~35,4,22,45,16,25,0,0,0,3,255,5,8,4,55,20,10,120,210,34,74,60,320,35,5,45,5,44,5,11,28,7,6,1,150,1,997,6,12,0,0,
~35,4,22,45,16,25,0,0,0,3,255,5,8,4,55,20,10,120,210,34,74,60,320,35,5,45,38,42,5,13,28,7,6,1,150,1,1018,6,10,0,0,
~35,4,22,45,16,25,0,0,0,3,255,5,8,4,55,20,10,120,210,34,74,60,320,35,5,45,38,42,5,13,28,7,6,1,150,1,1018,6,10,0,0,
~35,4,22,45,16,25,0,0,0,3,255,5,8,4,55,20,10,120,210,34,74,60,320,35,5,45,46,45,5,13,28,7,6,1,150,2,1060,6,11,0,0,
~35,4,22,45,16,25,0,0,0,3,255,5,8,4,55,20,10,120,210,34,74,60,320,35,5,45,47,45,5,13,28,8,6,1,150,2,1078,6,10,0,0,
~35,4,22,45,16,25,0,0,0,3,255,5,8,4,55,20,10,120,210,34,74,60,320,35,5,45,47,45,5,13,28,8,6,1,150,2,1078,6,10,0,0,
~35,4,22,45,16,25,0,0,0,3,255,5,8,4,55,20,10,120,210,34,74,60,320,35,5,45,44,44,5,12,28,7,6,1,150,2,1072,6,8,0,0,
~35,4,22,45,16,25,0,0,0,3,255,5,8,4,55,20,10,120,210,34,74,60,320,35,5,45,44,44,5,12,28,7,6,1,150,2,1072,6,8,0,0,
~35,4,22,45,16,25,0,0,0,3,255,5,8,4,55,20,10,120,210,34,74,60,320,35,5,45,45,43,5,12,28,7,6,1,150,2,1064,6,9,0,0,
~35,4,22,45,16,25,0,0,0,3,255,5,8,4,55,20,10,120,210,34,74,60,320,35,5,45,45,43,5,12,28,7,6,1,150,2,1064,6,9,0,0,
~35,4,22,45,16,25,0,0,0,3,255,5,8,4,55,20,10,120,210,34,74,60,320,35,5,45,45,44,5,12,28,7,6,1,150,2,1064,6,10,0,0,
~35,4,22,45,16,25,0,0,0,3,255,5,8,4,55,20,10,120,210,34,74,60,320,35,5,45,45,44,5,12,28,7,6,1,150,2,1064,6,10,0,0,
~35,4,22,45,16,25,0,0,0,3,255,5,8,4,55,20,10,120,210,34,74,60,320,35,5,45,44,44,5,12,28,7,6,1,150,2,1048,6,10,0,0,
~35,4,22,45,16,25,0,0,0,3,255,5,8,4,55,20,10,120,210,34,74,60,320,35,5,45,44,44,5,12,28,7,6,1,150,2,1048,6,10,0,0,
~35,4,22,45,16,25,0,0,0,3,255,5,8,4,55,20,10,120,210,34,74,60,320,35,5,45,43,43,5,12,28,7,6,1,150,1,1058,6,10,0,0,
~35,4,22,45,16,25,0,0,0,3,255,5,8,4,55,20,10,120,210,34,74,60,320,35,5,45,43,43,5,12,28,7,6,1,150,1,1058,6,10,0,0,
~35,4,22,45,16,25,0,0,0,3,255,5,8,4,55,20,10,120,210,34,74,60,320,35,5,45,43,43,5,12,28,7,6,1,150,1,1046,6,10,0,0,
~35,4,22,45,16,25,0,0,0,3,255,5,8,4,55,20,10,120,210,34,74,60,320,35,5,45,43,43,5,12,28,7,6,1,150,1,1046,6,10,0,0,
~35,4,22,45,16,25,0,0,0,3,255,5,8,4,55,20,10,120,210,34,74,60,320,35,5,45,43,43,5,12,28,7,6,1,150,1,1049,6,10,0,0,
~35,4,22,45,16,25,0,0,0,3,255,5,8,4,55,20,10,120,210,34,74,60,320,35,5,45,43,43,5,12,28,7,6,1,150,1,1049,6,10,0,0,
~35,4,22,45,16,25,0,0,0,3,255,5,8,4,55,20,10,120,210,34,74,60,320,35,5,45,43,43,5,12,28,7,6,1,150,1,1045,6,10,0,0,
~35,4,22,45,16,25,0,0,0,3,255,5,8,4,55,20,10,120,210,34,74,60,320,35,5,45,43,43,5,12,28,7,6,1,150,1,1045,6,10,0,0,
~35,4,22,45,16,25,0,0,0,3,255,5,8,4,55,20,10,120,210,34,74,60,320,35,5,45,45,43,5,12,28,7,6,1,150,1,1042,6,10,0,0,
~35,4,22,45,16,25,0,0,0,3,255,5,8,4,55,20,10,120,210,34,74,60,320,35,5,45,45,43,5,12,28,7,6,1,150,1,1042,6,10,0,0,
~35,4,22,45,16,25,0,0,0,3,255,5,8,4,55,20,10,120,210,34,74,60,320,35,5,45,43,43,5,12,28,7,6,1,150,1,1043,6,10,0,0,
~35,4,22,45,16,25,0,0,0,3,255,5,8,4,55,20,10,120,210,34,74,60,320,35,5,45,43,43,5,12,28,7,6,1,150,1,1043,6,10,0,0,
~35,4,22,45,16,25,0,0,0,3,255,5,8,4,55,20,10,120,210,34,74,60,320,35,5,45,45,43,5,12,28,7,6,1,150,1,1038,6,10,0,0,
~35,4,22,45,16,25,0,0,0,3,255,5,8,4,55,20,10,120,210,34,74,60,320,35,5,45,45,43,5,12,28,7,6,1,150,1,1038,6,10,0,0,
~35,4,22,45,16,25,0,0,0,3,255,5,8,4,55,20,10,120,210,34,74,60,320,35,5,45,43,43,5,12,28,7,6,1,150,1,1036,6,10,0,0,
~35,4,22,45,16,25,0,0,0,3,255,5,8,4,55,20,10,120,210,34,74,60,320,35,5,45,44,43,5,12,28,7,6,1,150,1,1028,6,10,0,0,
~35,4,22,45,16,25,0,0,0,3,255,5,8,4,55,20,10,120,210,34,74,60,320,35,5,45,44,43,5,12,28,7,6,1,150,1,1028,6,10,0,0,
~35,4,22,45,16,25,0,0,0,3,255,5,8,4,55,20,10,120,210,34,74,60,320,35,5,45,42,43,5,12,28,7,6,1,150,1,1033,6,10,0,0,
~35,4,22,45,16,25,0,0,0,3,255,5,8,4,55,20,10,120,210,34,74,60,320,35,5,45,42,43,5,12,28,7,6,1,150,1,1033,6,10,0,0,
~35,4,22,45,16,25,0,0,0,3,255,5,8,4,55,20,10,120,210,34,74,60,320,35,5,45,45,44,5,12,28,7,6,1,150,1,1025,6,10,0,0,
~35,4,22,45,16,25,0,0,0,3,255,5,8,4,55,20,10,120,210,34,74,60,320,35,5,45,45,44,5,12,28,7,6,1,150,1,1025,6,10,0,0,
~35,4,22,45,16,25,0,0,0,3,255,5,8,4,55,20,10,120,210,34,74,60,320,35,5,45,40,43,5,12,28,7,6,1,150,1,1039,6,9,0,0,
~35,4,22,45,16,25,0,0,0,3,255,5,8,4,55,20,10,120,210,34,74,60,320,35,5,45,40,43,5,12,28,7,6,1,150,1,1039,6,9,0,0,
~35,4,22,45,16,25,0,0,0,3,255,5,8,4,55,20,10,120,210,34,74,60,320,35,5,45,44,43,5,12,28,7,6,1,154,1,1053,6,9,0,0,
~35,4,22,45,16,25,0,0,0,3,255,5,8,4,55,20,10,120,210,34,74,60,320,36,5,45,44,43,5,15,28,8,6,1,154,1,1053,6,9,0,0,
~35,4,22,45,16,25,0,0,0,3,255,5,8,4,55,20,10,120,210,34,74,60,320,36,5,45,58,47,5,15,28,8,6,1,151,3,1086,6,14,0,0,
~35,4,22,45,16,25,0,0,0,3,255,5,8,4,55,20,10,120,210,34,74,60,320,35,5,45,58,47,5,11,28,7,6,1,151,3,1086,6,14,0,0,
~35,4,22,45,16,25,0,0,0,3,255,5,8,4,55,20,10,120,210,34,74,60,320,35,5,45,39,44,5,11,28,7,6,1,151,2,1070,6,11,0,0,
~35,4,22,45,16,25,0,0,0,3,255,5,8,4,55,20,10,120,210,34,74,60,320,35,5,45,39,44,5,12,28,7,6,1,151,2,1070,6,11,0,0,
~35,4,22,45,16,25,0,0,0,3,255,5,8,4,55,20,10,120,210,34,74,60,320,35,5,45,38,42,5,12,28,7,6,1,152,2,1104,6,11,0,0,
~35,4,22,45,16,25,0,0,0,3,255,5,8,4,55,20,10,120,210,34,74,60,320,35,5,45,38,42,5,12,28,7,6,1,152,2,1104,6,11,0,0,
~35,4,22,45,16,25,0,0,0,3,255,5,8,4,55,20,10,120,210,34,74,60,320,35,5,45,46,43,5,12,28,7,6,1,152,2,1074,6,11,0,0,
~35,4,22,45,16,25,0,0,0,3,255,5,8,4,55,20,10,120,210,34,74,60,320,35,5,45,46,43,5,12,28,7,6,1,152,2,1074,6,11,0,0,
~35,4,22,45,16,25,0,0,0,3,255,5,8,4,55,20,10,120,210,34,74,60,320,35,5,45,45,43,5,12,28,7,6,1,152,2,1063,6,11,0,0,
~35,4,22,45,16,25,0,0,0,3,255,5,8,4,55,20,10,120,210,34,74,60,320,35,5,45,45,43,5,12,28,7,6,1,152,2,1063,6,11,0,0,
~35,4,22,45,16,25,0,0,0,3,255,5,8,4,55,20,10,120,210,34,74,60,320,35,5,45,44,43,5,12,28,7,6,1,152,2,1045,6,10,0,0,
~35,4,22,45,16,25,0,0,0,3,255,5,8,4,55,20,10,120,210,34,74,60,320,35,5,45,44,43,5,12,28,7,6,1,152,2,1045,6,10,0,0,
~35,4,22,45,16,25,0,0,0,3,255,5,8,4,55,20,10,120,210,34,74,60,320,35,5,45,44,43,5,12,28,7,6,1,152,2,1037,6,10,0,0,
~35,4,22,45,16,25,0,0,0,3,255,5,8,4,55,20,10,120,210,34,74,60,320,35,5,45,44,43,5,12,28,7,6,1,152,2,1037,6,10,0,0,
~35,4,22,45,16,25,0,0,0,3,255,5,8,4,55,20,10,120,210,34,74,60,320,35,4,45,46,45,4,12,28,7,6,0,151,2,1026,6,11,0,0,
~35,4,22,45,16,25,0,0,0,3,255,5,8,4,55,20,10,120,210,34,74,60,320,35,4,45,4,45,4,12,28,7,6,0,156,2,1026,6,11,0,0,
~35,4,22,45,16,25,0,0,0,3,255,5,8,4,55,20,10,120,210,34,74,60,320,36,4,45,4,45,4,12,28,8,6,0,156,2,1026,6,11,0,0,
~35,4,22,45,16,25,0,0,0,3,255,5,8,4,55,20,10,120,210,34,74,60,320,36,4,45,51,44,4,12,28,8,6,0,152,3,1092,6,10,0,0,
~35,4,22,45,16,25,0,0,0,3,255,5,8,4,55,20,10,120,210,34,74,60,320,35,5,45,51,44,5,14,28,8,6,1,152,3,1092,6,10,0,0,
~35,4,22,45,16,25,0,0,0,3,255,5,8,4,55,20,10,120,210,34,74,60,320,35,5,45,58,47,5,11,28,7,6,1,152,5,1087,6,13,0,0,
~35,4,22,45,16,25,0,0,0,3,255,5,8,4,55,20,10,120,210,34,74,60,320,35,5,45,58,47,5,11,28,7,6,1,152,5,1087,6,13,0,0,
~35,4,22,45,16,25,0,0,0,3,255,5,8,4,55,20,10,120,210,34,74,60,320,35,5,45,40,42,5,12,28,7,6,1,152,4,1076,6,11,0,0,
~35,4,22,45,16,25,0,0,0,3,255,5,8,4,55,20,10,120,210,34,74,60,320,35,5,45,40,42,5,12,28,7,6,1,152,4,1076,6,11,0,0,
~35,4,22,45,16,25,0,0,0,3,255,5,8,4,55,20,10,120,210,34,74,60,320,35,5,45,44,43,5,12,28,7,6,1,152,3,1060,6,11,0,0,
~35,4,22,45,16,25,0,0,0,3,255,5,8,4,55,20,10,120,210,34,74,60,320,35,5,45,44,43,5,12,28,7,6,1,152,3,1060,6,11,0,0,
~35,4,22,45,16,25,0,0,0,3,255,5,8,4,55,20,10,120,210,34,74,60,320,35,5,45,44,43,5,12,28,7,6,1,152,3,1041,6,11,0,0,
~35,4,22,45,16,25,0,0,0,3,255,5,8,4,55,20,10,120,210,34,74,60,320,35,5,45,44,43,5,12,28,7,6,1,152,3,1041,6,11,0,0,
~35,4,22,45,16,25,0,0,0,3,255,5,8,4,55,20,10,120,210,34,74,60,320,35,5,45,42,42,5,12,28,7,6,1,151,3,1034,6,10,0,0,
~35,4,22,45,16,25,0,0,0,3,255,5,8,4,55,20,10,120,210,34,74,60,320,35,5,45,42,42,5,12,28,7,6,1,151,3,1034,6,10,0,0,
~35,4,22,45,16,25,0,0,0,3,255,5,8,4,55,20,10,120,210,34,74,60,320,35,5,45,53,42,5,12,28,7,6,1,151,4,1030,7,12,0,0,
~35,4,22,45,16,25,0,0,0,3,255,5,8,4,55,20,10,120,210,34,74,60,320,35,5,45,53,42,5,12,28,7,6,1,151,4,1030,7,12,0,0,
~35,4,22,45,16,25,0,0,0,3,255,5,8,4,55,20,10,120,210,34,74,60,320,35,5,45,42,42,5,12,28,7,6,1,151,4,1058,6,11,0,0,
~35,4,22,45,16,25,0,0,0,3,255,5,8,4,55,20,10,120,210,34,74,60,320,35,4,45,42,42,4,13,28,8,6,1,151,4,1058,6,11,0,0,
~35,4,22,45,16,25,0,0,0,3,255,5,8,4,55,20,10,120,210,34,74,60,320,35,4,45,-5,41,4,13,28,8,6,1,155,3,1134,6,10,0,0,
~35,4,22,45,16,25,0,0,0,3,255,5,8,4,55,20,10,120,210,34,74,60,320,36,4,45,-5,41,4,13,28,8,6,1,155,3,1134,6,10,0,0,
~35,4,22,45,16,25,0,0,0,3,255,5,8,4,55,20,10,120,210,34,74,60,320,36,4,45,51,44,4,13,28,8,6,1,151,4,1194,6,10,0,0,
~35,4,22,45,16,25,0,0,0,3,255,5,8,4,55,20,10,120,210,34,74,60,320,35,5,45,51,44,5,15,28,9,6,1,151,4,1194,6,10,0,0,
~35,4,22,45,16,25,0,0,0,3,255,5,8,4,55,20,10,120,210,34,74,60,320,35,5,45,62,50,5,12,28,8,6,1,151,6,1201,6,13,0,0,
~35,4,22,45,16,25,0,0,0,3,255,5,8,4,55,20,10,120,210,34,74,60,320,35,5,45,31,46,5,12,28,8,6,1,151,5,1166,5,23,0,0,
~35,4,22,45,16,25,0,0,0,3,255,5,8,4,55,20,10,120,210,34,74,60,320,35,5,45,31,46,5,12,28,8,6,1,151,5,1166,5,23,0,0,
~35,4,22,45,16,25,0,0,0,3,255,5,8,4,55,20,10,120,210,34,74,60,320,35,5,45,45,46,5,12,28,8,6,1,152,4,1118,6,19,0,0,
~35,4,22,45,16,25,0,0,0,3,255,5,8,4,55,20,10,120,210,34,74,60,320,35,5,45,45,46,5,13,28,8,7,1,152,4,1118,6,19,0,0,
~35,4,22,45,16,25,0,0,0,3,255,5,8,4,55,20,10,120,210,34,74,60,320,35,5,45,49,49,5,13,28,8,7,1,152,3,1100,6,14,0,0,
~35,4,22,45,16,25,0,0,0,3,255,5,8,4,55,20,10,120,210,34,74,60,320,35,4,45,49,49,4,11,28,7,7,1,152,3,1100,6,14,0,0,
~35,4,22,45,16,25,0,0,0,3,255,5,8,4,55,20,10,120,210,34,74,60,320,35,4,45,28,39,4,11,28,7,7,1,157,3,1268,5,9,0,0,
~35,4,22,45,16,25,0,0,0,3,255,5,8,4,55,20,10,120,210,34,74,60,320,36,4,45,28,39,4,11,28,7,7,2,157,3,1268,5,9,0,0,
~35,4,22,45,16,25,0,0,0,3,255,5,8,4,55,20,10,120,210,34,74,60,320,36,4,45,0,39,4,12,28,8,6,2,157,3,1268,5,9,0,0,
~35,4,22,45,16,25,0,0,0,3,255,5,8,4,55,20,10,120,210,34,74,60,320,36,4,45,0,39,4,13,28,8,6,3,157,3,1268,5,9,0,0,
~35,4,22,45,16,25,0,0,0,3,255,5,8,4,55,20,10,120,210,34,74,60,320,36,5,45,38,42,5,13,28,8,7,3,152,4,1102,5,11,0,0,
~35,4,22,45,16,25,0,0,0,3,255,5,8,4,55,20,10,120,210,34,74,60,320,35,3,45,38,42,3,17,28,10,7,3,152,4,1102,5,11,0,0,
~35,4,22,45,16,25,0,0,0,3,255,5,8,4,55,20,10,120,210,34,74,60,320,35,3,45,51,48,3,17,28,10,7,3,157,3,1057,5,13,0,0,
~35,4,22,45,16,25,0,0,0,3,255,5,8,4,55,20,10,120,210,34,74,60,320,36,4,45,51,48,4,11,28,9,7,5,157,3,1057,5,13,0,0,
~35,4,22,45,16,25,0,0,0,3,255,5,8,4,55,20,10,120,210,34,74,60,320,36,4,45,41,41,4,11,28,9,7,5,157,3,1185,4,14,0,0,
~35,4,22,45,16,25,0,0,0,3,255,5,8,4,55,20,10,120,210,34,74,60,320,36,4,45,41,41,4,14,28,9,7,9,157,3,1185,4,14,0,0,
~35,4,22,45,16,25,0,0,0,3,255,5,8,4,55,20,10,120,210,34,74,60,320,36,4,45,0,51,4,18,28,11,7,9,162,4,1081,5,21,0,0,
~35,4,22,45,16,25,0,0,0,3,255,5,8,4,55,20,10,120,210,34,74,60,320,37,4,45,0,51,4,18,28,11,7,15,162,4,1081,5,21,0,0,
~35,4,22,45,16,25,0,0,0,3,255,5,8,4,55,20,10,120,210,34,74,60,320,37,5,45,0,43,5,14,28,10,7,15,158,4,1537,3,29,0,0,
~35,4,22,45,16,25,0,0,0,3,255,5,8,4,55,20,10,120,210,34,74,60,320,36,5,45,0,43,5,15,28,10,7,20,158,4,1537,3,29,0,0,
~35,4,22,45,16,25,0,0,0,3,255,5,8,4,55,20,10,120,210,34,74,60,320,36,5,45,17,21,5,15,28,10,7,20,162,3,1288,2,41,0,0,
~35,4,22,45,16,25,0,0,0,3,255,5,8,4,55,20,10,120,210,34,74,60,320,37,5,45,17,21,5,15,28,10,7,30,162,3,1288,2,41,0,0,
~35,4,22,45,16,25,0,0,0,3,255,5,8,4,55,20,10,120,210,34,74,60,320,37,5,45,19,19,5,15,28,10,7,30,165,8,1575,2,45,0,0,
~35,4,22,45,16,25,0,0,0,3,255,5,8,4,55,20,10,120,210,34,74,60,320,39,5,45,19,19,5,16,28,10,7,38,165,8,1575,2,45,0,0,
~35,4,22,45,16,25,0,0,0,3,255,5,8,4,55,20,10,120,210,34,74,60,320,40,5,45,15,29,5,14,28,10,7,47,164,10,1495,3,41,0,0,
~35,4,22,45,16,25,0,0,0,3,255,5,8,4,55,20,10,120,210,34,74,60,320,40,5,44,10,23,5,14,28,10,7,47,166,8,1346,2,47,0,0,
~35,4,22,45,16,25,0,0,0,3,255,5,8,4,55,20,10,120,210,34,74,60,320,41,5,44,10,23,5,16,28,10,7,56,166,8,1346,2,47,0,0,
~35,4,22,45,16,25,0,0,0,3,255,5,8,4,55,20,10,120,210,34,74,60,320,41,5,45,13,20,5,16,28,10,7,56,167,7,1709,1,52,0,0,
~35,4,22,45,16,25,0,0,0,3,255,5,8,4,55,20,10,120,210,34,74,60,320,42,5,45,13,20,5,15,28,10,7,64,167,7,1709,1,52,0,0,
~35,4,22,45,16,25,0,0,0,3,255,5,8,4,55,20,10,120,210,34,74,60,320,42,5,45,41,17,5,14,28,10,7,64,169,12,1751,2,36,0,0,
~35,4,22,45,16,25,0,0,0,3,255,5,8,4,55,20,10,120,210,34,74,60,320,44,5,45,41,17,5,14,28,10,7,72,169,12,1751,2,36,0,0,
~35,4,22,45,16,25,0,0,0,3,255,5,8,4,55,20,10,120,210,34,74,60,320,44,5,45,0,29,5,17,28,11,7,72,165,15,1577,4,36,0,0,
~35,4,22,45,16,25,0,0,0,3,255,5,8,4,55,20,10,120,210,34,74,60,320,44,5,45,0,29,5,17,28,11,7,81,165,15,1577,4,36,0,0,
~35,4,22,45,16,25,0,0,0,3,255,5,8,4,55,20,10,120,210,34,74,60,320,44,5,45,7,24,5,14,28,10,7,81,163,17,1981,3,26,0,52,
~35,4,22,45,16,25,0,0,0,3,255,5,8,4,55,20,10,120,210,34,74,60,320,44,5,45,7,24,5,17,28,11,7,89,163,17,1981,3,26,0,52,
~35,4,22,45,16,25,0,0,0,3,255,5,8,4,55,20,10,120,210,34,74,60,320,44,5,45,63,18,5,17,28,11,7,89,157,24,2359,3,26,0,52,
~35,4,22,45,16,25,0,0,0,3,255,5,8,4,55,20,10,120,210,34,74,60,320,43,5,45,63,18,5,18,28,11,7,99,157,24,2359,3,26,0,52,
~35,4,22,45,16,25,0,0,0,3,255,5,8,4,55,20,10,120,210,34,74,60,320,43,5,25,72,37,5,18,28,11,7,99,166,26,1985,4,20,0,0,
~35,4,22,45,16,25,0,0,0,3,255,5,8,4,55,20,10,120,210,34,74,60,320,47,5,25,72,37,5,18,28,12,7,104,166,26,1985,4,20,0,0,
~35,4,22,45,16,25,0,0,0,3,255,5,8,4,55,20,10,120,210,34,74,60,320,47,5,45,45,33,5,14,28,11,7,104,165,24,1631,3,39,0,0,
~35,4,22,45,16,25,0,0,0,3,255,5,8,4,55,20,10,120,210,34,74,60,320,47,5,45,45,33,5,14,28,11,7,116,165,24,1631,3,39,0,0,
~35,4,22,45,16,25,0,0,0,3,255,5,8,4,55,20,10,120,210,34,74,60,320,47,5,45,55,33,5,15,28,11,7,116,166,23,1383,4,33,0,0,
~35,4,22,45,16,25,0,0,0,3,255,5,8,4,55,20,10,120,210,34,74,60,320,48,5,45,55,33,5,15,28,11,7,128,166,23,1383,4,33,0,0,
~35,4,22,45,16,25,0,0,0,3,255,5,8,4,55,20,10,120,210,34,74,60,320,48,5,45,0,37,5,16,28,11,7,128,164,22,1366,4,22,0,0,
~35,4,22,45,16,25,0,0,0,3,255,5,8,4,55,20,10,120,210,34,74,60,320,48,5,45,0,37,5,16,28,11,7,136,164,22,1366,4,22,0,0,
~35,4,22,45,16,25,0,0,0,3,255,5,8,4,55,20,10,120,210,34,74,60,320,48,5,45,0,26,5,16,28,11,7,136,163,23,1541,3,25,0,0,
~35,4,22,45,16,25,0,0,0,3,255,5,8,4,55,20,10,120,210,34,74,60,320,48,5,45,0,26,5,17,28,11,7,144,163,23,1541,3,25,0,0,
~35,4,22,45,16,25,0,0,0,3,255,5,8,4,55,20,10,120,210,34,74,60,320,48,5,28,0,21,5,17,28,11,7,144,164,27,2036,4,22,0,0,
~35,4,22,45,16,25,0,0,0,3,255,5,8,4,55,20,10,120,210,34,74,60,320,49,5,45,75,21,5,19,28,12,7,150,162,29,2068,3,32,0,0,
~35,4,22,45,16,25,0,0,0,3,255,5,8,4,55,20,10,120,210,34,74,60,320,49,5,45,75,21,5,20,28,13,7,158,162,29,2068,3,32,0,0,
~35,4,22,45,16,25,0,0,0,3,255,5,8,4,55,20,10,120,210,34,74,60,320,49,5,34,67,38,5,20,28,13,7,158,165,31,1802,3,24,0,0,
~35,4,22,45,16,25,0,0,0,3,255,5,8,4,55,20,10,120,210,34,74,60,320,51,5,45,67,38,5,20,28,14,7,168,165,31,1802,3,24,0,0,
~35,4,22,45,16,25,0,0,0,3,255,5,8,4,55,20,10,120,210,34,74,60,320,51,5,45,14,24,5,18,28,13,7,168,161,27,2120,2,31,0,0,
~35,4,22,45,16,25,0,0,0,3,255,5,8,4,55,20,10,120,210,34,74,60,320,50,5,34,14,24,5,18,28,13,7,175,161,27,2120,2,31,0,0,
~35,4,22,45,16,25,0,0,0,3,255,5,8,4,55,20,10,120,210,34,74,60,320,50,5,34,-31,23,5,19,28,14,7,175,165,30,2107,3,34,0,0,
~35,4,22,45,16,25,0,0,0,3,255,5,8,4,55,20,10,120,210,34,74,60,320,52,5,41,-31,23,5,19,28,14,7,186,165,30,2107,3,34,0,0,
~35,4,22,45,16,25,0,0,0,3,255,5,8,4,55,20,10,120,210,34,74,60,320,52,5,43,56,25,5,17,28,13,7,186,166,33,2130,3,33,0,0,
~35,4,22,45,16,25,0,0,0,3,255,5,8,4,55,20,10,120,210,34,74,60,320,53,5,43,56,25,5,16,28,12,7,195,166,33,2130,3,33,0,0,
~35,4,22,45,16,25,0,0,0,3,255,5,8,4,55,20,10,120,210,34,74,60,320,53,5,45,52,23,5,16,28,12,7,195,166,35,1960,4,25,0,0,
~35,4,22,45,16,25,0,0,0,3,255,5,8,4,55,20,10,120,210,34,74,60,320,54,5,45,52,23,5,15,28,12,7,201,166,35,1960,4,25,0,0,
~35,4,22,45,16,25,0,0,0,3,255,5,8,4,55,20,10,120,210,34,74,60,320,54,5,38,0,41,5,15,28,12,7,201,164,36,1613,5,27,0,0,
~35,4,22,45,16,25,0,0,0,3,255,5,8,4,55,20,10,120,210,34,74,60,320,54,5,38,0,41,5,19,28,12,7,210,164,36,1613,5,27,0,0,
~35,4,22,45,16,25,0,0,0,3,255,5,8,4,55,20,10,120,210,34,74,60,320,54,5,45,69,40,5,18,28,13,7,210,164,30,1389,3,37,0,0,
~35,4,22,45,16,25,0,0,0,3,255,5,8,4,55,20,10,120,210,34,74,60,320,54,5,45,69,40,5,18,28,13,7,221,164,30,1389,3,37,0,0,
~35,4,22,45,16,25,0,0,0,3,255,5,8,4,55,20,10,120,210,34,74,60,320,54,5,45,0,32,5,13,28,11,7,221,164,28,1723,3,45,0,0,
~35,4,22,45,16,25,0,0,0,3,255,5,8,4,55,20,10,120,210,34,74,60,320,55,5,45,0,32,5,13,28,11,7,228,164,28,1723,3,45,0,0,
~35,4,22,45,16,25,0,0,0,3,255,5,8,4,55,20,10,120,210,34,74,60,320,55,5,45,24,30,5,13,28,10,7,228,159,22,1160,3,52,0,0,
~35,4,22,45,16,25,0,0,0,3,255,5,8,4,55,20,10,120,210,34,74,60,320,54,5,45,24,30,5,14,28,10,7,236,159,22,1160,3,52,0,0,
~35,4,22,45,16,25,0,0,0,3,255,5,8,4,55,20,10,120,210,34,74,60,320,54,5,45,22,27,5,14,28,10,7,236,168,19,1112,3,35,0,0,
~35,4,22,45,16,25,0,0,0,3,255,5,8,4,55,20,10,120,210,34,74,60,320,57,5,45,22,27,5,15,28,10,7,245,168,19,1112,3,35,0,0,
~35,4,22,45,16,25,0,0,0,3,255,5,8,4,55,20,10,120,210,34,74,60,320,57,5,45,-11,27,5,15,28,10,7,245,162,19,1112,3,35,0,0,
~35,4,22,45,16,25,0,0,0,3,255,5,8,4,55,20,10,120,210,34,74,60,320,56,5,40,47,37,5,16,28,10,7,249,158,17,1378,3,37,0,0,
~35,4,22,45,16,25,0,0,0,3,255,5,8,4,55,20,10,120,210,34,74,60,320,55,5,40,47,37,5,15,28,10,7,253,158,17,1378,3,37,0,0,
~35,4,22,45,16,25,0,0,0,3,255,5,8,4,55,20,10,120,210,34,74,60,320,55,5,45,50,43,5,15,28,10,7,253,159,17,1348,3,30,0,0,
~35,4,22,45,16,25,0,0,0,3,255,5,8,4,55,20,10,120,210,34,74,60,320,56,5,45,50,43,5,15,28,10,7,253,159,17,1348,3,30,0,0,
~35,4,22,45,16,25,0,0,0,3,255,5,8,4,55,20,10,120,210,34,74,60,320,56,5,45,15,35,5,15,28,10,7,253,158,15,1367,3,38,0,0,
~35,4,22,45,16,25,0,0,0,3,255,5,8,4,55,20,10,120,210,34,74,60,320,56,5,45,15,35,5,13,28,9,7,255,158,15,1367,3,38,0,0,
~35,4,22,45,16,25,0,0,0,3,255,5,8,4,55,20,10,120,210,34,74,60,320,56,5,45,19,30,5,14,28,9,7,255,153,13,1232,3,36,0,0,
~35,4,22,45,16,25,0,0,0,3,255,5,8,4,55,20,10,120,210,34,74,60,320,55,5,45,19,30,5,14,28,9,7,255,153,13,1232,3,36,0,0,
~35,4,22,45,16,25,0,0,0,3,255,5,8,4,55,20,10,120,210,34,74,60,320,55,5,45,0,27,5,15,28,10,7,255,149,17,1292,4,30,0,0,
~35,4,22,45,16,25,0,0,0,3,255,5,8,4,55,20,10,120,210,34,74,60,320,53,5,45,0,27,5,15,28,10,7,255,149,17,1292,4,30,0,0,
~35,4,22,45,16,25,0,0,0,3,255,5,8,4,55,20,10,120,210,34,74,60,320,53,5,45,0,34,5,15,28,10,7,255,147,17,1302,4,21,0,0,
~35,4,22,45,16,25,0,0,0,3,255,5,8,4,55,20,10,120,210,34,74,60,320,52,5,45,0,34,5,16,28,10,7,255,147,17,1302,4,21,0,0,
~35,4,22,45,16,25,0,0,0,3,255,5,8,4,55,20,10,120,210,34,74,60,320,52,5,45,35,34,5,16,28,10,7,255,145,14,1409,3,43,0,0,
~35,4,22,45,16,25,0,0,0,3,255,5,8,4,55,20,10,120,210,34,74,60,320,51,5,45,35,34,5,12,28,9,7,255,145,14,1409,3,43,0,0,
~35,4,22,45,16,25,0,0,0,3,255,5,8,4,55,20,10,120,210,34,74,60,320,51,5,45,0,34,5,12,28,9,7,255,151,14,1409,3,43,0,0,
~35,4,22,45,16,25,0,0,0,3,255,5,8,4,55,20,10,120,210,34,74,60,320,52,5,45,0,34,5,13,28,9,7,255,151,14,1409,3,43,0,0,
~35,4,22,45,16,25,0,0,0,3,255,5,8,4,55,20,10,120,210,34,74,60,320,52,5,45,22,25,5,15,28,9,7,255,144,11,1230,3,36,0,0,
~35,4,22,45,16,25,0,0,0,3,255,5,8,4,55,20,10,120,210,34,74,60,320,49,5,45,22,25,5,15,28,9,7,255,144,11,1230,3,36,0,0,
~35,4,22,45,16,25,0,0,0,3,255,5,8,4,55,20,10,120,210,34,74,60,320,49,5,45,8,28,5,14,28,9,7,255,145,12,1157,3,25,0,0,
~35,4,22,45,16,25,0,0,0,3,255,5,8,4,55,20,10,120,210,34,74,60,320,49,5,45,8,28,5,16,28,10,7,255,145,12,1157,3,25,0,0,
~35,4,22,45,16,25,0,0,0,3,255,5,8,4,55,20,10,120,210,34,74,60,320,49,5,45,18,20,5,16,28,10,7,255,145,10,1439,2,51,0,0,
~35,4,22,45,16,25,0,0,0,3,255,5,8,4,55,20,10,120,210,34,74,60,320,49,5,45,18,20,5,16,28,10,7,255,145,10,1439,2,51,0,0,
~35,4,22,45,16,25,0,0,0,3,255,5,8,4,55,20,10,120,210,34,74,60,320,49,5,45,18,18,5,16,28,10,7,255,147,9,1713,2,64,0,0,
~35,4,22,45,16,25,0,0,0,3,255,5,8,4,55,20,10,120,210,34,74,60,320,50,5,45,18,18,5,17,28,11,7,255,147,9,1713,2,64,0,0,
~35,4,22,45,16,25,0,0,0,3,255,5,8,4,55,20,10,120,210,34,74,60,320,47,5,45,15,31,5,14,28,10,7,255,140,13,1640,3,50,0,0,
~35,4,22,45,16,25,0,0,0,3,255,5,8,4,55,20,10,120,210,34,74,60,320,47,5,45,47,31,5,14,28,10,7,255,139,15,1360,4,45,0,0,
~35,4,22,45,16,25,0,0,0,3,255,5,8,4,55,20,10,120,210,34,74,60,320,47,5,45,47,31,5,15,28,10,7,255,139,15,1360,4,45,0,0,
~35,4,22,45,16,25,0,0,0,3,255,5,8,4,55,20,10,120,210,34,74,60,320,47,5,45,52,31,5,15,28,10,7,255,139,15,1360,4,45,0,0,
~35,4,22,45,16,25,0,0,0,3,255,5,8,4,55,20,10,120,210,34,74,60,320,47,5,22,52,31,5,18,28,11,7,255,139,15,1360,4,45,0,0,
~35,4,22,45,16,25,0,0,0,3,255,5,8,4,55,20,10,120,210,34,74,60,320,47,5,22,32,41,5,18,28,12,7,255,133,15,1424,3,42,0,0,
~35,4,22,45,16,25,0,0,0,3,255,5,8,4,55,20,10,120,210,34,74,60,320,45,5,45,32,41,5,18,28,12,7,255,133,15,1424,3,42,0,0,
~35,4,22,45,16,25,0,0,0,3,255,5,8,4,55,20,10,120,210,34,74,60,320,45,5,45,-8,34,5,17,28,12,7,255,138,17,1578,3,37,0,0,
~35,4,22,45,16,25,0,0,0,3,255,5,8,4,55,20,10,120,210,34,74,60,320,46,5,41,-8,34,5,17,28,12,7,255,138,17,1578,3,37,0,0,
~35,4,22,45,16,25,0,0,0,3,255,5,8,4,55,20,10,120,210,34,74,60,320,46,5,45,62,19,5,19,28,13,7,255,140,24,2241,3,25,0,0,
~35,4,22,45,16,25,0,0,0,3,255,5,8,4,55,20,10,120,210,34,74,60,320,46,5,45,62,19,5,17,28,12,7,255,140,24,2241,3,25,0,0,
~35,4,22,45,16,25,0,0,0,3,255,5,8,4,55,20,10,120,210,34,74,60,320,46,5,19,81,41,5,17,28,12,7,255,146,25,1797,4,31,0,0,
~35,4,22,45,16,25,0,0,0,3,255,5,8,4,55,20,10,120,210,34,74,60,320,48,5,19,81,41,5,21,28,14,7,255,146,25,1797,4,31,0,0,
~35,4,22,45,16,25,0,0,0,3,255,5,8,4,55,20,10,120,210,34,74,60,320,48,5,45,48,41,5,15,28,12,7,255,144,22,1721,3,28,0,0,
~35,4,22,45,16,25,0,0,0,3,255,5,8,4,55,20,10,120,210,34,74,60,320,47,5,45,48,41,5,15,28,12,7,255,144,22,1721,3,28,0,0,
~35,4,22,45,16,25,0,0,0,3,255,5,8,4,55,20,10,120,210,34,74,60,320,47,5,45,39,33,5,14,28,11,7,255,148,21,1724,3,19,0,0,
~35,4,22,45,16,25,0,0,0,3,255,5,8,4,55,20,10,120,210,34,74,60,320,48,5,45,39,33,5,14,28,11,7,255,148,21,1724,3,19,0,0,
~35,4,22,45,16,25,0,0,0,3,255,5,8,4,55,20,10,120,210,34,74,60,320,48,5,45,0,21,5,14,28,11,7,255,143,17,1468,2,25,0,0,
~35,4,22,45,16,25,0,0,0,3,255,5,8,4,55,20,10,120,210,34,74,60,320,46,5,45,0,21,5,13,28,10,7,255,143,17,1468,2,25,0,0,
~35,4,22,45,16,25,0,0,0,3,255,5,8,4,55,20,10,120,210,34,74,60,320,46,5,45,4,21,5,13,28,10,7,255,143,17,1468,2,25,0,0,
~35,4,22,45,16,25,0,0,0,3,255,5,8,4,55,20,10,120,210,34,74,60,320,46,5,45,4,21,5,14,28,9,7,255,143,17,1468,2,25,0,0,
~35,4,22,45,16,25,0,0,0,3,255,5,8,4,55,20,10,120,210,34,74,60,320,46,5,45,55,17,5,14,28,9,7,255,137,19,1483,3,52,0,0,
~35,4,22,45,16,25,0,0,0,3,255,5,8,4,55,20,10,120,210,34,74,60,320,44,5,45,55,17,5,16,28,10,7,255,137,19,1483,3,52,0,0,
~35,4,22,45,16,25,0,0,0,3,255,5,8,4,55,20,10,120,210,34,74,60,320,44,5,24,65,33,5,18,28,11,7,255,140,24,1277,4,29,0,0,
~35,4,22,45,16,25,0,0,0,3,255,5,8,4,55,20,10,120,210,34,74,60,320,46,5,45,55,28,5,18,28,11,7,255,142,24,1707,3,29,0,0,
~35,4,22,45,16,25,0,0,0,3,255,5,8,4,55,20,10,120,210,34,74,60,320,47,5,30,55,28,5,16,28,11,7,255,142,24,1707,3,29,0,0,
~35,4,22,45,16,25,0,0,0,3,255,5,8,4,55,20,10,120,210,34,74,60,320,47,5,30,0,28,5,16,28,11,7,255,138,27,1578,4,26,0,0,
~35,4,22,45,16,25,0,0,0,3,255,5,8,4,55,20,10,120,210,34,74,60,320,46,5,45,0,28,5,19,28,12,7,255,138,27,1578,4,26,0,0,
~35,4,22,45,16,25,0,0,0,3,255,5,8,4,55,20,10,120,210,34,74,60,320,46,5,45,48,23,5,15,28,11,7,255,137,25,1921,3,35,0,0,
~35,4,22,45,16,25,0,0,0,3,255,5,8,4,55,20,10,120,210,34,74,60,320,46,5,45,48,23,5,15,28,11,7,255,137,25,1921,3,35,0,0,
~35,4,22,45,16,25,0,0,0,3,255,5,8,4,55,20,10,120,210,34,74,60,320,46,5,45,0,20,5,17,28,12,7,255,130,28,1934,4,29,0,0,
~35,4,22,45,16,25,0,0,0,3,255,5,8,4,55,20,10,120,210,34,74,60,320,44,5,37,0,20,5,17,28,12,7,255,130,28,1934,4,29,0,0,
~35,4,22,45,16,25,0,0,0,3,255,5,8,4,55,20,10,120,210,34,74,60,320,44,5,45,67,42,5,19,28,12,7,255,130,31,1714,4,19,0,0,
~35,4,22,45,16,25,0,0,0,3,255,5,8,4,55,20,10,120,210,34,74,60,320,44,5,45,67,42,5,20,28,13,7,255,130,31,1714,4,19,0,0,
~35,4,22,45,16,25,0,0,0,3,255,5,8,4,55,20,10,120,210,34,74,60,320,44,5,40,55,35,5,20,28,13,7,255,137,32,2007,4,13,0,0,
~35,4,22,45,16,25,0,0,0,3,255,5,8,4,55,20,10,120,210,34,74,60,320,46,5,40,55,35,5,16,28,12,7,255,137,32,2007,4,13,0,0,
~35,4,22,45,16,25,0,0,0,3,255,5,8,4,55,20,10,120,210,34,74,60,320,46,5,45,37,27,5,16,28,12,7,255,130,29,1773,3,22,0,0,
~35,4,22,45,16,25,0,0,0,3,255,5,8,4,55,20,10,120,210,34,74,60,320,44,5,45,37,27,5,16,28,12,7,255,130,29,1773,3,22,0,0,
~35,4,22,45,16,25,0,0,0,3,255,5,8,4,55,20,10,120,210,34,74,60,320,44,5,45,33,27,5,17,28,12,7,255,129,28,1575,3,32,0,0,
~35,4,22,45,16,25,0,0,0,3,255,5,8,4,55,20,10,120,210,34,74,60,320,44,5,45,33,27,5,17,28,12,7,255,129,28,1575,3,32,0,0,
~35,4,22,45,16,25,0,0,0,3,255,5,8,4,55,20,10,120,210,34,74,60,320,44,5,45,-6,35,5,17,28,12,7,255,133,28,1502,3,27,0,0,
~35,4,22,45,16,25,0,0,0,3,255,5,8,4,55,20,10,120,210,34,74,60,320,46,5,45,-6,35,5,17,28,12,7,255,133,28,1502,3,27,0,0,
~35,4,22,45,16,25,0,0,0,3,255,5,8,4,55,20,10,120,210,34,74,60,320,46,5,45,9,37,5,17,28,12,7,255,137,25,1534,3,33,0,0,
~35,4,22,45,16,25,0,0,0,3,255,5,8,4,55,20,10,120,210,34,74,60,320,47,5,45,9,37,5,16,28,12,7,255,137,25,1534,3,33,0,0,
~35,4,22,45,16,25,0,0,0,3,255,5,8,4,55,20,10,120,210,34,74,60,320,47,5,45,0,44,5,16,28,12,7,255,142,23,1451,3,25,0,0,
~35,4,22,45,16,25,0,0,0,3,255,5,8,4,55,20,10,120,210,34,74,60,320,48,5,45,0,44,5,12,28,10,7,255,142,23,1451,3,25,0,0,
~35,4,22,45,16,25,0,0,0,3,255,5,8,4,55,20,10,120,210,34,74,60,320,48,5,45,34,30,5,12,28,9,7,255,143,18,1453,4,40,0,0,
~35,4,22,45,16,25,0,0,0,3,255,5,8,4,55,20,10,120,210,34,74,60,320,48,5,45,34,30,5,12,28,9,7,255,143,18,1453,4,40,0,0,
~35,4,22,45,16,25,0,0,0,3,255,5,8,4,55,20,10,120,210,34,74,60,320,48,5,45,40,33,5,13,28,9,7,255,143,16,1139,4,32,0,0,
~35,4,22,45,16,25,0,0,0,3,255,5,8,4,55,20,10,120,210,34,74,60,320,48,5,45,33,33,5,13,28,9,7,255,149,16,1139,4,32,0,0,
~35,4,22,45,16,25,0,0,0,3,255,5,8,4,55,20,10,120,210,34,74,60,320,50,5,39,33,33,5,15,28,9,7,255,149,16,1139,4,32,0,0,
~35,4,22,45,16,25,0,0,0,3,255,5,8,4,55,20,10,120,210,34,74,60,320,50,5,39,0,33,5,18,28,10,7,255,144,16,1139,4,32,0,0,
~35,4,22,45,16,25,0,0,0,3,255,5,8,4,55,20,10,120,210,34,74,60,320,48,5,24,0,33,5,18,28,10,7,255,144,16,1139,4,32,0,0,
~35,4,22,45,16,25,0,0,0,3,255,5,8,4,55,20,10,120,210,34,74,60,320,48,5,24,27,48,5,20,28,12,7,255,141,17,1200,4,27,0,0,
~35,4,22,45,16,25,0,0,0,3,255,5,8,4,55,20,10,120,210,34,74,60,320,47,5,45,27,48,5,20,28,12,7,255,141,17,1200,4,27,0,0,
~35,4,22,45,16,25,0,0,0,3,255,5,8,4,55,20,10,120,210,34,74,60,320,47,5,45,6,48,5,15,28,11,7,255,145,17,1200,4,27,0,0,
~35,4,22,45,16,25,0,0,0,3,255,5,8,4,55,20,10,120,210,34,74,60,320,47,5,45,6,48,5,16,28,11,7,255,145,17,1200,4,27,0,0,
~35,4,22,45,16,25,0,0,0,3,255,5,8,4,55,20,10,120,210,34,74,60,320,47,5,45,36,47,5,16,28,11,7,255,143,12,1103,3,24,0,0,
~35,4,22,45,16,25,0,0,0,3,255,5,8,4,55,20,10,120,210,34,74,60,320,46,5,45,36,47,5,13,28,10,7,255,143,12,1103,3,24,0,0,
~35,4,22,45,16,25,0,0,0,3,255,5,8,4,55,20,10,120,210,34,74,60,320,46,5,45,39,31,5,13,28,9,7,255,154,12,1180,4,32,0,0,
~35,4,22,45,16,25,0,0,0,3,255,5,8,4,55,20,10,120,210,34,74,60,320,48,5,45,39,31,5,13,28,9,7,255,154,12,1180,4,32,0,0,
~35,4,22,45,16,25,0,0,0,3,255,5,8,4,55,20,10,120,210,34,74,60,320,48,5,45,0,26,5,14,28,9,7,255,155,14,1346,4,21,0,0,
~35,4,22,45,16,25,0,0,0,3,255,5,8,4,55,20,10,120,210,34,74,60,320,48,5,45,0,26,5,14,28,9,7,255,155,14,1346,4,21,0,0,
~35,4,22,45,16,25,0,0,0,3,255,5,8,4,55,20,10,120,210,34,74,60,320,48,5,45,24,37,5,18,28,11,7,255,161,15,1167,4,30,0,0,
~35,4,22,45,16,25,0,0,0,3,255,5,8,4,55,20,10,120,210,34,74,60,320,50,5,45,24,37,5,15,28,10,7,255,161,15,1167,4,30,0,0,
~35,4,22,45,16,25,0,0,0,3,255,5,8,4,55,20,10,120,210,34,74,60,320,50,5,45,17,30,5,15,28,10,7,255,163,14,1406,3,26,0,0,
~35,4,22,45,16,25,0,0,0,3,255,5,8,4,55,20,10,120,210,34,74,60,320,51,5,45,17,30,5,15,28,10,7,255,163,14,1406,3,26,0,0,
~35,4,22,45,16,25,0,0,0,3,255,5,8,4,55,20,10,120,210,34,74,60,320,51,5,41,17,20,5,15,28,10,7,255,159,16,1631,3,31,0,0,
~35,4,22,45,16,25,0,0,0,3,255,5,8,4,55,20,10,120,210,34,74,60,320,50,5,41,17,20,5,21,28,12,7,255,159,16,1631,3,31,0,0,
~35,4,22,45,16,25,0,0,0,3,255,5,8,4,55,20,10,120,210,34,74,60,320,50,5,43,50,41,5,14,28,11,7,255,156,17,1481,3,40,0,0,
~35,4,22,45,16,25,0,0,0,3,255,5,8,4,55,20,10,120,210,34,74,60,320,49,5,43,50,41,5,14,28,11,7,255,156,17,1481,3,40,0,0,
~35,4,22,45,16,25,0,0,0,3,255,5,8,4,55,20,10,120,210,34,74,60,320,49,5,45,0,34,5,14,28,10,7,255,161,15,1379,3,45,0,0,
~35,4,22,45,16,25,0,0,0,3,255,5,8,4,55,20,10,120,210,34,74,60,320,50,5,45,15,29,5,14,28,10,7,255,157,12,1201,3,40,0,0,
~35,4,22,45,16,25,0,0,0,3,255,5,8,4,55,20,10,120,210,34,74,60,320,49,5,45,15,29,5,13,28,10,7,255,157,12,1201,3,40,0,0,
~35,4,22,45,16,25,0,0,0,3,255,5,8,4,55,20,10,120,210,34,74,60,320,49,5,45,54,41,5,17,28,10,7,255,160,13,1011,4,37,0,0,
~35,4,22,45,16,25,0,0,0,3,255,5,8,4,55,20,10,120,210,34,74,60,320,50,5,45,54,41,5,17,28,10,7,255,160,13,1011,4,37,0,0,
~35,4,22,45,16,25,0,0,0,3,255,5,8,4,55,20,10,120,210,34,74,60,320,50,5,45,16,24,5,11,28,9,7,255,159,10,1352,3,43,0,0,
~35,4,22,45,16,25,0,0,0,3,255,5,8,4,55,20,10,120,210,34,74,60,320,49,5,45,16,24,5,11,28,9,7,255,159,10,1352,3,43,0,0,
~35,4,22,45,16,25,0,0,0,3,255,5,8,4,55,20,10,120,210,34,74,60,320,49,5,45,28,22,5,13,28,9,6,255,168,13,1047,4,19,0,0,
~35,4,22,45,16,25,0,0,0,3,255,5,8,4,55,20,10,120,210,34,74,60,320,52,5,45,28,22,5,15,28,9,7,255,168,13,1047,4,19,0,0,
~35,4,22,45,16,25,0,0,0,3,255,5,8,4,55,20,10,120,210,34,74,60,320,52,5,45,0,31,5,15,28,9,7,255,168,15,1115,4,19,0,0,
~35,4,22,45,16,25,0,0,0,3,255,5,8,4,55,20,10,120,210,34,74,60,320,52,5,45,0,31,5,12,28,8,7,255,168,15,1115,4,19,0,0,
~35,4,22,45,16,25,0,0,0,3,255,5,8,4,55,20,10,120,210,34,74,60,320,52,5,45,19,29,5,12,28,8,7,255,166,14,1009,4,32,0,0,
~35,4,22,45,16,25,0,0,0,3,255,5,8,4,55,20,10,120,210,34,74,60,320,51,5,30,19,29,5,17,28,10,7,255,166,14,1009,4,32,0,0,
~35,4,22,45,16,25,0,0,0,3,255,5,8,4,55,20,10,120,210,34,74,60,320,51,5,30,0,41,5,20,28,11,7,255,163,16,1192,4,33,0,0,
~35,4,22,45,16,25,0,0,0,3,255,5,8,4,55,20,10,120,210,34,74,60,320,50,5,45,0,41,5,20,28,11,7,255,163,16,1192,4,33,0,0,
~35,4,22,45,16,25,0,0,0,3,255,5,8,4,55,20,10,120,210,34,74,60,320,50,5,45,5,32,5,16,28,11,7,255,167,14,1864,2,42,0,0,
~35,4,22,45,16,25,0,0,0,3,255,5,8,4,55,20,10,120,210,34,74,60,320,51,5,45,5,32,5,16,28,11,7,255,167,14,1864,2,42,0,0,
~35,4,22,45,16,25,0,0,0,3,255,5,8,4,55,20,10,120,210,34,74,60,320,51,5,45,16,32,5,16,28,11,7,255,175,16,1666,3,32,0,0,
~35,4,22,45,16,25,0,0,0,3,255,5,8,4,55,20,10,120,210,34,74,60,320,53,5,45,16,32,5,16,28,11,7,255,175,16,1666,3,32,0,0,
~35,4,22,45,16,25,0,0,0,3,255,5,8,4,55,20,10,120,210,34,74,60,320,53,5,24,71,45,5,16,28,11,7,255,176,16,1428,3,27,0,0,
~35,4,22,45,16,25,0,0,0,3,255,5,8,4,55,20,10,120,210,34,74,60,320,53,5,24,71,45,5,19,28,12,7,255,176,16,1428,3,27,0,0,
~35,4,22,45,16,25,0,0,0,3,255,5,8,4,55,20,10,120,210,34,74,60,320,53,5,45,50,38,5,19,28,12,7,255,176,17,1609,3,19,0,0,
~35,4,22,45,16,25,0,0,0,3,255,5,8,4,55,20,10,120,210,34,74,60,320,53,5,45,50,38,5,16,28,12,6,255,176,17,1609,3,19,0,0,
~35,4,22,45,16,25,0,0,0,3,255,5,8,4,55,20,10,120,210,34,74,60,320,53,5,45,60,30,5,17,28,12,7,255,177,19,1583,3,27,0,0,
~35,4,22,45,16,25,0,0,0,3,255,5,8,4,55,20,10,120,210,34,74,60,320,53,5,45,0,32,5,17,28,12,7,255,180,21,1621,4,20,0,0,
~35,4,22,45,16,25,0,0,0,3,255,5,8,4,55,20,10,120,210,34,74,60,320,54,5,45,0,32,5,16,28,12,7,255,180,21,1621,4,20,0,0,
~35,4,22,45,16,25,0,0,0,3,255,5,8,4,55,20,10,120,210,34,74,60,320,54,5,45,16,30,5,15,28,11,7,255,176,18,1484,3,34,0,0,
~35,4,22,45,16,25,0,0,0,3,255,5,8,4,55,20,10,120,210,34,74,60,320,52,5,45,16,30,5,15,28,11,7,255,176,18,1484,3,34,0,0,
~35,4,22,45,16,25,0,0,0,3,255,5,8,4,55,20,10,120,210,34,74,60,320,52,5,45,18,20,5,13,28,10,7,255,179,14,1381,2,38,0,0,
~35,4,22,45,16,25,0,0,0,3,255,5,8,4,55,20,10,120,210,34,74,60,320,53,5,45,18,20,5,13,28,10,7,255,179,14,1381,2,38,0,0,
~35,4,22,45,16,25,0,0,0,3,255,5,8,4,55,20,10,120,210,34,74,60,320,53,5,45,0,31,5,15,28,10,7,255,177,14,1187,3,37,0,0,
~35,4,22,45,16,25,0,0,0,3,255,5,8,4,55,20,10,120,210,34,74,60,320,54,5,45,0,31,5,14,28,10,7,255,177,14,1187,3,37,0,0,
~35,4,22,45,16,25,0,0,0,3,255,5,8,4,55,20,10,120,210,34,74,60,320,54,5,45,7,26,5,14,28,10,7,255,176,12,1050,2,56,0,0,
~35,4,22,45,16,25,0,0,0,3,255,5,8,4,55,20,10,120,210,34,74,60,320,54,5,45,7,26,5,14,28,9,6,255,176,12,1050,2,56,0,0,
~35,4,22,45,16,25,0,0,0,3,255,5,8,4,55,20,10,120,210,34,74,60,320,54,5,45,11,21,5,14,28,9,6,255,171,10,1013,2,41,0,0,
~35,4,22,45,16,25,0,0,0,3,255,5,8,4,55,20,10,120,210,34,74,60,320,53,5,45,11,21,5,15,28,10,6,255,171,10,1013,2,41,0,0,
~35,4,22,45,16,25,0,0,0,3,255,5,8,4,55,20,10,120,210,34,74,60,320,53,5,45,20,20,5,16,28,10,7,255,167,9,1283,2,59,0,0,
~35,4,22,45,16,25,0,0,0,3,255,5,8,4,55,20,10,120,210,34,74,60,320,52,5,45,20,20,5,16,28,10,7,255,167,9,1283,2,59,0,0,
~35,4,22,45,16,25,0,0,0,3,255,5,8,4,55,20,10,120,210,34,74,60,320,52,5,45,54,16,5,15,28,10,7,255,169,15,2057,3,44,0,0,
~35,4,22,45,16,25,0,0,0,3,255,5,8,4,55,20,10,120,210,34,74,60,320,53,5,21,54,16,5,15,28,10,7,255,169,15,2057,3,44,0,0,
~35,4,22,45,16,25,0,0,0,3,255,5,8,4,55,20,10,120,210,34,74,60,320,53,5,21,2,37,5,19,28,11,6,255,170,19,1673,4,42,0,0,
~35,4,22,45,16,25,0,0,0,3,255,5,8,4,55,20,10,120,210,34,74,60,320,54,5,45,2,37,5,14,28,11,6,255,170,19,1673,4,42,0,0,
~35,4,22,45,16,25,0,0,0,3,255,5,8,4,55,20,10,120,210,34,74,60,320,54,5,45,0,37,5,14,28,11,6,255,166,19,1673,4,42,0,0,
~35,4,22,45,16,25,0,0,0,3,255,5,8,4,55,20,10,120,210,34,74,60,320,53,5,45,0,37,5,19,28,12,7,255,166,19,1673,4,42,0,0,
~35,4,22,45,16,25,0,0,0,3,255,5,8,4,55,20,10,120,210,34,74,60,320,53,5,45,52,34,5,15,28,11,7,255,166,20,1790,4,39,0,0,
~35,4,22,45,16,25,0,0,0,3,255,5,8,4,55,20,10,120,210,34,74,60,320,53,5,45,52,34,5,15,28,11,7,255,166,20,1790,4,39,0,0,
~35,4,22,45,16,25,0,0,0,3,255,5,8,4,55,20,10,120,210,34,74,60,320,53,5,43,67,27,5,19,28,12,7,255,155,24,1771,5,36,0,0,
~35,4,22,45,16,25,0,0,0,3,255,5,8,4,55,20,10,120,210,34,74,60,320,51,5,23,67,27,5,19,28,12,7,255,155,24,1771,5,36,0,0,
~35,4,22,45,16,25,0,0,0,3,255,5,8,4,55,20,10,120,210,34,74,60,320,50,5,45,79,45,5,20,28,13,7,255,151,26,1558,5,28,0,0,
~35,4,22,45,16,25,0,0,0,3,255,5,8,4,55,20,10,120,210,34,74,60,320,50,5,45,0,44,5,13,28,11,7,255,149,23,1810,4,32,0,0,
~35,4,22,45,16,25,0,0,0,3,255,5,8,4,55,20,10,120,210,34,74,60,320,49,5,45,0,44,5,13,28,11,7,255,149,23,1810,4,32,0,0,
~35,4,22,45,16,25,0,0,0,3,255,5,8,4,55,20,10,120,210,34,74,60,320,49,5,45,0,34,5,14,28,11,7,255,143,23,1716,4,27,0,0,
~35,4,22,45,16,25,0,0,0,3,255,5,8,4,55,20,10,120,210,34,74,60,320,47,5,45,0,34,5,14,28,11,7,255,143,23,1716,4,27,0,0,
~35,4,22,45,16,25,0,0,0,3,255,5,8,4,55,20,10,120,210,34,74,60,320,47,5,45,67,29,5,17,28,11,7,255,143,25,1664,5,15,0,0,
~35,4,22,45,16,25,0,0,0,3,255,5,8,4,55,20,10,120,210,34,74,60,320,47,5,45,67,29,5,18,28,12,7,255,143,25,1664,5,15,0,0,
~35,4,22,45,16,25,0,0,0,3,255,5,8,4,55,20,10,120,210,34,74,60,320,47,5,28,85,44,5,18,28,12,7,255,145,25,1578,4,18,0,0,
~35,4,22,45,16,25,0,0,0,3,255,5,8,4,55,20,10,120,210,34,74,60,320,47,4,28,85,44,4,21,28,13,7,255,145,25,1578,4,18,0,0,
~35,4,22,45,16,25,0,0,0,3,255,5,8,4,55,20,10,120,210,34,74,60,320,47,4,45,49,41,4,21,28,13,7,255,140,24,1879,4,31,0,0,
~35,4,22,45,16,25,0,0,0,3,255,5,8,4,55,20,10,120,210,34,74,60,320,46,5,45,49,41,5,15,28,12,7,255,140,24,1879,4,31,0,0,
~35,4,22,45,16,25,0,0,0,3,255,5,8,4,55,20,10,120,210,34,74,60,320,46,5,45,52,32,5,15,28,12,7,255,141,26,1792,4,24,0,0,
~35,4,22,45,16,25,0,0,0,3,255,5,8,4,55,20,10,120,210,34,74,60,320,46,5,43,52,32,5,15,28,12,7,255,141,26,1792,4,24,0,0,
~35,4,22,45,16,25,0,0,0,3,255,5,8,4,55,20,10,120,210,34,74,60,320,46,5,43,0,25,5,17,28,12,7,255,138,29,1810,5,24,0,0,
~35,4,22,45,16,25,0,0,0,3,255,5,8,4,55,20,10,120,210,34,74,60,320,45,5,44,0,25,5,17,28,12,7,255,138,29,1810,5,24,0,0,
~35,4,22,45,16,25,0,0,0,3,255,5,8,4,55,20,10,120,210,34,74,60,320,45,5,44,15,21,5,20,28,13,7,255,137,26,2138,3,24,0,0,
~35,4,22,45,16,25,0,0,0,3,255,5,8,4,55,20,10,120,210,34,74,60,320,45,5,42,15,21,5,18,28,13,7,255,137,26,2138,3,24,0,0,
~35,4,22,45,16,25,0,0,0,3,255,5,8,4,55,20,10,120,210,34,74,60,320,45,5,45,0,21,5,18,28,13,7,255,130,26,2138,3,24,0,0,
~35,4,22,45,16,25,0,0,0,3,255,5,8,4,55,20,10,120,210,34,74,60,320,43,5,45,0,21,5,20,28,14,7,255,130,26,2138,3,24,0,0,
~35,4,22,45,16,25,0,0,0,3,255,5,8,4,55,20,10,120,210,34,74,60,320,43,5,45,63,52,5,20,28,14,7,255,124,27,1610,4,16,0,0,
~30,2,15,40,10,21,0,0,0,1,0,5,6,4,25,20,10,70,150,0,300,0,18000,29,2,40,48,47,2,10,24,8,3,0,150,1,1068,6,10,0,0,
~30,2,15,40,10,21,0,0,0,1,0,5,6,4,25,20,10,70,150,0,300,0,18000,29,2,40,47,47,2,10,24,8,3,0,153,1,1074,6,10,0,0,
~30,2,15,40,10,21,0,0,0,1,0,5,6,4,25,20,10,70,150,0,300,0,18000,29,2,40,47,47,2,10,24,8,3,0,153,1,1074,6,10,0,0,
~30,2,15,40,10,21,0,0,0,1,0,5,6,4,25,20,10,70,150,0,300,0,18000,29,2,40,49,47,2,10,24,8,3,0,155,1,1093,6,11,0,0,
~30,2,15,40,10,21,0,0,0,1,0,5,6,4,25,20,10,70,150,0,300,0,18000,29,2,40,47,47,2,10,24,8,3,0,157,1,1089,6,10,0,0,
~30,2,15,40,10,21,0,0,0,1,0,5,6,4,25,20,10,70,150,0,300,0,18000,29,2,40,47,47,2,10,24,8,3,0,157,1,1089,6,10,0,0,
~30,2,15,40,10,21,0,0,0,1,0,5,6,4,25,20,10,70,150,0,300,0,18000,29,2,40,48,47,2,10,24,8,3,0,156,1,1083,6,11,0,0,
~30,2,15,40,10,21,0,0,0,1,0,5,6,4,25,20,10,70,150,0,300,0,18000,29,2,40,48,47,2,10,24,8,3,0,156,1,1083,6,11,0,0,
~30,2,15,40,10,21,0,0,0,1,0,5,6,4,25,20,10,70,150,0,300,0,18000,29,2,40,48,47,2,10,24,8,3,0,146,1,1106,6,11,0,0,
~30,2,15,40,10,21,0,0,0,1,0,5,6,4,25,20,10,70,150,0,300,0,18000,28,2,40,48,47,2,10,24,8,3,0,146,1,1106,6,11,0,0,
~30,2,15,40,10,21,0,0,0,1,0,5,6,4,25,20,10,70,150,0,300,0,18000,28,2,40,48,47,2,10,24,8,3,0,144,1,1090,6,11,0,0,
~30,2,15,40,10,21,0,0,0,1,0,5,6,4,25,20,10,70,150,0,300,0,18000,28,2,40,48,47,2,10,24,8,3,0,144,1,1090,6,11,0,0,
~30,2,15,40,10,21,0,0,0,1,0,5,6,4,25,20,10,70,150,0,300,0,18000,28,2,40,49,47,2,10,24,8,3,0,149,1,1109,6,11,0,0,
~30,2,15,40,10,21,0,0,0,1,0,5,6,4,25,20,10,70,150,0,300,0,18000,29,2,40,49,47,2,10,24,8,3,0,149,1,1109,6,11,0,0,
~30,2,15,40,10,21,0,0,0,1,0,5,6,4,25,20,10,70,150,0,300,0,18000,29,2,40,48,47,2,10,24,8,3,0,148,1,1083,6,11,0,0,
~30,2,15,40,10,21,0,0,0,1,0,5,6,4,25,20,10,70,150,0,300,0,18000,29,2,40,48,47,2,10,24,8,3,0,148,1,1083,6,11,0,0,
~30,2,15,40,10,21,0,0,0,1,0,5,6,4,25,20,10,70,150,0,300,0,18000,29,2,40,46,46,2,10,24,8,3,0,147,1,1090,6,10,0,0,
~30,2,15,40,10,21,0,0,0,1,0,5,6,4,25,20,10,70,150,0,300,0,18000,29,2,40,46,46,2,10,24,8,3,0,147,1,1090,6,10,0,0,
~30,2,15,40,10,21,0,0,0,1,0,5,6,4,25,20,10,70,150,0,300,0,18000,29,2,40,47,46,2,10,24,8,3,0,146,1,1089,6,10,0,0,
~30,2,15,40,10,21,0,0,0,1,0,5,6,4,25,20,10,70,150,0,300,0,18000,29,2,40,47,46,2,10,24,8,3,0,146,1,1089,6,10,0,0,
~30,2,15,40,10,21,0,0,0,1,0,5,6,4,25,20,10,70,150,0,300,0,18000,29,2,40,48,45,2,10,24,8,3,0,146,2,1089,6,10,0,0,
~30,2,15,40,10,21,0,0,0,1,0,5,6,4,25,20,10,70,150,0,300,0,18000,29,2,40,48,45,2,10,24,8,3,0,146,2,1089,6,10,0,0,
~30,2,15,40,10,21,0,0,0,1,0,5,6,4,25,20,10,70,150,0,300,0,18000,29,2,40,47,46,2,10,24,8,3,0,146,2,1078,6,11,0,0,
~30,2,15,40,10,21,0,0,0,1,0,5,6,4,25,20,10,70,150,0,300,0,18000,29,2,40,47,46,2,10,24,8,3,0,146,2,1078,6,11,0,0,
~30,2,15,40,10,21,0,0,0,1,0,5,6,4,25,20,10,70,150,0,300,0,18000,29,2,40,48,46,2,10,24,8,3,0,145,2,1098,6,11,0,0,
~30,2,15,40,10,21,0,0,0,1,0,5,6,4,25,20,10,70,150,0,300,0,18000,29,2,40,48,46,2,10,24,8,3,0,145,2,1098,6,11,0,0,
~30,2,15,40,10,21,0,0,0,1,0,5,6,4,25,20,10,70,150,0,300,0,18000,29,2,40,49,45,2,10,24,8,3,0,145,2,1094,6,11,0,0,
~30,2,15,40,10,21,0,0,0,1,0,5,6,4,25,20,10,70,150,0,300,0,18000,29,2,40,49,45,2,10,24,8,3,0,145,2,1094,6,11,0,0,
~30,2,15,40,10,21,0,0,0,1,0,5,6,4,25,20,10,70,150,0,300,0,18000,29,2,40,46,45,2,10,24,8,3,0,140,2,1065,6,11,0,0,
~30,2,15,40,10,21,0,0,0,1,0,5,6,4,25,20,10,70,150,0,300,0,18000,28,2,40,48,46,2,10,24,8,3,0,140,2,1072,6,11,0,0,
~30,2,15,40,10,21,0,0,0,1,0,5,6,4,25,20,10,70,150,0,300,0,18000,28,2,40,48,46,2,10,24,8,3,0,140,2,1072,6,11,0,0,
~30,2,15,40,10,21,0,0,0,1,0,5,6,4,25,20,10,70,150,0,300,0,18000,28,2,40,47,46,2,10,24,8,3,0,144,2,1112,6,11,0,0,
~30,2,15,40,10,21,0,0,0,1,0,5,6,4,25,20,10,70,150,0,300,0,18000,29,2,40,47,46,2,10,24,8,3,0,144,2,1112,6,11,0,0,
~30,2,15,40,10,21,0,0,0,1,0,5,6,4,25,20,10,70,150,0,300,0,18000,29,2,40,48,46,2,10,24,8,3,0,141,2,1136,6,11,0,0,
~30,2,15,40,10,21,0,0,0,1,0,5,6,4,25,20,10,70,150,0,300,0,18000,29,2,40,48,46,2,10,24,8,3,0,141,2,1136,6,11,0,0,
~30,2,15,40,10,21,0,0,0,1,0,5,6,4,25,20,10,70,150,0,300,0,18000,29,2,40,47,46,2,10,24,8,3,0,146,2,1116,6,11,0,0,
~30,2,15,40,10,21,0,0,0,1,0,5,6,4,25,20,10,70,150,0,300,0,18000,30,2,40,47,46,2,10,24,8,3,0,146,2,1116,6,11,0,0,
~30,2,15,40,10,21,0,0,0,1,0,5,6,4,25,20,10,70,150,0,300,0,18000,30,2,40,47,46,2,10,24,8,3,0,143,2,1127,6,11,0,0,
~30,2,15,40,10,21,0,0,0,1,0,5,6,4,25,20,10,70,150,0,300,0,18000,30,2,40,47,46,2,10,24,8,3,0,143,2,1127,6,11,0,0,
~30,2,15,40,10,21,0,0,0,1,0,5,6,4,25,20,10,70,150,0,300,0,18000,30,2,40,47,46,2,10,24,8,3,0,142,2,1099,6,10,0,0,
~30,2,15,40,10,21,0,0,0,1,0,5,6,4,25,20,10,70,150,0,300,0,18000,30,2,40,47,46,2,10,24,8,3,0,142,2,1099,6,10,0,0,
~30,2,15,40,10,21,0,0,0,1,0,5,6,4,25,20,10,70,150,0,300,0,18000,30,2,40,48,46,2,10,24,8,3,0,141,2,1086,6,10,0,0,
~30,2,15,40,10,21,0,0,0,1,0,5,6,4,25,20,10,70,150,0,300,0,18000,30,2,40,48,46,2,10,24,8,3,0,141,2,1086,6,10,0,0,
~30,2,15,40,10,21,0,0,0,1,0,5,6,4,25,20,10,70,150,0,300,0,18000,30,2,40,47,46,2,10,24,8,3,0,140,2,1074,6,11,0,0,
~30,2,15,40,10,21,0,0,0,1,0,5,6,4,25,20,10,70,150,0,300,0,18000,30,2,40,47,46,2,10,24,8,3,0,140,2,1074,6,11,0,0,
~30,2,15,40,10,21,0,0,0,1,0,5,6,4,25,20,10,70,150,0,300,0,18000,30,2,40,47,46,2,10,24,8,3,0,139,2,1103,6,11,0,0,
~30,2,15,40,10,21,0,0,0,1,0,5,6,4,25,20,10,70,150,0,300,0,18000,30,2,40,47,46,2,10,24,8,3,0,139,2,1103,6,11,0,0,
~30,2,15,40,10,21,0,0,0,1,0,5,6,4,25,20,10,70,150,0,300,0,18000,30,2,40,47,46,2,10,24,8,3,0,139,2,1122,6,11,0,0,
~30,2,15,40,10,21,0,0,0,1,0,5,6,4,25,20,10,70,150,0,300,0,18000,30,2,40,47,46,2,10,24,8,3,0,139,2,1122,6,11,0,0,
~30,2,15,40,10,21,0,0,0,1,0,5,6,4,25,20,10,70,150,0,300,0,18000,30,2,40,48,45,2,10,24,8,3,0,139,2,1118,6,10,0,0,
~30,2,15,40,10,21,0,0,0,1,0,5,6,4,25,20,10,70,150,0,300,0,18000,30,2,40,48,45,2,10,24,8,3,0,139,2,1118,6,10,0,0,
~30,2,15,40,10,21,0,0,0,1,0,5,6,4,25,20,10,70,150,0,300,0,18000,30,2,40,46,45,2,10,24,8,3,0,138,2,1089,6,10,0,0,
~30,2,15,40,10,21,0,0,0,1,0,5,6,4,25,20,10,70,150,0,300,0,18000,30,2,40,46,45,2,10,24,8,3,0,138,2,1089,6,10,0,0,
~30,2,15,40,10,21,0,0,0,1,0,5,6,4,25,20,10,70,150,0,300,0,18000,30,2,40,49,46,2,10,24,8,3,0,138,3,1076,6,11,0,0,
~30,2,15,40,10,21,0,0,0,1,0,5,6,4,25,20,10,70,150,0,300,0,18000,30,2,40,47,46,2,10,24,8,3,0,138,3,1102,6,11,0,0,
~30,2,15,40,10,21,0,0,0,1,0,5,6,4,25,20,10,70,150,0,300,0,18000,30,2,40,47,46,2,10,24,8,3,0,138,3,1102,6,11,0,0,
~30,2,15,40,10,21,0,0,0,1,0,5,6,4,25,20,10,70,150,0,300,0,18000,30,2,40,0,50,2,10,24,8,3,0,138,2,1079,6,10,0,0,
~30,2,15,40,10,21,0,0,0,1,0,5,6,4,25,20,10,70,150,0,300,0,18000,30,2,40,0,50,2,10,24,8,3,0,138,2,1079,6,10,0,0,
~30,2,15,40,10,21,0,0,0,1,0,5,6,4,25,20,10,70,150,0,300,0,18000,30,2,40,3,39,2,10,24,8,3,0,143,2,1164,4,21,0,0,
~30,2,15,40,10,21,0,0,0,1,0,5,6,4,25,20,10,70,150,0,300,0,18000,31,2,40,3,39,2,10,24,8,3,0,143,2,1164,4,21,0,0,
~30,2,15,40,10,21,0,0,0,1,0,5,6,4,25,20,10,70,150,0,300,0,18000,31,2,40,275,93,2,9,24,8,3,0,142,12,1221,19,18,0,0,
~30,2,15,40,10,21,0,0,0,1,0,5,6,4,25,20,10,70,150,0,300,0,18000,31,2,40,275,93,2,9,24,8,3,0,142,12,1221,19,18,0,0,
~30,2,15,40,10,21,0,0,0,1,0,5,6,4,25,20,10,70,150,0,300,0,18000,31,2,40,1,93,2,9,24,7,3,0,158,12,1221,19,18,0,0,
~30,2,15,40,10,21,0,0,0,1,0,5,6,4,25,20,10,70,150,0,300,0,18000,32,2,40,1,93,2,9,24,7,3,0,158,12,1221,19,18,0,0,
~30,2,15,40,10,21,0,0,0,1,0,5,6,4,25,20,10,70,150,0,300,0,18000,32,2,40,322,183,2,9,24,7,3,0,153,15,1016,28,13,0,0,
~30,2,15,40,10,21,0,0,0,1,0,5,6,4,25,20,10,70,150,0,300,0,18000,31,2,40,322,183,2,9,24,7,3,0,153,15,1016,28,13,0,0,
~30,2,15,40,10,21,0,0,0,1,0,5,6,4,25,20,10,70,150,0,300,0,18000,31,1,40,6,240,1,9,24,8,3,0,167,17,882,35,10,0,0,
~30,2,15,40,10,21,0,0,0,1,0,5,6,4,25,20,10,70,150,0,300,0,18000,31,1,40,6,240,1,9,24,8,3,0,167,17,882,35,10,0,0,
~30,2,15,40,10,21,0,0,0,1,0,5,6,4,25,20,10,70,150,0,300,0,18000,31,1,40,406,165,1,9,24,8,3,0,186,21,1368,40,8,0,0,
~30,2,15,40,10,21,0,0,0,1,0,5,6,4,25,20,10,70,150,0,300,0,18000,31,1,41,406,165,1,9,24,8,3,0,186,21,1368,40,8,0,0,
~30,2,15,40,10,21,0,0,0,1,0,5,6,4,25,20,10,70,150,0,300,0,18000,31,2,41,2,165,2,9,24,7,3,0,198,21,1368,40,8,0,0,
~30,2,15,40,10,21,0,0,0,1,0,5,6,4,25,20,10,70,150,0,300,0,18000,31,2,40,2,165,2,9,24,7,3,0,198,21,1368,40,8,0,0,
~30,2,15,40,10,21,0,0,0,1,0,5,6,4,25,20,10,70,150,0,300,0,18000,30,2,40,343,194,2,10,24,8,3,0,193,23,1259,43,5,0,0,
~30,2,15,40,10,21,0,0,0,1,0,5,6,4,25,20,10,70,150,0,300,0,18000,30,2,40,343,194,2,10,24,8,3,0,193,23,1259,43,5,0,0,
~30,2,15,40,10,21,0,0,0,1,0,5,6,4,25,20,10,70,150,0,300,0,18000,30,1,40,0,146,1,11,24,8,3,0,208,21,1104,29,4,0,0,
~30,2,15,40,10,21,0,0,0,1,0,5,6,4,25,20,10,70,150,0,300,0,18000,30,1,40,0,146,1,11,24,8,3,0,208,21,1104,29,4,0,0,
~30,2,15,40,10,21,0,0,0,1,0,5,6,4,25,20,10,70,150,0,300,0,18000,30,2,40,38,126,2,10,24,8,3,0,218,19,1101,20,3,0,0,
~30,2,15,40,10,21,0,0,0,1,0,5,6,4,25,20,10,70,150,0,300,0,18000,30,2,40,91,114,2,10,24,8,3,0,226,17,999,17,3,0,0,
~30,2,15,40,10,21,0,0,0,1,0,5,6,4,25,20,10,70,150,0,300,0,18000,30,2,40,91,114,2,9,24,8,3,0,226,17,999,17,3,0,0,
~30,2,15,40,10,21,0,0,0,1,0,5,6,4,25,20,10,70,150,0,300,0,18000,30,2,40,0,204,2,9,24,8,3,0,233,20,962,32,4,0,0,
~30,2,15,40,10,21,0,0,0,1,0,5,6,4,25,20,10,70,150,0,300,0,18000,30,1,40,0,204,1,10,24,8,3,0,233,20,962,32,4,0,0,
~30,2,15,40,10,21,0,0,0,1,0,5,6,4,25,20,10,70,150,0,300,0,18000,30,1,40,0,204,1,10,24,8,3,0,248,20,962,32,4,0,0,
~30,2,15,40,10,21,0,0,0,1,0,5,6,4,25,20,10,70,150,0,300,0,18000,30,1,40,0,204,1,11,24,9,3,0,248,20,962,32,4,0,0,
~30,2,15,40,10,21,0,0,0,1,0,5,6,4,25,20,10,70,150,0,300,0,18000,30,1,40,0,204,1,11,24,9,3,0,244,20,962,32,4,0,0,
~30,2,15,40,10,21,0,0,0,1,0,5,6,4,25,20,10,70,150,0,300,0,18000,29,2,40,0,204,2,10,24,9,3,0,244,20,962,32,4,0,0,
~30,2,15,40,10,21,0,0,0,1,0,5,6,4,25,20,10,70,150,0,300,0,18000,29,2,40,27,174,2,10,24,8,3,0,239,18,1022,23,4,0,0,
~30,2,15,40,10,21,0,0,0,1,0,5,6,4,25,20,10,70,150,0,300,0,18000,28,2,40,27,174,2,10,24,8,3,0,239,18,1022,23,4,0,0,
~30,2,15,40,10,21,0,0,0,1,0,5,6,4,25,20,10,70,150,0,300,0,18000,28,2,40,78,158,2,10,24,8,3,0,252,16,1093,19,4,0,0,
~30,2,15,40,10,21,0,0,0,1,0,5,6,4,25,20,10,70,150,0,300,0,18000,28,2,40,78,158,2,10,24,8,3,0,252,16,1093,19,4,0,0,
~30,2,15,40,10,21,0,0,0,1,0,5,6,4,25,20,10,70,150,0,300,0,18000,28,2,40,48,138,2,10,24,8,3,0,263,15,1086,14,5,0,0,
~30,2,15,40,10,21,0,0,0,1,0,5,6,4,25,20,10,70,150,0,300,0,18000,28,2,40,48,138,2,10,24,8,3,0,263,15,1086,14,5,0,0,
~30,2,15,40,10,21,0,0,0,1,0,5,6,4,25,20,10,70,150,0,300,0,18000,28,2,40,51,126,2,10,24,8,3,0,273,13,1038,12,6,0,0,
~30,2,15,40,10,21,0,0,0,1,0,5,6,4,25,20,10,70,150,0,300,0,18000,28,2,40,51,126,2,10,24,8,3,0,273,13,1038,12,6,0,0,
~30,2,15,40,10,21,0,0,0,1,0,5,6,4,25,20,10,70,150,0,300,0,18000,28,2,40,53,118,2,10,24,8,3,0,281,12,1006,10,7,0,0,
~30,2,15,40,10,21,0,0,0,1,0,5,6,4,25,20,10,70,150,0,300,0,18000,28,2,40,53,118,2,10,24,8,3,0,281,12,1006,10,7,0,0,
~30,2,15,40,10,21,0,0,0,1,0,5,6,4,25,20,10,70,150,0,300,0,18000,28,2,40,0,118,2,11,24,8,3,0,288,12,1006,10,7,0,0,
~30,2,15,40,10,21,0,0,0,1,0,5,6,4,25,20,10,70,150,0,300,0,18000,28,2,40,0,118,2,11,24,8,3,0,288,12,1006,10,7,0,0,
~30,2,15,40,10,21,0,0,0,1,0,5,6,4,25,20,10,70,150,0,300,0,18000,28,2,40,57,118,2,10,24,8,3,0,283,12,1006,10,7,0,0,
~30,2,15,40,10,21,0,0,0,1,0,5,6,4,25,20,10,70,150,0,300,0,18000,27,2,40,57,118,2,10,24,8,3,0,283,12,1006,10,7,0,0,
~30,2,15,40,10,21,0,0,0,1,0,5,6,4,25,20,10,70,150,0,300,0,18000,27,2,40,58,92,2,10,24,8,3,0,279,11,1090,9,6,0,0,
~30,2,15,40,10,21,0,0,0,1,0,5,6,4,25,20,10,70,150,0,300,0,18000,26,2,40,58,92,2,10,24,8,3,0,279,11,1090,9,6,0,0,
~30,2,15,40,10,21,0,0,0,1,0,5,6,4,25,20,10,70,150,0,300,0,18000,26,2,40,48,75,2,10,24,8,3,0,283,9,1099,8,7,0,0,
~30,2,15,40,10,21,0,0,0,1,0,5,6,4,25,20,10,70,150,0,300,0,18000,26,2,40,48,66,2,10,24,8,3,0,286,8,1108,7,8,0,0,
~30,2,15,40,10,21,0,0,0,1,0,5,6,4,25,20,10,70,150,0,300,0,18000,26,2,40,48,66,2,10,24,8,3,0,286,8,1108,7,8,0,0,
~30,2,15,40,10,21,0,0,0,1,0,5,6,4,25,20,10,70,150,0,300,0,18000,26,2,40,50,60,2,10,24,8,3,0,288,8,1097,6,9,0,0,
~30,2,15,40,10,21,0,0,0,1,0,5,6,4,25,20,10,70,150,0,300,0,18000,26,2,40,50,60,2,10,24,8,3,0,288,8,1097,6,9,0,0,
~30,2,15,40,10,21,0,0,0,1,0,5,6,4,25,20,10,70,150,0,300,0,18000,26,2,40,49,55,2,10,24,8,3,0,290,7,1120,6,10,0,0,
~30,2,15,40,10,21,0,0,0,1,0,5,6,4,25,20,10,70,150,0,300,0,18000,26,2,40,49,55,2,10,24,8,3,0,290,7,1120,6,10,0,0,
~30,2,15,40,10,21,0,0,0,1,0,5,6,4,25,20,10,70,150,0,300,0,18000,26,2,40,48,52,2,10,24,8,3,0,291,6,1094,6,10,0,0,
~30,2,15,40,10,21,0,0,0,1,0,5,6,4,25,20,10,70,150,0,300,0,18000,26,2,40,48,52,2,10,24,8,3,0,291,6,1094,6,10,0,0,
~30,2,15,40,10,21,0,0,0,1,0,5,6,4,25,20,10,70,150,0,300,0,18000,26,2,40,48,51,2,10,24,8,3,0,291,5,1111,6,10,0,0,
~30,2,15,40,10,21,0,0,0,1,0,5,6,4,25,20,10,70,150,0,300,0,18000,26,2,40,48,51,2,10,24,8,3,0,291,5,1111,6,10,0,0,
~30,2,15,40,10,21,0,0,0,1,0,5,6,4,25,20,10,70,150,0,300,0,18000,26,2,40,49,49,2,10,24,8,3,0,292,5,1112,6,10,0,0,
~30,2,15,40,10,21,0,0,0,1,0,5,6,4,25,20,10,70,150,0,300,0,18000,26,2,40,49,49,2,10,24,8,3,0,292,5,1112,6,10,0,0,
~30,2,15,40,10,21,0,0,0,1,0,5,6,4,25,20,10,70,150,0,300,0,18000,26,2,40,49,49,2,10,24,8,3,0,292,4,1112,6,10,0,0,
~30,2,15,40,10,21,0,0,0,1,0,5,6,4,25,20,10,70,150,0,300,0,18000,26,2,40,49,49,2,10,24,8,3,0,292,4,1112,6,10,0,0,
~30,2,15,40,10,21,0,0,0,1,0,5,6,4,25,20,10,70,150,0,300,0,18000,26,2,40,46,48,2,10,24,8,3,0,287,4,1116,6,10,0,0,
~30,2,15,40,10,21,0,0,0,1,0,5,6,4,25,20,10,70,150,0,300,0,18000,25,2,40,46,48,2,10,24,8,3,0,287,4,1116,6,10,0,0,
~30,2,15,40,10,21,0,0,0,1,0,5,6,4,25,20,10,70,150,0,300,0,18000,25,2,40,47,47,2,10,24,8,3,0,288,3,1082,6,10,0,0,
~30,2,15,40,10,21,0,0,0,1,0,5,6,4,25,20,10,70,150,0,300,0,18000,25,2,40,47,47,2,10,24,8,3,0,288,3,1082,6,10,0,0,
~30,2,15,40,10,21,0,0,0,1,0,5,6,4,25,20,10,70,150,0,300,0,18000,25,2,40,47,47,2,10,24,8,3,0,273,3,1069,6,10,0,0,
~30,2,15,40,10,21,0,0,0,1,0,5,6,4,25,20,10,70,150,0,300,0,18000,24,2,40,47,47,2,10,24,8,3,0,273,3,1069,6,10,0,0,
~30,2,15,40,10,21,0,0,0,1,0,5,6,4,25,20,10,70,150,0,300,0,18000,24,2,40,47,47,2,10,24,8,3,0,277,3,1090,6,10,0,0,
~30,2,15,40,10,21,0,0,0,1,0,5,6,4,25,20,10,70,150,0,300,0,18000,25,2,40,47,47,2,10,24,8,3,0,277,3,1090,6,10,0,0,
~30,2,15,40,10,21,0,0,0,1,0,5,6,4,25,20,10,70,150,0,300,0,18000,25,2,40,47,47,2,10,24,8,3,0,264,2,1094,6,10,0,0,
~30,2,15,40,10,21,0,0,0,1,0,5,6,4,25,20,10,70,150,0,300,0,18000,25,2,40,47,47,2,10,24,8,3,0,264,2,1094,6,10,0,0,
~30,2,15,40,10,21,0,0,0,1,0,5,6,4,25,20,10,70,150,0,300,0,18000,25,2,40,47,46,2,10,24,8,3,0,244,2,1065,6,10,0,0,
~30,2,15,40,10,21,0,0,0,1,0,5,6,4,25,20,10,70,150,0,300,0,18000,25,2,40,48,46,2,10,24,8,3,0,232,2,1062,6,10,0,0,
~30,2,15,40,10,21,0,0,0,1,0,5,6,4,25,20,10,70,150,0,300,0,18000,25,2,40,48,46,2,10,24,8,3,0,232,2,1062,6,10,0,0,
~30,2,15,40,10,21,0,0,0,1,0,5,6,4,25,20,10,70,150,0,300,0,18000,25,2,40,47,46,2,10,24,8,3,0,237,2,1083,6,10,0,0,
~30,2,15,40,10,21,0,0,0,1,0,5,6,4,25,20,10,70,150,0,300,0,18000,26,2,40,47,46,2,10,24,8,3,0,237,2,1083,6,10,0,0,
~30,2,15,40,10,21,0,0,0,1,0,5,6,4,25,20,10,70,150,0,300,0,18000,26,2,40,21,37,2,10,24,8,3,0,222,2,1264,5,19,0,0,
~30,2,15,40,10,21,0,0,0,1,0,5,6,4,25,20,10,70,150,0,300,0,18000,26,2,40,21,37,2,10,24,8,3,0,222,2,1264,5,19,0,0,
~30,2,15,40,10,21,0,0,0,1,0,5,6,4,25,20,10,70,150,0,300,0,18000,26,2,40,48,40,2,10,24,8,3,0,211,3,1240,5,17,0,0,
~30,5,15,40,10,21,0,0,0,1,0,5,6,4,25,20,10,80,150,0,300,0,18000,26,2,40,48,40,2,10,24,8,3,0,211,3,1240,5,17,0,0,
~30,5,15,40,10,21,0,0,0,1,0,5,6,4,25,20,10,80,150,0,300,0,18000,26,2,40,48,42,2,11,24,8,4,0,203,4,1179,5,16,0,0,
~30,5,15,40,10,21,0,0,0,1,0,5,6,4,25,20,10,80,150,0,300,0,18000,26,2,40,48,42,2,11,24,8,4,0,203,4,1179,5,16,0,0,
~30,5,15,40,10,21,0,0,0,1,0,5,6,4,25,20,10,80,150,0,300,0,18000,26,5,40,52,41,5,10,24,7,4,0,196,6,1233,5,17,0,0,
~30,5,15,40,9,21,0,0,0,1,0,5,6,4,25,20,10,70,140,0,300,0,18000,26,5,40,52,41,5,10,24,7,4,0,196,6,1233,5,17,0,0,
~30,5,15,40,8,21,0,0,0,1,0,5,6,4,25,20,10,70,130,0,300,0,18000,26,5,40,27,36,5,10,24,6,5,0,179,5,1188,5,13,0,0,
~30,5,15,40,8,21,0,0,0,1,0,5,6,4,25,20,10,70,130,0,300,0,18000,26,5,40,27,36,5,10,24,6,5,0,179,5,1188,5,13,0,0,
~30,5,15,40,8,21,0,0,0,1,0,5,6,4,25,20,10,70,130,0,300,0,18000,26,6,40,27,33,6,8,24,5,5,0,183,5,1097,5,13,0,0,
~30,5,15,40,8,21,0,0,0,1,0,5,6,4,25,20,10,70,130,0,300,0,18000,27,6,40,27,33,6,8,24,5,5,0,183,5,1097,5,13,0,0,
~30,5,15,40,8,21,0,0,0,1,0,5,6,4,25,20,10,70,130,0,300,0,18000,27,5,40,14,26,5,8,24,4,5,0,186,4,996,6,19,0,0,
~30,5,15,40,8,21,0,0,0,1,0,5,6,4,25,20,10,70,130,0,300,0,18000,28,5,40,14,26,5,8,24,4,5,0,186,4,996,6,19,0,0,
~30,5,15,40,8,21,0,0,0,1,0,5,6,4,25,20,10,70,130,0,300,0,18000,28,5,40,13,22,5,8,24,4,5,0,171,4,1051,6,16,0,0,
~30,5,15,40,8,21,0,0,0,1,0,5,6,4,25,20,10,70,130,0,300,0,18000,28,5,40,13,22,5,8,24,4,5,0,171,4,1051,6,16,0,0,
~30,5,15,40,8,21,0,0,0,1,0,5,6,4,25,20,10,70,130,0,300,0,18000,28,5,40,13,19,5,8,24,4,6,0,158,3,1062,6,13,0,0,
~30,7,15,40,8,21,0,0,0,1,0,5,6,4,25,20,20,70,130,0,300,0,18000,28,5,40,13,19,5,8,24,4,6,0,158,3,1062,6,13,0,0,
~30,7,15,40,8,21,0,0,0,1,0,5,6,4,25,20,20,70,130,0,300,0,18000,28,5,40,13,17,5,8,24,3,6,0,146,3,1083,6,12,0,0,
~30,7,15,40,8,21,0,0,0,1,0,5,6,4,25,20,20,70,130,0,300,0,18000,28,5,40,-3,15,5,8,24,3,6,0,135,3,1097,6,11,0,0,
~30,7,15,40,8,21,0,0,0,1,0,5,6,4,25,20,20,70,130,0,300,0,18000,28,7,40,-3,15,7,8,24,3,6,0,135,3,1097,6,11,0,19,
~30,7,15,40,8,21,0,0,0,1,0,5,6,4,25,20,20,70,130,0,300,0,18000,28,7,40,2,15,7,8,24,3,6,0,125,3,1097,6,11,0,19,
~30,7,15,40,8,21,0,0,0,1,0,5,6,4,25,20,20,70,130,0,300,0,18000,28,7,40,2,15,7,8,24,2,6,0,125,3,1097,6,11,0,19,
~30,7,15,40,8,21,0,0,0,1,0,5,6,4,25,20,20,70,130,0,300,0,18000,28,7,40,0,15,7,8,24,2,6,0,125,3,1097,6,11,0,19,
~30,7,15,40,8,21,0,0,0,1,0,5,6,4,25,20,20,70,130,0,300,0,18000,28,7,40,0,15,7,9,24,2,6,0,125,3,1097,6,11,0,19,
~30,7,15,40,7,21,0,0,0,1,0,5,6,4,25,20,20,70,120,0,300,0,18000,28,7,40,64,70,7,9,24,2,6,0,125,7,588,26,6,0,19,
~30,7,15,40,8,21,0,0,0,1,0,5,6,4,25,20,20,70,130,0,300,0,18000,28,6,40,64,70,6,10,24,3,7,0,125,7,588,26,6,0,19,
~30,7,15,40,9,21,0,0,0,1,0,5,6,4,25,20,20,80,140,0,300,0,18000,28,6,40,-1,63,6,9,24,3,7,0,127,6,487,18,4,0,19,
~30,7,15,40,9,21,0,0,0,1,0,5,6,4,25,20,20,80,140,0,300,0,18000,29,6,40,-1,63,6,9,24,3,7,0,127,6,487,18,4,0,19,
~30,7,15,40,9,21,0,0,0,1,0,5,6,4,25,20,20,80,140,0,300,0,18000,29,6,40,85,63,6,9,24,3,7,0,126,6,487,18,4,0,19,
~30,7,15,40,9,21,0,0,0,1,0,5,6,4,25,20,20,90,140,0,300,0,18000,29,6,40,85,63,6,9,24,3,7,0,126,6,487,18,4,0,19,
~30,7,15,40,9,21,0,0,0,1,0,5,6,4,25,20,20,90,140,0,300,0,18000,29,7,40,1,63,7,9,24,3,7,0,120,6,487,18,4,0,0,
~30,7,15,40,11,21,0,0,0,1,0,5,6,4,25,20,20,90,160,0,300,0,18000,28,7,40,1,63,7,9,24,3,7,0,120,6,487,18,4,0,0,
~30,7,15,40,11,21,0,0,0,1,0,5,6,4,25,20,20,90,160,0,300,0,18000,28,7,40,6,63,7,9,24,2,7,0,114,6,487,18,4,0,19,
~30,7,15,40,11,21,0,0,0,1,0,5,6,4,25,20,20,90,160,0,300,0,18000,27,7,40,6,63,7,9,24,2,7,0,114,6,487,18,4,0,19,
~30,7,15,40,11,21,0,0,0,1,0,5,6,4,25,20,20,90,160,0,300,0,18000,27,7,40,6,63,7,11,24,3,7,0,108,6,487,18,4,0,0,
~30,7,15,40,11,21,0,0,0,1,0,5,6,4,25,20,20,90,160,0,300,0,18000,26,7,40,6,63,7,11,24,3,7,0,108,6,487,18,4,0,0,
~30,7,15,40,11,21,0,0,0,1,0,5,6,4,25,20,20,90,160,0,300,0,18000,26,7,40,20,49,7,11,24,3,7,0,103,5,688,14,7,0,0,
~30,7,15,40,11,21,0,0,0,1,0,5,6,4,25,20,20,90,160,0,300,0,18000,25,7,40,20,49,7,11,24,3,7,0,103,5,688,14,7,0,0,
~30,7,15,40,11,21,0,0,0,1,0,5,6,4,25,20,20,90,160,0,300,0,18000,25,7,40,20,39,7,11,24,4,7,0,103,5,815,11,6,0,0,
~30,7,15,40,11,21,0,0,0,1,0,5,6,4,25,20,20,90,160,0,300,0,18000,25,7,40,20,39,7,11,24,4,7,0,103,5,815,11,6,0,0,
~30,7,15,40,11,21,0,0,0,1,0,5,6,4,25,20,20,90,160,0,300,0,18000,25,7,40,19,32,7,11,24,4,8,0,102,4,910,9,6,0,0,
~30,7,15,40,11,21,0,0,0,1,0,5,6,4,25,20,20,90,160,0,300,0,18000,25,7,40,19,28,7,11,24,4,8,0,100,4,993,8,6,0,0,
~30,7,15,40,11,21,0,0,0,1,0,5,6,4,25,20,20,90,160,0,300,0,18000,25,7,40,19,28,7,11,24,4,7,0,100,4,993,8,6,0,0,
~30,7,15,40,11,21,0,0,0,1,0,5,6,4,25,20,20,90,160,0,300,0,18000,25,7,40,20,25,7,11,24,4,7,0,98,3,1041,7,7,0,0,
~30,7,15,40,11,21,0,0,0,1,0,5,6,4,25,20,20,90,160,0,300,0,18000,25,7,40,20,25,7,11,24,4,8,0,98,3,1041,7,7,0,0,
~30,7,15,40,11,21,0,0,0,1,0,5,6,4,25,20,20,90,160,0,300,0,18000,25,7,40,19,23,7,11,24,4,8,0,96,3,1043,7,8,0,0,
~30,7,15,40,11,21,0,0,0,1,0,5,6,4,25,20,20,90,160,0,300,0,18000,25,7,40,19,23,7,11,24,4,8,0,96,3,1043,7,8,0,0,
~30,7,15,40,11,21,0,0,0,1,0,5,6,4,25,20,20,90,160,0,300,0,18000,25,7,40,18,21,7,11,24,4,8,0,93,3,1050,6,9,0,0,
~30,7,15,40,11,21,0,0,0,1,0,5,6,4,25,20,20,90,160,0,300,0,18000,25,7,40,18,21,7,11,24,4,8,0,93,3,1050,6,9,0,0,
~30,7,15,40,11,21,0,0,0,1,0,5,6,4,25,20,20,90,160,0,300,0,18000,25,7,40,19,21,7,11,24,4,8,0,91,2,1059,6,9,0,0,
~30,7,15,40,11,21,0,0,0,1,0,5,6,4,25,20,20,90,160,0,300,0,18000,25,7,40,19,21,7,11,24,4,8,0,91,2,1059,6,9,0,0,
~30,7,15,40,11,21,0,0,0,1,0,5,6,4,25,20,20,90,160,0,300,0,18000,25,7,40,19,20,7,11,24,4,7,0,88,2,1072,6,9,0,0,
~30,7,15,40,11,21,0,0,0,1,0,5,6,4,25,20,20,90,160,0,300,0,18000,25,7,40,19,20,7,11,24,4,7,0,88,2,1072,6,9,0,0,
~30,7,15,40,11,21,0,0,0,1,0,5,6,4,25,20,20,90,160,0,300,0,18000,25,7,40,18,20,7,11,24,4,8,0,86,2,1080,5,10,0,0,
~30,7,15,40,11,21,0,0,0,1,0,5,6,4,25,20,20,90,160,0,300,0,18000,25,7,40,18,20,7,11,24,4,8,0,86,2,1080,5,10,0,0,
~30,7,15,40,11,21,0,0,0,1,0,5,6,4,25,20,20,90,160,0,300,0,18000,25,7,40,18,19,7,11,24,4,8,0,83,2,1077,5,11,0,0,
~30,7,15,40,11,21,0,0,0,1,0,5,6,4,25,20,20,90,160,0,300,0,18000,25,7,40,18,19,7,11,24,4,8,0,83,2,1077,5,11,0,0,
~30,7,15,40,11,21,0,0,0,1,0,5,6,4,25,20,20,90,160,0,300,0,18000,25,7,40,19,19,7,11,24,4,8,0,80,1,1049,5,11,0,0,
~30,7,15,40,11,21,0,0,0,1,0,5,6,4,25,20,20,90,160,0,300,0,18000,25,7,40,19,19,7,11,24,4,8,0,80,1,1049,5,11,0,0,
~30,7,15,40,11,21,0,0,0,1,0,5,6,4,25,20,20,90,160,0,300,0,18000,25,7,40,18,18,7,11,24,4,8,0,78,1,1082,5,11,0,0,
~30,7,15,40,11,21,0,0,0,1,0,5,6,4,25,20,20,90,160,0,300,0,18000,25,7,40,18,18,7,11,24,4,8,0,78,1,1082,5,11,0,0,
~30,7,15,40,11,21,0,0,0,1,0,5,6,4,25,20,20,90,160,0,300,0,18000,25,7,40,19,18,7,11,24,4,8,0,76,2,1080,5,12,0,0,
~30,7,15,40,11,21,0,0,0,1,0,5,6,4,25,20,20,90,160,0,300,0,18000,25,7,40,19,18,7,11,24,4,8,0,76,2,1080,5,12,0,0,
~30,7,15,40,11,21,0,0,0,1,0,5,6,4,25,20,20,90,160,0,300,0,18000,25,7,40,19,18,7,11,24,4,8,0,74,2,1099,5,12,0,0,
~30,7,15,40,11,21,0,0,0,1,0,5,6,4,25,20,20,90,160,0,300,0,18000,25,7,40,19,18,7,11,24,4,8,0,74,2,1099,5,12,0,0,
~30,7,15,40,11,21,0,0,0,1,0,5,6,4,25,20,20,90,160,0,300,0,18000,25,7,40,18,18,7,11,24,4,8,0,72,2,1096,5,12,0,0,
~30,7,15,40,11,21,0,0,0,1,0,5,6,4,25,20,20,90,160,0,300,0,18000,25,7,40,18,18,7,11,24,4,8,0,70,1,1091,5,11,0,0,
~30,7,15,40,11,21,0,0,0,1,0,5,6,4,25,20,20,90,160,0,300,0,18000,25,7,40,18,18,7,11,24,4,8,0,70,1,1091,5,11,0,0,
~30,7,15,40,11,21,0,0,0,1,0,5,6,4,25,20,20,90,160,0,300,0,18000,25,7,40,18,18,7,11,24,4,8,0,68,1,1075,5,11,0,0,
~30,7,15,40,11,21,0,0,0,1,0,5,6,4,25,20,20,90,160,0,300,0,18000,25,7,40,18,18,7,11,24,4,8,0,68,1,1075,5,11,0,0,
~30,7,15,40,11,21,0,0,0,1,0,5,6,4,25,20,20,90,160,0,300,0,18000,25,7,40,18,18,7,11,24,4,8,0,67,1,1103,5,10,0,0,
~30,7,15,40,11,21,0,0,0,1,0,5,6,4,25,20,20,90,160,0,300,0,18000,25,7,40,18,18,7,11,24,4,8,0,67,1,1103,5,10,0,0,
~30,7,15,40,11,21,0,0,0,1,0,5,6,4,25,20,20,90,160,0,300,0,18000,25,8,40,19,18,8,11,27,4,8,0,67,1,1123,5,11,0,0,
~30,7,15,40,11,21,0,0,0,1,0,5,6,4,25,20,20,90,160,0,300,0,18000,25,8,40,19,18,8,11,27,4,8,0,67,1,1123,5,11,0,0,
~30,7,15,40,11,21,0,0,0,1,0,5,6,4,25,20,20,90,160,0,300,0,18000,25,7,40,19,18,7,11,37,4,8,0,67,2,1024,6,11,0,0,
~30,7,15,40,11,21,0,0,0,1,0,5,6,4,25,20,20,90,160,0,300,0,18000,25,7,40,19,18,7,11,37,4,8,0,67,2,1024,6,11,0,0,
~30,7,15,40,11,21,0,0,0,1,0,5,6,4,25,20,20,90,160,0,300,0,18000,25,7,40,19,19,7,11,49,4,8,0,67,1,1028,6,11,0,0,
~30,7,15,40,11,21,0,0,0,1,0,5,6,4,25,20,20,90,160,0,300,0,18000,25,7,40,19,19,7,11,49,4,8,0,67,1,1028,6,11,0,0,
~30,7,15,40,11,21,0,0,0,1,0,5,6,4,25,20,20,90,160,0,300,0,18000,25,7,40,17,21,7,11,60,4,8,0,67,1,1120,5,14,0,0,
~30,7,15,40,11,21,0,0,0,1,0,5,6,4,25,20,20,90,160,0,300,0,18000,25,7,40,17,21,7,11,60,4,8,0,67,1,1120,5,14,0,0,
~30,7,15,40,11,21,0,0,0,1,0,5,6,4,25,20,20,90,160,0,300,0,18000,25,7,40,17,21,7,11,69,4,8,0,70,1,1120,5,14,0,0,
~30,7,15,40,11,21,0,0,0,1,0,5,6,4,25,20,20,90,160,0,300,0,18000,26,7,40,17,21,7,11,69,4,8,0,70,1,1120,5,14,0,0,
~30,7,15,40,11,21,0,0,0,1,0,5,6,4,25,20,20,90,160,0,300,0,18000,26,7,40,0,21,7,11,76,4,8,0,70,1,1120,5,14,0,0,
~30,7,15,40,11,21,0,0,0,1,0,5,6,4,25,20,20,90,160,0,300,0,18000,26,7,40,0,21,7,11,76,4,8,0,70,1,1120,5,14,0,0,
~30,7,15,40,11,21,0,0,0,1,0,5,6,4,25,20,20,90,160,0,300,0,18000,26,7,40,18,20,7,11,82,4,8,0,58,1,1007,5,14,0,0,
~30,7,15,40,11,21,0,0,0,1,0,5,6,4,25,20,20,90,160,0,300,0,18000,24,7,40,18,20,7,11,82,4,8,0,58,1,1007,5,14,0,0,
~30,7,15,40,11,21,0,0,0,1,0,5,6,4,25,20,20,90,160,0,300,0,18000,24,6,40,0,20,6,13,86,5,8,0,53,1,1007,5,14,0,0,
~30,7,15,40,11,21,0,0,0,1,0,5,6,4,25,20,20,90,160,0,300,0,18000,24,6,40,0,20,6,13,86,5,8,0,53,1,1007,5,14,0,0,
~30,7,15,40,11,21,0,0,0,1,0,5,6,4,25,20,20,90,160,0,300,0,18000,24,6,40,0,20,6,11,90,5,8,0,53,1,1007,5,14,0,0,
~30,7,15,40,11,21,0,0,0,1,0,5,6,4,25,20,20,90,160,0,300,0,18000,24,6,40,0,20,6,11,90,5,8,0,53,1,1007,5,14,0,0,
~30,7,15,40,11,21,0,0,0,1,0,5,6,4,25,20,20,90,160,0,300,0,18000,24,6,40,0,106,6,12,92,5,8,0,53,7,685,19,6,0,19,
~30,7,15,40,11,21,0,0,0,1,0,5,6,4,25,20,20,90,160,0,300,0,18000,24,6,40,217,106,6,12,94,5,8,0,76,7,685,19,6,0,19,
~30,7,15,40,11,21,0,0,0,1,0,5,6,4,25,20,20,90,160,0,300,0,18000,26,7,40,217,106,7,11,94,5,8,0,76,7,685,19,6,0,0,
~30,7,15,40,11,21,0,0,0,1,0,5,6,4,25,20,20,90,160,0,300,0,18000,26,7,40,24,95,7,11,95,5,8,0,76,6,597,15,5,0,0,
~30,7,15,40,11,21,0,0,0,1,0,5,6,4,25,20,20,90,160,0,300,0,18000,26,7,40,24,95,7,11,95,5,8,0,76,6,597,15,5,0,0,
~30,7,15,40,11,21,0,0,0,1,0,5,6,4,25,20,20,90,160,0,300,0,18000,26,7,40,256,162,7,11,96,4,8,0,81,9,535,31,5,0,0,
~30,7,15,40,11,21,0,0,0,1,0,5,6,4,25,20,20,90,160,0,300,0,18000,26,7,40,256,162,7,11,96,4,8,0,81,9,535,31,5,0,19,
~30,7,15,40,11,21,0,0,0,1,0,5,6,4,25,20,20,90,160,0,300,0,18000,26,6,40,249,184,6,11,97,5,8,0,93,10,544,42,4,0,19,
~30,7,15,40,11,21,0,0,0,1,0,5,6,4,25,20,20,90,160,0,300,0,18000,26,6,40,249,184,6,11,97,5,8,0,93,10,544,42,4,0,19,
~30,7,15,40,11,21,0,0,0,1,0,5,6,4,25,20,20,90,160,0,300,0,18000,26,6,40,0,131,6,11,98,5,8,0,108,9,772,30,3,0,19,
~30,7,15,40,11,21,0,0,0,1,0,5,6,4,25,20,20,90,160,0,300,0,18000,26,6,40,0,131,6,11,98,5,8,0,108,9,772,30,3,0,19,
~30,7,15,40,11,21,0,0,0,1,0,5,6,4,25,20,20,90,160,0,300,0,18000,26,7,40,78,94,7,11,98,4,8,0,118,8,1012,25,3,0,19,
~30,7,15,40,11,21,0,0,0,1,0,5,6,4,25,20,20,90,160,0,300,0,18000,26,7,40,78,94,7,11,98,4,8,0,118,8,1012,25,3,0,19,
~30,7,15,40,11,21,0,0,0,1,0,5,6,4,25,20,20,90,160,0,300,0,18000,26,6,40,35,94,6,11,99,5,8,0,125,8,1012,25,3,0,19,
~30,7,15,40,11,21,0,0,0,1,0,5,6,4,25,20,20,90,160,0,300,0,18000,26,6,40,35,94,6,11,99,5,8,0,125,8,1012,25,3,0,19,
~30,7,15,40,11,21,0,0,0,1,0,5,6,4,25,20,20,90,160,0,300,0,18000,26,6,40,255,187,6,14,99,6,8,0,123,12,608,41,4,0,19,
~30,7,15,40,11,21,0,0,0,1,0,5,6,4,25,20,20,90,160,0,300,0,18000,25,6,40,255,187,6,14,99,6,8,0,123,12,608,41,4,0,19,
~30,7,15,40,11,21,0,0,0,1,0,5,6,4,25,20,20,90,160,0,300,0,18000,25,6,40,234,187,6,11,99,6,8,0,155,12,608,41,4,0,19,
~30,7,15,40,11,21,0,0,0,1,0,5,6,4,25,20,20,90,160,0,300,0,18000,26,6,40,234,187,6,11,99,6,8,0,155,12,608,41,4,0,19,
~30,7,15,40,11,21,0,0,0,1,0,5,6,4,25,20,20,90,160,0,300,0,18000,26,6,40,0,150,6,11,99,5,8,0,153,11,529,29,2,0,19,
~30,7,15,40,11,21,0,0,0,1,0,5,6,4,25,20,20,90,160,0,300,0,18000,25,6,40,0,150,6,11,99,5,8,0,153,11,529,29,2,0,19,
~30,7,15,40,11,21,0,0,0,1,0,5,6,4,25,20,20,90,160,0,300,0,18000,25,6,40,0,120,6,11,99,5,8,0,166,14,628,34,4,0,19,
~30,7,15,40,11,21,0,0,0,1,0,5,6,4,25,20,20,90,160,0,300,0,18000,25,6,40,0,120,6,11,99,5,8,0,166,14,628,34,4,0,19,
~30,7,15,40,11,21,0,0,0,1,0,5,6,4,25,20,20,90,160,0,300,0,18000,25,7,40,-5,95,7,12,100,5,8,0,176,13,759,23,6,0,19,
~30,7,15,40,11,21,0,0,0,1,0,5,6,4,25,20,20,90,160,0,300,0,18000,25,7,40,30,95,7,12,100,5,8,0,183,13,759,23,6,0,19,
~30,7,15,40,11,21,0,0,0,1,0,5,6,4,25,20,20,90,160,0,300,0,18000,25,7,40,30,95,7,11,100,5,8,0,183,13,759,23,6,0,19,
~30,7,15,40,11,21,0,0,0,1,0,5,6,4,25,20,20,90,160,0,300,0,18000,25,7,40,0,61,7,11,100,5,8,0,182,10,1038,16,4,0,0,
~30,7,15,40,11,21,0,0,0,1,0,5,6,4,25,20,20,90,160,0,300,0,18000,24,6,40,0,61,6,11,100,5,8,0,182,10,1038,16,4,0,0,
~30,7,15,40,11,21,0,0,0,1,0,5,6,4,25,20,20,90,160,0,300,0,18000,24,6,40,237,61,6,11,100,5,8,0,194,10,1038,16,4,0,0,
~30,7,15,40,11,21,0,0,0,1,0,5,6,4,25,20,20,90,160,0,300,0,18000,25,6,40,237,61,6,13,100,6,8,0,194,10,1038,16,4,0,0,
~30,7,15,40,11,21,0,0,0,1,0,5,6,4,25,20,20,90,160,0,300,0,18000,25,8,40,5,61,8,11,100,5,8,0,192,10,1038,16,4,0,0,
~30,7,15,40,11,21,0,0,0,1,0,5,6,4,25,20,20,90,160,0,300,0,18000,24,8,40,5,61,8,11,100,5,8,0,192,10,1038,16,4,0,0,
~30,7,15,40,11,21,0,0,0,1,0,5,6,4,25,20,20,90,160,0,300,0,18000,24,6,40,0,61,6,14,100,6,8,0,190,10,1038,16,4,0,0,
~30,7,15,40,11,21,0,0,0,1,0,5,6,4,25,20,20,90,160,0,300,0,18000,23,6,40,0,61,6,14,100,6,8,0,190,10,1038,16,4,0,0,
~30,7,15,40,11,21,0,0,0,1,0,5,6,4,25,20,20,90,160,0,300,0,18000,23,6,40,0,61,6,11,100,6,8,0,189,10,1038,16,4,0,0,
~30,7,15,40,11,21,0,0,0,1,0,5,6,4,25,20,20,90,160,0,300,0,18000,22,6,40,0,61,6,11,100,6,8,0,189,10,1038,16,4,0,0,
~30,7,15,40,11,21,0,0,0,1,0,5,6,4,25,20,20,90,160,0,300,0,18000,22,6,40,215,106,6,11,100,5,8,0,187,18,951,35,5,0,0,
~30,7,15,40,11,21,0,0,0,1,0,5,6,4,25,20,20,90,160,0,300,0,18000,21,6,40,215,106,6,11,100,5,8,0,187,18,951,35,5,0,0,
~30,7,15,40,11,21,0,0,0,1,0,5,6,4,25,20,20,90,160,0,300,0,18000,21,6,40,89,78,6,11,100,5,8,0,210,17,1103,29,4,0,0,
~30,7,15,40,11,21,0,0,0,1,0,5,6,4,25,20,20,90,160,0,300,0,18000,22,6,40,89,78,6,11,100,5,8,0,210,17,1103,29,4,0,0,
~30,7,15,40,11,21,0,0,0,1,0,5,6,4,25,20,20,90,160,0,300,0,18000,22,6,40,0,78,6,11,100,5,8,0,216,17,1103,29,4,0,19,
~30,7,15,40,11,21,0,0,0,1,0,5,6,4,25,20,20,90,160,0,300,0,18000,22,6,40,0,78,6,11,100,5,8,0,216,17,1103,29,4,0,19,
~30,7,15,40,11,21,0,0,0,1,0,5,6,4,25,20,20,90,160,0,300,0,18000,22,6,40,206,63,6,11,100,5,8,0,214,22,1150,33,4,0,0,
~30,7,15,40,11,21,0,0,0,1,0,5,6,4,25,20,20,90,160,0,300,0,18000,21,6,40,206,63,6,11,100,5,8,0,214,22,1150,33,4,0,0,
~30,7,15,40,11,21,0,0,0,1,0,5,6,4,25,20,20,90,160,0,300,0,18000,21,7,40,0,63,7,11,100,5,8,0,219,22,1150,33,4,0,0,
~30,7,15,40,11,21,0,0,0,1,0,5,6,4,25,20,20,90,160,0,300,0,18000,21,7,40,0,63,7,11,100,5,8,0,219,22,1150,33,4,0,0,
~30,7,15,40,11,21,0,0,0,1,0,5,6,4,25,20,20,90,160,0,300,0,18000,21,8,40,21,49,8,11,100,4,8,0,217,20,1125,24,4,0,0,
~30,7,15,40,11,21,0,0,0,1,0,5,6,4,25,20,20,90,160,0,300,0,18000,20,8,40,21,49,8,11,100,4,8,0,217,20,1125,24,4,0,0,
~30,7,15,40,11,21,0,0,0,3,0,5,6,4,25,20,20,90,160,0,300,0,18000,20,7,40,21,39,7,11,100,4,8,0,220,18,1014,19,3,0,0,
~30,7,15,40,11,21,0,0,0,3,0,5,6,4,25,20,20,90,160,0,300,0,18000,0,7,37,0,0,7,11,100,4,8,0,0,0,0,0,0,0,0,
~30,7,15,40,11,21,0,0,0,3,0,5,6,4,25,20,20,90,160,0,300,0,18000,0,7,40,0,0,7,11,100,4,8,0,0,0,0,0,0,0,0,
~30,7,15,40,11,21,0,0,0,3,0,5,6,4,25,20,20,90,160,0,300,0,18000,0,7,40,20,6,7,11,100,4,8,0,227,7,1024,11,4,0,0,
~30,7,15,40,11,21,0,0,0,3,0,5,6,4,25,20,20,90,160,0,300,0,18000,1,7,40,20,6,7,11,100,4,8,0,227,7,1024,11,4,0,0,
~30,7,15,40,11,21,0,0,0,3,0,5,6,4,25,20,20,90,160,0,300,0,18000,1,7,40,19,10,7,11,100,4,8,0,226,11,1021,9,5,0,0,
~30,7,15,40,11,21,0,0,0,3,0,5,6,4,25,20,20,90,160,0,300,0,18000,2,7,40,19,10,7,11,100,4,8,0,226,11,1021,9,5,0,0,
~30,7,15,40,11,21,0,0,0,3,0,5,6,4,25,20,20,90,160,0,300,0,18000,2,7,40,19,13,7,11,100,4,8,0,227,13,1038,8,6,0,0,
~30,7,15,40,11,21,0,0,0,3,0,5,6,4,25,20,20,90,160,0,300,0,18000,3,7,40,19,13,7,11,100,4,8,0,227,13,1038,8,6,0,0,
~30,7,15,40,11,21,0,0,0,3,0,5,6,4,25,20,20,90,160,0,300,0,18000,3,7,40,19,15,7,11,100,4,8,0,228,13,1026,7,6,0,0,
~30,7,15,40,11,21,0,0,0,3,0,5,6,4,25,20,20,90,160,0,300,0,18000,4,7,40,19,15,7,11,100,4,8,0,228,13,1026,7,6,0,0,
~30,7,15,40,11,21,0,0,0,3,0,5,6,4,25,20,20,90,160,0,300,0,18000,4,7,40,19,16,7,11,100,4,8,0,207,13,1016,7,7,0,0,
~30,7,15,40,11,21,0,0,0,3,0,5,6,4,25,20,20,90,160,0,300,0,18000,5,7,40,19,16,7,11,100,4,8,0,207,13,1016,7,7,0,0,
~30,7,15,40,11,21,0,0,0,3,0,5,6,4,25,20,20,90,160,0,300,0,18000,5,7,40,18,17,7,11,100,4,8,0,208,13,1047,6,8,0,0,
~30,7,15,40,11,21,0,0,0,3,0,5,6,4,25,20,20,90,160,0,300,0,18000,6,7,40,18,17,7,11,100,4,8,0,208,13,1047,6,8,0,0,
~30,7,15,40,11,21,0,0,0,3,0,5,6,4,25,20,20,90,160,0,300,0,18000,6,8,40,19,17,8,11,100,4,8,0,201,12,1070,6,9,0,0,
~30,7,15,40,11,21,0,0,0,3,0,5,6,4,25,20,20,90,160,0,300,0,18000,7,8,40,19,17,8,11,100,4,8,0,201,12,1070,6,9,0,0,
~30,7,15,40,11,21,0,0,0,3,0,5,6,4,25,20,20,90,160,0,300,0,18000,7,7,40,19,18,7,11,100,4,8,0,186,11,959,6,9,0,0,
~30,7,15,40,11,21,0,0,0,3,0,5,6,4,25,20,20,90,160,0,300,0,18000,8,7,40,19,18,7,11,100,4,8,0,186,11,959,6,9,0,0,
~30,7,15,40,11,21,0,0,0,3,0,5,6,4,25,20,20,90,160,0,300,0,18000,8,7,40,19,18,7,11,100,4,8,0,169,11,1025,6,9,0,0,
~30,7,15,40,11,21,0,0,0,3,0,5,6,4,25,20,20,90,160,0,300,0,18000,9,7,40,19,18,7,11,100,4,8,0,169,11,1025,6,9,0,0,
~30,7,15,40,11,21,0,0,0,3,0,5,6,4,25,20,20,90,160,0,300,0,18000,9,7,40,18,18,7,11,100,4,8,0,158,10,1027,6,9,0,0,
~30,7,15,40,11,21,0,0,0,3,0,5,6,4,25,20,20,90,160,0,300,0,18000,10,7,40,18,18,7,11,100,4,8,0,158,10,1027,6,9,0,0,
~30,7,15,40,11,21,0,0,0,3,0,5,6,4,25,20,20,90,160,0,300,0,18000,10,7,40,19,18,7,11,100,4,8,0,151,9,1020,6,10,0,0,
~30,7,15,40,11,21,0,0,0,3,0,5,6,4,25,20,20,90,160,0,300,0,18000,11,7,40,19,18,7,11,100,4,8,0,152,9,1063,6,10,0,0,
~30,7,15,40,11,21,0,0,0,3,0,5,6,4,25,20,20,90,160,0,300,0,18000,12,7,40,19,18,7,11,100,4,8,0,152,9,1063,6,10,0,0,
~30,7,15,40,11,21,0,0,0,3,0,5,6,4,25,20,20,90,160,0,300,0,18000,12,7,40,18,18,7,11,100,4,8,0,120,8,1046,5,11,0,0,
~30,7,15,40,11,21,0,0,0,3,0,5,6,4,25,20,20,90,160,0,300,0,18000,13,5,40,18,18,5,11,100,5,8,0,120,8,1046,5,11,0,0,
~30,7,15,40,11,21,0,0,0,3,0,5,6,4,25,20,20,90,160,0,300,0,18000,13,5,40,19,18,5,11,100,5,8,0,122,7,1266,5,12,0,0,
~30,7,15,40,11,21,0,0,0,3,0,5,6,4,25,20,20,90,160,0,300,0,18000,14,7,40,19,18,7,11,100,4,8,0,122,7,1266,5,12,0,0,
~30,7,15,40,11,21,0,0,0,3,0,5,6,4,25,20,20,90,160,0,300,0,18000,14,7,40,19,18,7,11,100,4,8,0,109,7,1219,5,11,0,0,
~30,7,15,40,11,21,0,0,0,3,0,5,6,4,25,20,20,90,160,0,300,0,18000,15,7,40,19,18,7,11,100,4,8,0,109,7,1219,5,11,0,0,
~30,7,15,40,11,21,0,0,0,3,0,5,6,4,25,20,20,90,160,0,300,0,18000,15,7,40,18,18,7,11,100,4,8,0,98,6,1162,5,11,0,0,
~30,7,15,40,11,21,0,0,0,3,0,5,6,4,25,20,20,90,160,0,300,0,18000,16,7,40,18,18,7,11,100,4,8,0,98,6,1162,5,11,0,0,
~30,7,15,40,11,21,0,0,0,3,0,5,6,4,25,20,20,90,160,0,300,0,18000,16,7,40,16,21,7,11,100,4,8,0,91,6,1153,5,10,0,0,
~30,7,15,40,11,21,0,0,0,3,0,5,6,4,25,20,20,90,160,0,300,0,18000,17,7,40,16,21,7,11,100,4,8,0,91,6,1153,5,10,0,0,
~30,7,15,40,11,21,0,0,0,3,0,5,6,4,25,20,20,90,160,0,300,0,18000,17,5,40,140,21,5,11,100,5,8,0,95,6,1153,5,10,0,0,
~30,7,15,40,11,21,0,0,0,3,0,5,6,4,25,20,20,90,160,0,300,0,18000,19,7,40,140,21,7,12,100,5,8,0,95,6,1153,5,10,0,0,
~30,7,15,40,11,21,0,0,0,3,0,5,6,4,25,20,20,90,160,0,300,0,18000,19,7,40,107,21,7,12,100,5,8,0,80,6,1153,5,10,0,0,
~30,7,15,40,11,21,0,0,0,3,0,5,6,4,25,20,20,90,160,0,300,0,18000,19,7,40,107,21,7,12,100,5,8,1,80,6,1153,5,10,0,0,
~30,7,15,40,11,21,0,0,0,3,0,5,6,4,25,20,20,90,160,0,300,0,18000,19,7,40,107,21,7,11,100,5,8,1,80,6,1153,5,10,0,0,
~30,7,15,40,11,21,0,0,0,3,0,5,6,4,25,20,20,90,160,0,300,0,18000,19,7,40,107,21,7,11,100,5,8,3,80,6,1153,5,10,0,0,
~30,7,15,40,11,21,0,0,0,3,0,5,6,4,25,20,20,90,160,0,300,0,18000,19,7,40,58,21,7,11,100,4,8,3,80,11,1100,8,7,0,0,
~30,7,15,40,11,21,0,0,0,3,0,5,6,4,25,20,20,90,160,0,300,0,18000,19,7,40,58,21,7,11,100,4,8,3,80,11,1100,8,7,0,0,
~30,7,15,40,11,21,0,0,0,3,0,5,6,4,25,20,20,90,160,0,300,0,18000,19,8,40,20,20,8,11,100,4,8,3,83,10,1092,7,8,0,0,
~30,7,15,40,11,21,0,0,0,3,0,5,6,4,25,20,20,90,160,0,300,0,18000,20,8,40,20,20,8,11,100,4,8,3,83,10,1092,7,8,0,0,
~30,7,15,40,11,21,0,0,0,3,0,5,6,4,25,20,20,90,160,0,300,0,18000,20,7,40,19,20,7,11,100,4,8,3,85,9,991,7,8,0,0,
~30,7,15,40,11,21,0,0,0,3,0,5,6,4,25,20,20,90,160,0,300,0,18000,21,7,40,19,20,7,11,100,4,8,3,85,9,991,7,8,0,0,
~30,7,15,40,11,21,0,0,0,3,0,5,6,4,25,20,20,90,160,0,300,0,18000,21,7,40,19,19,7,11,100,4,8,3,61,8,992,7,8,0,0,
~30,7,15,40,11,21,0,0,0,3,0,5,6,4,25,20,20,90,160,0,300,0,18000,22,7,40,19,20,7,11,100,4,8,3,55,6,1029,6,9,0,0,
~30,7,15,40,11,21,0,0,0,3,0,5,6,4,25,20,20,90,160,0,300,0,18000,23,7,40,19,20,7,12,100,4,8,3,55,6,1029,6,9,0,0,
~30,7,15,40,11,21,0,0,0,3,0,5,6,4,25,20,20,90,160,0,300,0,18000,23,7,40,3,20,7,12,100,4,8,3,59,6,1029,6,9,0,19,
~30,7,15,40,11,21,0,0,0,3,0,5,6,4,25,20,20,90,160,0,300,0,18000,25,7,40,3,20,7,12,100,4,8,3,59,6,1029,6,9,0,19,
~30,7,15,40,11,21,0,0,0,3,0,5,6,4,25,20,20,90,160,0,300,0,18000,25,6,40,3,18,6,11,100,5,8,3,53,15,1318,22,7,0,0,
~30,7,15,40,11,21,0,0,0,3,0,5,6,4,25,20,20,90,160,0,300,0,18000,25,6,40,3,18,6,11,100,5,8,5,53,15,1318,22,7,0,0,
~30,7,15,40,11,21,0,0,0,3,0,5,6,4,25,20,20,90,160,0,300,0,18000,25,6,40,3,18,6,11,100,5,8,5,55,15,1318,22,7,0,0,
~30,7,15,40,11,21,0,0,0,3,0,5,6,4,25,20,20,90,160,0,300,0,18000,26,7,40,3,18,7,13,100,5,9,6,55,15,1318,22,7,0,0,
~30,7,15,40,11,21,0,0,0,3,0,5,6,4,25,20,20,90,160,0,300,0,18000,26,7,40,0,18,7,13,100,5,9,6,50,22,1520,27,5,0,0,
~30,7,15,40,11,21,0,0,0,3,0,5,6,4,25,20,20,90,160,0,300,0,18000,26,7,40,0,18,7,13,100,5,9,6,50,22,1520,27,5,0,53,
~30,7,15,40,11,21,0,0,0,3,0,5,6,4,25,20,20,90,160,0,300,0,18000,26,7,40,327,19,7,11,100,5,8,6,48,30,1745,36,3,0,53,
~30,7,15,40,11,21,0,0,0,3,0,5,6,4,25,20,20,90,160,0,300,0,18000,27,7,40,327,19,7,11,100,5,8,7,48,30,1745,36,3,0,53,
~30,7,15,40,11,21,0,0,0,3,0,5,6,4,25,20,20,90,160,0,300,0,18000,27,6,40,2,19,6,11,100,5,8,7,46,30,1745,36,3,0,53,
~30,7,15,40,11,21,0,0,0,3,0,5,6,4,25,20,20,90,160,0,300,0,18000,27,6,40,2,19,6,11,100,5,8,7,46,30,1745,36,3,0,53,
~30,7,15,40,11,21,0,0,0,3,0,5,6,4,25,20,20,90,160,0,300,0,18000,27,7,40,339,19,7,11,100,5,8,7,46,36,1617,47,3,0,53,
~30,7,15,40,11,21,0,0,0,3,0,5,6,4,25,20,20,90,160,0,300,0,18000,26,7,40,339,19,7,11,100,5,8,8,46,36,1617,47,3,0,53,
~30,7,15,40,11,21,0,0,0,3,0,5,6,4,25,20,20,90,160,0,300,0,18000,26,8,40,21,19,8,11,100,4,8,8,47,33,1420,33,3,0,53,
~30,7,15,40,11,21,0,0,0,3,0,5,6,4,25,20,20,90,160,0,300,0,18000,26,8,40,21,19,8,11,100,4,8,8,47,33,1420,33,3,0,53,
~30,7,15,40,11,21,0,0,0,3,0,5,6,4,25,20,20,90,160,0,300,0,18000,26,7,40,19,19,7,11,100,4,8,8,47,30,1224,24,2,0,53,
~30,7,15,40,11,21,0,0,0,3,0,5,6,4,25,20,20,90,160,0,300,0,18000,26,7,40,19,19,7,11,100,4,8,8,47,30,1224,24,2,0,53,
~30,7,15,40,11,21,0,0,0,3,0,5,6,4,25,20,20,90,160,0,300,0,18000,26,7,40,20,19,7,11,100,4,8,8,48,27,1166,18,2,0,0,
~30,7,15,40,11,21,0,0,0,3,0,5,6,4,25,20,20,90,160,0,300,0,18000,26,7,40,20,19,7,11,100,4,8,8,48,27,1166,18,2,0,0,
~30,7,15,40,11,21,0,0,0,3,0,5,6,4,25,20,20,90,160,0,300,0,18000,26,7,40,19,19,7,11,100,4,8,8,48,25,1131,14,3,0,0,
~30,7,15,40,11,21,0,0,0,3,0,5,6,4,25,20,20,90,160,0,300,0,18000,26,7,40,19,19,7,11,100,4,8,8,48,25,1131,14,3,0,0,
~30,7,15,40,11,21,0,0,0,3,0,5,6,4,25,20,20,90,160,0,300,0,18000,26,8,40,9,32,8,11,100,4,8,8,48,20,930,8,4,0,0,
~30,7,15,40,11,21,0,0,0,3,0,5,6,4,25,20,20,90,160,0,300,0,18000,26,7,40,0,32,7,11,100,4,8,8,52,20,930,8,4,0,0,
~30,7,15,40,11,21,0,0,0,3,0,5,6,4,25,20,20,90,160,0,300,0,18000,27,7,40,0,32,7,11,100,4,8,8,52,20,930,8,4,0,0,
~30,7,15,40,11,21,0,0,0,3,0,5,6,4,25,20,20,90,160,0,300,0,18000,27,7,40,0,32,7,11,100,4,8,8,50,20,930,8,4,0,0,
~30,7,15,40,11,21,0,0,0,3,0,5,6,4,25,20,20,90,160,0,300,0,18000,26,7,40,0,32,7,11,100,4,8,11,50,20,930,8,4,0,0,
~30,7,15,40,11,21,0,0,0,3,0,5,6,4,25,20,20,90,160,0,300,0,18000,26,7,40,61,26,7,11,100,4,8,11,48,24,1077,11,9,0,0,
~30,7,15,40,11,21,0,0,0,3,0,5,6,4,25,20,20,90,160,0,300,0,18000,25,7,40,61,26,7,11,100,4,8,11,48,24,1077,11,9,0,0,
~30,7,15,40,11,21,0,0,0,3,0,5,6,4,25,20,20,90,160,0,300,0,18000,25,7,40,21,24,7,11,100,4,8,11,49,21,1061,9,9,0,0,
~30,7,15,40,11,21,0,0,0,3,0,5,6,4,25,20,20,90,160,0,300,0,18000,25,7,40,21,24,7,11,100,4,8,11,49,21,1061,9,9,0,0,
~30,7,15,40,11,21,0,0,0,3,0,5,6,4,25,20,20,90,160,0,300,0,18000,25,7,40,20,23,7,11,100,4,8,11,49,19,1094,8,8,0,0,
~30,7,15,40,11,21,0,0,0,3,0,5,6,4,25,20,20,90,160,0,300,0,18000,25,7,40,20,23,7,11,100,4,8,11,49,19,1094,8,8,0,0,
~30,7,15,40,11,21,0,0,0,3,0,5,6,4,25,20,20,90,160,0,300,0,18000,25,7,40,19,21,7,11,100,4,8,11,50,17,1121,7,8,0,0,
~30,7,15,40,11,21,0,0,0,3,0,5,6,4,25,20,20,90,160,0,300,0,18000,25,7,40,19,21,7,11,100,4,8,11,50,17,1121,7,8,0,0,
~30,7,15,40,11,21,0,0,0,3,0,5,6,4,25,20,20,90,160,0,300,0,18000,25,7,40,19,20,7,11,100,4,8,11,50,15,1104,7,8,0,0,
~30,7,15,40,11,21,0,0,0,3,0,5,6,4,25,20,20,90,160,0,300,0,18000,25,7,40,19,20,7,11,100,4,8,11,50,15,1104,7,8,0,0,
~30,7,15,40,11,21,0,0,0,3,0,5,6,4,25,20,20,90,160,0,300,0,18000,25,7,40,19,20,7,11,100,4,8,11,50,14,1073,6,9,0,0,
~30,7,15,40,11,21,0,0,0,3,0,5,6,4,25,20,20,90,160,0,300,0,18000,25,7,40,19,20,7,11,100,4,8,11,50,14,1073,6,9,0,0,
~30,7,15,40,11,21,0,0,0,3,0,5,6,4,25,20,20,90,160,0,300,0,18000,25,7,40,19,19,7,11,100,4,8,11,51,12,1072,6,9,0,0,
~30,7,15,40,11,21,0,0,0,3,0,5,6,4,25,20,20,90,160,0,300,0,18000,25,7,40,19,19,7,11,100,4,8,11,51,12,1072,6,9,0,0,
~30,7,15,40,11,21,0,0,0,3,0,5,6,4,25,20,20,90,160,0,300,0,18000,25,7,40,19,19,7,11,100,4,8,11,51,11,1025,6,9,0,0,
~30,7,15,40,11,21,0,0,0,3,0,5,6,4,25,20,20,90,160,0,300,0,18000,25,7,40,19,19,7,11,100,4,8,11,51,11,1025,6,9,0,0,
~30,7,15,40,11,21,0,0,0,3,0,5,6,4,25,20,20,90,160,0,300,0,18000,25,7,40,18,19,7,11,100,4,8,11,49,10,1046,5,9,0,0,
~30,7,15,40,13,21,0,0,0,3,0,5,6,4,25,20,20,110,180,0,300,0,18000,24,7,40,18,19,7,11,100,4,8,11,49,10,1046,5,9,0,0,
~30,7,15,40,13,21,0,0,0,3,0,5,6,4,25,20,20,110,180,0,300,0,18000,24,7,40,13,17,7,11,100,4,8,11,51,9,1066,5,7,0,0,
~30,7,15,40,13,21,0,0,0,3,0,5,6,4,25,20,20,110,180,0,300,0,18000,25,7,40,13,17,7,11,100,4,8,10,51,9,1066,5,7,0,0,
~30,7,15,40,13,21,0,0,0,3,0,5,6,4,25,20,20,110,180,0,300,0,18000,26,7,40,19,17,7,13,100,5,8,8,52,9,1038,5,8,0,0,
~30,7,15,40,13,21,0,0,0,3,0,5,6,4,25,20,20,110,180,0,300,0,18000,26,7,40,30,22,7,13,100,5,8,8,54,11,1029,5,17,0,0,
~30,7,15,40,13,21,0,0,0,3,0,5,6,4,25,20,20,110,180,0,300,0,18000,27,7,40,30,22,7,13,100,5,8,8,54,11,1029,5,17,0,0,
~30,7,15,40,13,21,0,0,0,3,0,5,6,4,25,20,20,110,180,0,300,0,18000,27,7,40,12,19,7,13,100,5,8,8,54,10,1177,4,30,0,0,
~30,7,15,40,13,21,0,0,0,3,0,5,6,4,25,20,20,110,180,0,300,0,18000,27,7,40,12,19,7,13,100,5,8,8,54,10,1177,4,30,0,0,
~30,7,15,40,13,21,0,0,0,3,0,5,6,4,25,20,20,110,180,0,300,0,18000,27,8,40,31,23,8,13,100,5,8,8,54,11,1161,4,25,0,0,
~30,7,15,40,13,21,0,0,0,3,0,5,6,4,25,20,20,110,180,0,300,0,18000,27,8,40,31,23,8,13,100,5,8,8,54,11,1161,4,25,0,0,
~30,7,15,40,13,21,0,0,0,3,0,5,6,4,25,20,20,110,180,0,300,0,18000,27,7,40,30,25,7,13,97,6,8,8,54,11,1065,5,21,0,0,
~30,7,15,40,15,21,0,0,0,3,0,5,6,4,25,20,20,120,200,0,300,0,18000,27,7,40,30,25,7,13,97,6,8,8,54,11,1065,5,21,0,0,
~30,7,15,40,15,21,0,0,0,3,0,5,6,4,25,20,20,120,200,0,300,0,18000,27,7,40,30,26,7,13,87,6,8,8,55,12,1060,5,18,0,0,
~30,7,15,40,15,21,0,0,0,3,0,5,6,4,25,20,20,120,200,0,300,0,18000,27,7,40,30,26,7,13,87,6,8,8,55,12,1060,5,18,0,0,
~30,7,15,40,15,21,0,0,0,3,0,5,6,4,25,20,20,120,200,0,300,0,18000,27,7,40,29,27,7,15,75,6,8,8,54,11,1047,5,16,0,0,
~30,7,15,40,15,21,0,0,0,3,0,5,6,4,25,20,20,120,200,0,300,0,18000,26,7,40,29,27,7,15,75,6,8,8,54,11,1047,5,16,0,0,
~30,7,15,40,15,21,0,0,0,3,0,5,6,4,25,20,20,120,200,0,300,0,18000,26,7,40,43,32,7,15,64,7,8,8,56,12,1062,5,19,0,0,
~30,7,15,40,15,21,0,0,0,3,0,5,6,4,25,20,20,120,200,0,300,0,18000,27,7,40,43,32,7,15,64,7,8,6,56,12,1062,5,19,0,0,
~30,7,15,40,15,21,0,0,0,3,0,5,6,4,25,20,20,120,200,0,300,0,18000,27,7,40,42,35,7,15,55,7,8,6,58,13,1044,5,17,0,0,
~30,7,15,40,15,21,0,0,0,3,0,5,6,4,25,20,20,120,200,0,300,0,18000,27,7,40,42,35,7,15,55,7,8,5,58,13,1044,5,17,0,0,
~30,7,15,40,15,21,0,0,0,3,0,5,6,4,25,20,20,120,200,0,300,0,18000,27,7,40,43,38,7,15,48,8,8,5,61,12,1083,5,16,0,0,
~30,7,15,40,15,21,0,0,0,3,0,5,6,4,25,20,20,120,200,0,300,0,18000,28,7,40,43,38,7,15,48,8,8,5,61,12,1083,5,16,0,0,
~30,7,15,40,15,21,0,0,0,3,0,5,6,4,25,20,20,120,200,0,300,0,18000,28,7,40,42,39,7,15,42,8,8,5,63,12,1074,5,15,0,0,
~30,7,15,40,16,21,0,0,0,3,0,5,6,4,25,20,20,130,210,0,300,0,18000,28,7,40,42,39,7,15,42,8,8,4,63,12,1074,5,15,0,0,
~30,7,15,40,16,21,0,0,0,3,0,5,6,4,25,20,20,130,210,0,300,0,18000,28,7,40,41,39,7,15,38,8,8,4,65,11,1098,5,14,0,0,
~30,7,15,40,16,21,0,0,0,3,0,5,6,4,25,20,20,130,210,0,300,0,18000,28,7,40,41,39,7,15,38,8,8,4,65,11,1098,5,14,0,0,
~30,7,15,40,16,21,0,0,0,3,0,5,6,4,25,20,20,130,210,0,300,0,18000,28,7,40,41,40,7,16,35,8,8,4,69,10,1116,5,14,0,0,
~30,7,15,40,16,21,0,0,0,3,0,5,6,4,25,20,20,130,210,0,300,0,18000,29,7,40,48,42,7,16,32,8,8,3,71,10,1095,5,15,0,0,
~30,7,15,40,16,21,0,0,0,3,0,5,6,4,25,20,20,130,210,0,300,0,18000,29,7,40,48,42,7,16,32,8,8,3,71,10,1095,5,15,0,0,
~30,7,15,40,16,21,0,0,0,3,0,5,6,4,25,20,20,130,210,0,300,0,18000,29,7,40,47,44,7,16,30,9,8,3,74,10,1111,5,14,0,0,
~30,7,15,40,16,21,0,0,0,3,0,5,6,4,25,20,20,130,210,0,300,0,18000,29,7,40,47,44,7,16,30,9,8,3,74,10,1111,5,14,0,0,
~30,7,15,40,16,21,0,0,0,3,0,5,6,4,25,20,20,130,210,0,300,0,18000,29,7,40,48,45,7,16,29,9,9,3,76,9,1128,5,13,0,0,
~30,7,15,40,15,21,0,0,0,3,0,5,6,4,25,20,20,120,200,0,300,0,18000,29,7,40,48,45,7,16,29,9,9,3,76,9,1128,5,13,0,0,
~30,7,15,40,14,21,0,0,0,3,0,5,6,4,25,20,20,110,190,0,300,0,18000,29,7,40,46,45,7,16,28,9,8,3,79,9,1145,5,13,0,0,
~30,7,15,40,14,21,0,0,0,3,0,5,6,4,25,20,20,110,190,0,300,0,18000,29,7,40,46,45,7,16,28,9,8,3,79,9,1145,5,13,0,0,
~30,7,15,40,14,21,0,0,0,3,0,5,6,4,25,20,20,110,190,0,300,0,18000,29,7,40,46,45,7,14,27,8,8,3,81,8,1123,5,13,0,0,
~30,7,15,40,14,21,0,0,0,3,0,5,6,4,25,20,20,110,190,0,300,0,18000,29,7,40,46,45,7,14,27,8,8,3,81,8,1123,5,13,0,0,
~30,7,15,40,14,21,0,0,0,3,0,5,6,4,25,20,20,110,190,0,300,0,18000,29,7,40,36,42,7,14,26,8,8,3,81,7,1091,5,9,0,0,
~30,7,15,40,14,21,0,0,0,3,0,5,6,4,25,20,20,110,190,0,300,0,18000,28,7,40,36,42,7,14,26,8,8,3,81,7,1091,5,9,0,0,
~30,7,15,40,14,21,0,0,0,3,0,5,6,4,25,20,20,110,190,0,300,0,18000,28,7,40,36,40,7,14,26,8,8,3,85,6,1101,5,10,0,0,
~30,7,15,40,14,21,0,0,0,3,0,5,6,4,25,20,20,110,190,0,300,0,18000,29,7,40,36,40,7,14,26,8,8,0,85,6,1101,5,10,0,0,
~30,7,15,40,14,21,0,0,0,3,0,5,6,4,25,20,20,110,190,0,300,0,18000,29,7,40,36,38,7,14,26,7,8,0,89,6,1100,5,10,0,0,
~30,7,15,40,13,21,0,0,0,3,0,5,6,4,25,20,20,110,180,0,300,0,18000,30,7,40,36,38,7,14,26,7,8,0,89,6,1100,5,10,0,0,
~30,7,15,40,13,21,0,0,0,3,0,5,6,4,25,20,20,110,180,0,300,0,18000,30,7,40,35,37,7,14,25,7,8,0,90,5,1094,5,10,0,0,
~30,7,15,40,13,21,0,0,0,3,0,5,6,4,25,20,20,110,180,0,300,0,18000,30,7,40,35,37,7,14,25,7,8,0,90,5,1094,5,10,0,0,
~30,7,15,40,13,21,0,0,0,3,0,5,6,4,25,20,20,110,180,0,300,0,18000,30,7,40,35,37,7,13,25,7,8,0,91,4,1079,5,10,0,0,
~30,7,15,40,13,21,0,0,0,3,0,5,6,4,25,20,20,110,180,0,300,0,18000,30,7,40,35,37,7,13,25,7,8,0,91,4,1079,5,10,0,0,
~30,7,15,40,13,21,0,0,0,3,0,5,6,4,25,20,20,110,180,0,300,0,18000,30,7,40,30,34,7,13,25,7,8,0,93,4,1073,5,9,0,0,
~30,7,15,40,13,21,0,0,0,3,0,5,6,4,25,20,20,110,180,0,300,0,18000,30,7,40,30,34,7,13,25,7,8,0,93,4,1073,5,9,0,0,
~30,7,15,40,15,21,0,0,0,3,0,5,6,4,25,20,20,120,200,0,300,0,18000,30,7,40,30,33,7,13,25,6,8,0,94,3,1069,5,10,0,0,
~30,7,15,40,15,21,0,0,0,3,0,5,6,4,25,20,20,120,200,0,300,0,18000,30,7,40,30,33,7,13,25,6,8,0,94,3,1069,5,10,0,0,
~30,7,15,40,15,21,0,0,0,3,0,5,6,4,25,20,20,120,200,0,300,0,18000,30,7,40,9,25,7,14,25,7,8,0,95,3,1337,4,24,0,0,
~30,7,15,40,15,21,0,0,0,3,0,5,6,4,25,20,20,120,200,0,300,0,18000,30,7,40,35,28,7,14,25,7,8,0,96,5,1252,4,23,0,0,
~30,7,15,40,15,21,0,0,0,3,0,5,6,4,25,20,20,120,200,0,300,0,18000,30,7,40,35,28,7,15,25,7,8,0,96,5,1252,4,23,0,0,
~30,7,15,40,15,21,0,0,0,3,0,5,6,4,25,20,20,120,200,0,300,0,18000,30,7,40,40,32,7,15,25,7,8,0,97,6,1197,4,22,0,0,
~30,7,15,40,15,21,0,0,0,3,0,5,6,4,25,20,20,120,200,0,300,0,18000,30,7,40,40,32,7,15,25,7,8,0,97,6,1197,4,22,0,0,
~30,7,15,40,15,21,0,0,0,3,0,5,6,4,25,20,20,120,200,0,300,0,18000,30,7,40,41,35,7,15,25,8,8,0,98,7,1183,4,20,0,0,
~30,7,15,40,15,21,0,0,0,3,0,5,6,4,25,20,20,120,200,0,300,0,18000,30,7,40,41,35,7,15,25,8,8,0,98,7,1183,4,20,0,0,
~30,7,15,40,15,21,0,0,0,3,0,5,6,4,25,20,20,120,200,0,300,0,18000,30,7,40,42,37,7,15,24,8,8,0,100,7,1171,4,19,0,0,
~30,7,15,40,15,21,0,0,0,3,0,5,6,4,25,20,20,120,200,0,300,0,18000,30,7,40,42,37,7,15,24,8,8,0,100,7,1171,4,19,0,0,
~30,7,15,40,15,21,0,0,0,3,0,5,6,4,25,20,20,120,200,0,300,0,18000,30,7,40,41,38,7,15,24,8,8,0,102,7,1123,4,17,0,0,
~30,7,15,40,15,21,0,0,0,3,0,5,6,4,25,20,20,120,200,0,300,0,18000,30,7,40,41,38,7,15,24,8,8,0,102,7,1123,4,17,0,0,
~30,7,15,40,15,21,0,0,0,3,0,5,6,4,25,20,20,120,200,0,300,0,18000,30,7,40,41,39,7,15,24,8,8,0,104,7,1126,4,17,0,0,
~30,7,15,40,15,21,0,0,0,3,0,5,6,4,25,20,20,120,200,0,300,0,18000,30,7,40,41,39,7,15,24,8,8,0,104,7,1126,4,17,0,0,
~30,8,15,40,15,21,0,0,0,3,0,5,6,4,25,20,30,120,200,0,300,0,18000,30,7,40,41,39,7,15,24,8,8,0,105,7,1112,4,16,0,0,
~30,9,15,40,15,21,0,0,0,3,0,5,6,4,25,20,40,130,200,0,300,0,18000,30,7,40,41,39,7,15,24,8,9,0,105,7,1112,4,16,0,0,
~30,9,15,40,15,21,0,0,0,3,0,5,6,4,25,20,40,130,200,0,300,0,18000,30,7,40,0,36,7,15,24,8,9,0,107,6,1127,4,15,0,0,
~30,9,15,40,15,21,0,0,0,3,0,5,6,4,25,20,40,130,200,0,300,0,18000,30,7,40,0,36,7,15,24,8,9,0,107,6,1127,4,15,0,0,
~30,9,15,40,15,21,0,0,0,3,0,5,6,4,25,20,40,130,200,0,300,0,18000,30,9,40,0,36,9,15,24,7,9,0,113,6,1127,4,15,0,0,
~30,9,15,40,15,21,0,0,0,3,0,5,6,4,25,20,40,130,200,0,300,0,18000,31,9,40,0,36,9,15,24,7,9,1,113,6,1127,4,15,0,0,
~30,9,15,40,15,21,0,0,0,3,0,5,6,4,25,20,40,130,200,0,300,0,18000,31,9,40,-4,33,9,15,24,7,9,1,110,5,1091,5,13,0,0,
~30,9,15,40,15,21,0,0,0,3,0,5,6,4,25,20,40,130,200,0,300,0,18000,30,9,40,-4,33,9,15,24,7,9,1,110,5,1091,5,13,0,0,
~30,9,15,40,15,21,0,0,0,3,0,5,6,4,25,20,40,130,200,0,300,0,18000,30,7,40,0,44,7,16,24,8,9,1,114,5,977,4,18,0,16,
~30,9,15,40,15,21,0,0,0,3,0,5,6,4,25,20,40,130,200,0,300,0,18000,31,7,40,0,44,7,16,24,8,9,2,114,5,977,4,18,0,16,
~30,9,15,40,15,21,0,0,0,3,0,5,6,4,25,20,40,130,200,0,300,0,18000,31,7,40,335,36,7,21,24,10,9,2,116,13,2794,15,15,0,16,
~30,9,15,40,15,21,0,0,0,3,0,5,6,4,25,20,40,130,200,0,300,0,18000,31,7,40,335,36,7,21,24,10,9,3,116,13,2794,15,15,0,16,
~30,9,15,40,15,21,0,0,0,3,0,5,6,4,25,20,40,130,200,0,300,0,18000,31,9,40,33,33,9,15,24,8,9,4,116,12,2751,11,15,0,16,
~30,9,15,40,15,21,0,0,0,3,0,5,6,4,25,20,40,130,200,0,300,0,18000,31,9,40,0,33,9,14,24,7,9,4,116,12,2751,11,15,0,16,
~30,9,15,40,15,21,0,0,0,3,0,5,6,4,25,20,40,130,200,0,300,0,18000,31,9,40,0,33,9,14,24,7,9,4,116,12,2751,11,15,0,16,
~30,9,15,40,15,21,0,0,0,3,0,5,6,4,25,20,40,130,200,0,300,0,18000,31,9,40,0,33,9,15,24,7,9,4,112,12,2751,11,15,0,16,
~30,9,15,40,15,21,0,0,0,3,0,5,6,4,25,20,40,130,200,0,300,0,18000,30,9,40,0,33,9,15,24,7,9,4,112,12,2751,11,15,0,16,
~30,9,15,40,15,21,0,0,0,3,0,5,6,4,25,20,40,130,200,0,300,0,18000,30,9,40,35,32,9,15,24,7,10,4,109,11,2216,9,15,0,0,
~30,9,15,40,15,21,0,0,0,3,0,5,6,4,25,20,40,130,200,0,300,0,18000,29,9,40,35,32,9,15,24,7,10,4,109,11,2216,9,15,0,0,
~30,9,15,40,15,21,0,0,0,3,0,5,6,4,25,20,40,130,200,0,300,0,18000,29,9,40,31,31,9,15,24,6,10,4,108,10,1848,8,12,0,0,
~30,9,15,40,15,21,0,0,0,3,0,5,6,4,25,20,40,130,200,0,300,0,18000,29,9,40,31,31,9,15,24,6,10,4,108,10,1848,8,12,0,0,
~30,9,15,40,15,23,0,0,0,3,0,5,6,4,25,20,40,130,200,0,300,0,18000,29,9,40,29,30,9,15,24,6,10,4,107,9,1602,7,10,0,0,
~30,9,15,40,15,23,0,0,0,3,0,5,6,4,25,20,40,130,200,0,300,0,18000,29,9,40,29,30,9,15,24,6,10,4,107,9,1602,7,10,0,0,
~30,9,15,40,15,23,0,0,0,3,0,5,6,4,25,20,40,130,200,0,300,0,18000,29,9,40,30,29,9,15,24,6,10,4,106,8,1419,6,10,0,0,
~30,9,15,40,15,23,0,0,0,3,0,5,6,4,25,20,40,130,200,0,300,0,18000,29,9,40,30,29,9,15,24,6,10,4,106,8,1419,6,10,0,0,
~30,9,15,40,15,23,0,0,0,3,0,5,6,4,25,20,40,130,200,0,300,0,18000,29,9,40,0,30,9,15,24,6,10,4,104,7,1240,5,10,0,0,
~30,9,15,40,15,23,0,0,0,3,0,5,6,4,25,20,40,130,200,0,300,0,18000,29,9,40,0,30,9,15,24,6,10,4,104,7,1240,5,10,0,0,
~30,9,15,40,15,23,0,0,0,3,0,5,6,4,25,20,40,130,200,0,300,0,18000,29,7,40,0,30,7,19,25,8,10,4,106,7,1240,5,10,0,0,
~30,9,15,40,15,23,0,0,0,3,0,5,6,4,25,20,40,130,200,0,300,0,18000,30,7,40,0,30,7,19,25,8,10,6,106,7,1240,5,10,0,0,
~30,9,15,40,15,23,0,0,0,3,0,5,6,4,25,20,40,130,200,0,300,0,18000,30,9,40,3,30,9,15,25,7,10,6,101,7,1240,5,10,0,0,
~30,9,15,40,15,23,0,0,0,3,0,5,6,4,25,20,40,130,200,0,300,0,18000,29,9,40,3,30,9,15,25,7,10,6,101,7,1240,5,10,0,0,
~30,9,15,40,15,23,0,0,0,3,0,5,6,4,25,20,40,130,200,0,300,0,18000,29,9,40,33,29,9,15,25,7,10,6,97,7,1186,5,12,0,0,
~30,9,15,40,15,23,0,0,0,3,0,5,6,4,25,20,40,130,200,0,300,0,18000,28,9,40,33,29,9,15,25,7,10,6,97,7,1186,5,12,0,0,
~30,9,15,40,15,23,0,0,0,3,0,5,6,4,25,20,40,130,200,0,300,0,18000,28,9,40,15,24,9,15,25,7,10,6,95,6,1376,4,28,0,0,
~30,9,15,40,15,23,0,0,0,3,0,5,6,4,25,20,40,130,200,0,300,0,18000,28,9,40,15,24,9,15,25,7,10,6,95,6,1376,4,28,0,0,
~30,9,15,40,15,23,0,0,0,3,0,5,6,4,25,20,40,130,200,0,300,0,18000,28,9,40,30,25,9,15,25,6,10,6,94,7,1292,4,23,0,0,
~30,9,15,40,15,23,0,0,0,3,0,5,6,4,25,20,40,130,200,0,300,0,18000,28,9,41,23,41,9,15,25,6,10,6,92,7,923,4,15,0,0,
~30,9,15,40,15,23,0,0,0,3,0,5,6,4,25,20,40,130,200,0,300,0,18000,28,9,41,23,41,9,15,25,6,10,6,92,7,923,4,15,0,0,
~30,9,15,40,15,23,0,0,0,3,0,5,6,4,25,20,40,130,200,0,300,0,18000,28,7,41,23,41,7,15,26,7,10,6,95,7,923,4,15,0,0,
~30,9,15,40,15,23,0,0,0,3,0,5,6,4,25,20,40,130,200,0,300,0,18000,29,7,40,23,41,7,15,26,7,10,7,95,7,923,4,15,0,0,
~30,9,15,40,15,23,0,0,0,3,0,5,6,4,25,20,40,130,200,0,300,0,18000,29,9,40,349,38,9,15,26,7,10,7,92,15,1089,17,13,0,0,
~30,9,15,40,15,23,0,0,0,3,0,5,6,4,25,20,40,130,200,0,300,0,18000,28,9,40,349,38,9,15,26,6,11,7,92,15,1089,17,13,0,0,
~30,9,15,40,15,23,0,0,0,3,0,5,6,4,25,20,40,130,200,0,300,0,18000,28,9,40,24,48,9,15,26,6,11,7,92,12,819,10,8,0,0,
~30,9,15,40,15,23,0,0,0,3,0,5,6,4,25,20,40,130,200,0,300,0,18000,28,9,40,24,48,9,15,26,6,11,7,92,12,819,10,8,0,0,
~30,9,15,40,15,23,0,0,0,3,0,5,6,4,25,20,40,130,200,0,300,0,18000,28,7,40,24,48,7,15,26,7,10,7,97,12,819,10,8,0,0,
~30,9,15,40,15,23,0,0,0,3,0,5,6,4,25,20,40,130,200,0,300,0,18000,29,7,40,24,48,7,15,26,7,10,8,97,12,819,10,8,0,0,
~30,9,15,40,15,23,0,0,0,3,0,5,6,4,25,20,40,130,200,0,300,0,18000,29,9,40,390,42,9,15,26,7,10,8,95,20,1060,23,9,0,0,
~30,9,15,40,15,23,0,0,0,3,0,5,6,4,25,20,40,130,200,0,300,0,18000,28,9,40,390,42,9,15,26,7,10,8,95,20,1060,23,9,0,0,
~30,9,15,40,15,23,0,0,0,3,0,5,6,4,25,20,40,130,200,0,300,0,18000,28,9,40,31,38,9,15,26,6,10,8,96,18,1084,17,7,0,0,
~30,9,15,40,15,23,0,0,0,3,0,5,6,4,25,20,40,130,200,0,300,0,18000,28,9,40,31,38,9,15,26,6,10,8,96,18,1084,17,7,0,0,
~30,9,15,40,15,23,0,0,0,3,0,5,6,4,25,20,40,130,200,0,300,0,18000,28,9,40,30,35,9,15,26,6,10,8,97,16,1117,13,6,0,0,
~30,9,15,40,15,23,0,0,0,3,0,5,6,4,25,20,40,130,200,0,300,0,18000,28,9,40,30,35,9,15,26,6,10,8,97,16,1117,13,6,0,0,
~30,9,15,40,15,23,0,0,0,3,0,5,6,4,25,20,40,130,200,0,300,0,18000,28,9,40,30,33,9,15,26,6,10,8,97,14,1142,10,5,0,0,
~30,9,15,40,15,23,0,0,0,3,0,5,6,4,25,20,40,130,200,0,300,0,18000,28,9,40,30,33,9,15,26,6,10,8,97,14,1142,10,5,0,0,
~30,9,15,40,15,23,0,0,0,3,0,5,6,4,25,20,40,130,200,0,300,0,18000,28,9,40,29,31,9,15,26,6,10,8,96,13,1153,8,5,0,0,
~30,9,15,40,15,23,0,0,0,3,0,5,6,4,25,20,40,130,200,0,300,0,18000,28,9,40,29,31,9,15,26,6,10,8,96,13,1153,8,5,0,0,
~30,9,15,40,15,23,0,0,0,3,0,5,6,4,25,20,40,130,200,0,300,0,18000,28,9,40,29,30,9,15,26,6,10,8,96,11,1173,7,6,0,0,
~30,9,15,40,15,23,0,0,0,3,0,5,6,4,25,20,40,130,200,0,300,0,18000,28,9,40,29,30,9,15,26,6,10,8,96,11,1173,7,6,0,0,
~30,9,15,40,15,23,0,0,0,3,0,5,6,4,25,20,40,130,200,0,300,0,18000,28,9,40,28,29,9,15,26,6,10,8,95,10,1148,6,6,0,0,
~30,9,15,40,15,23,0,0,0,3,0,5,6,4,25,20,40,130,200,0,300,0,18000,28,9,40,28,29,9,15,26,6,10,8,95,10,1148,6,6,0,0,
~30,9,15,40,15,23,0,0,0,3,0,5,6,4,25,20,40,130,200,0,300,0,18000,28,9,40,22,43,9,15,26,6,10,8,94,9,918,5,7,0,0,
~30,9,15,40,15,23,0,0,0,3,0,5,6,4,25,20,40,130,200,0,300,0,18000,28,8,40,301,37,8,15,26,6,10,8,93,16,1033,20,8,0,0,
~30,9,15,40,15,23,0,0,0,3,0,5,6,4,25,20,40,130,200,0,300,0,18000,28,8,40,301,37,8,15,26,6,10,9,93,16,1033,20,8,0,0,
~30,9,15,40,15,23,0,0,0,3,0,5,6,4,25,20,40,130,200,0,300,0,18000,28,9,40,-1,37,9,15,26,6,10,9,97,16,1033,20,8,0,0,
~30,9,15,40,15,23,0,0,0,3,0,5,6,4,25,20,40,130,200,0,300,0,18000,29,9,40,-1,37,9,15,26,6,10,9,97,16,1033,20,8,0,0,
~30,9,15,40,15,23,0,0,0,3,0,5,6,4,25,20,40,130,200,0,300,0,18000,29,9,40,32,35,9,15,26,6,10,9,90,15,1077,15,6,0,0,
~30,9,15,40,15,23,0,0,0,3,0,5,6,4,25,20,40,130,200,0,300,0,18000,27,9,40,32,35,9,15,26,6,10,8,90,15,1077,15,6,0,0,
~30,9,15,40,15,23,0,0,0,3,0,5,6,4,25,20,40,130,200,0,300,0,18000,27,9,40,28,48,9,15,26,6,10,8,89,12,850,9,5,0,0,
~30,9,15,40,15,23,0,0,0,3,0,5,6,4,25,20,40,130,200,0,300,0,18000,27,9,40,28,48,9,15,26,6,10,7,89,12,850,9,5,0,0,
~30,9,15,40,15,23,0,0,0,3,0,5,6,4,25,20,40,130,200,0,300,0,18000,27,7,40,359,41,7,15,26,7,10,7,94,19,949,26,6,0,0,
~30,9,15,40,15,23,0,0,0,3,0,5,6,4,25,20,40,130,200,0,300,0,18000,28,7,40,359,41,7,15,26,7,10,7,94,19,949,26,6,0,0,
~30,9,15,40,15,23,0,0,0,3,0,5,6,4,25,20,40,130,200,0,300,0,18000,28,8,40,0,41,8,18,26,8,10,7,95,19,949,26,6,0,0,
~30,9,15,40,15,23,0,0,0,3,0,5,6,4,25,20,40,130,200,0,300,0,18000,28,8,40,0,41,8,18,26,8,10,7,95,19,949,26,6,0,0,
~30,9,15,40,15,23,0,0,0,3,0,5,6,4,25,20,40,130,200,0,300,0,18000,28,9,40,0,41,9,15,26,7,10,7,95,19,949,26,6,0,0,
~30,9,15,40,15,23,0,0,0,3,0,5,6,4,25,20,40,130,200,0,300,0,18000,28,9,40,0,41,9,15,26,7,10,8,95,19,949,26,6,0,0,
~30,9,15,40,15,23,0,0,0,3,0,5,6,4,25,20,40,130,200,0,300,0,18000,28,9,40,39,35,9,15,26,7,10,8,95,18,1116,20,7,0,0,
~30,9,15,40,15,23,0,0,0,3,0,5,6,4,25,20,40,130,200,0,300,0,18000,28,9,40,39,35,9,15,26,7,10,8,95,18,1116,20,7,0,0,
~30,9,15,40,15,23,0,0,0,3,0,5,6,4,25,20,40,130,200,0,300,0,18000,28,9,40,25,30,9,15,26,7,10,8,95,16,1229,15,6,0,0,
~30,9,15,40,15,23,0,0,0,3,0,5,6,4,25,20,40,130,200,0,300,0,18000,28,9,40,25,30,9,15,26,7,10,8,95,16,1229,15,6,0,0,
~30,9,15,40,15,23,0,0,0,3,0,5,6,4,25,20,40,130,200,0,300,0,18000,28,9,40,28,29,9,15,26,6,10,8,95,15,1269,11,5,0,0,
~30,9,15,40,15,23,0,0,0,3,0,5,6,4,25,20,40,130,200,0,300,0,18000,28,9,40,28,29,9,15,26,6,10,8,95,15,1269,11,5,0,0,
~30,9,15,40,15,23,0,0,0,3,0,5,6,4,25,20,40,130,200,0,300,0,18000,28,8,40,28,28,8,17,26,7,10,8,95,13,1186,9,6,0,19,
~30,9,15,40,15,23,0,0,0,3,0,5,6,4,25,20,40,130,200,0,300,0,18000,28,8,40,28,28,8,17,26,7,10,8,95,13,1186,9,6,0,19,
~30,9,15,40,15,23,0,0,0,3,0,5,6,4,25,20,40,130,200,0,300,0,18000,28,9,40,-1,35,9,15,26,7,10,8,95,12,965,6,14,0,0,
~30,9,15,40,15,23,0,0,0,3,0,5,6,4,25,20,40,130,200,0,300,0,18000,28,9,40,-1,35,9,15,26,7,10,8,95,12,965,6,14,0,0,
~30,9,15,40,15,23,0,0,0,3,0,5,6,4,25,20,40,130,200,0,300,0,18000,27,9,40,35,33,9,15,26,7,10,6,92,11,1014,6,9,0,0,
~30,9,15,40,15,23,0,0,0,3,0,5,6,4,25,20,40,130,200,0,300,0,18000,27,9,40,29,32,9,15,26,6,10,6,95,10,1072,5,9,0,0,
~30,9,15,40,15,23,0,0,0,3,0,5,6,4,25,20,40,130,200,0,300,0,18000,28,9,40,29,32,9,15,26,6,10,6,95,10,1072,5,9,0,0,
~30,9,15,40,15,23,0,0,0,3,0,5,6,4,25,20,40,130,200,0,300,0,18000,28,9,40,30,30,9,15,26,6,10,6,99,9,1094,5,10,0,0,
~30,9,15,40,15,23,0,0,0,3,0,5,6,4,25,20,40,130,200,0,300,0,18000,29,9,40,30,30,9,15,26,6,10,6,99,9,1094,5,10,0,0,
~30,9,15,40,15,23,0,0,0,3,0,5,6,4,25,20,40,130,200,0,300,0,18000,29,9,40,29,30,9,15,26,6,10,6,99,8,1105,5,10,0,0,
~30,9,15,40,15,23,0,0,0,3,0,5,6,4,25,20,40,130,200,0,300,0,18000,29,9,40,29,30,9,15,26,6,10,6,99,8,1105,5,10,0,0,
~30,9,15,40,15,23,0,0,0,3,0,5,6,4,25,20,40,130,200,0,300,0,18000,29,9,40,28,29,9,15,26,6,10,6,99,7,1138,5,10,0,0,
~30,9,15,40,15,23,0,0,0,3,0,5,6,4,25,20,40,130,200,0,300,0,18000,29,9,40,28,29,9,15,26,6,10,6,99,7,1138,5,10,0,0,
~30,9,15,40,15,23,0,0,0,3,0,5,6,4,25,20,40,130,200,0,300,0,18000,29,9,40,29,29,9,15,26,6,10,6,100,6,1123,5,10,0,0,
~30,9,15,40,15,23,0,0,0,3,0,5,6,4,25,20,40,130,200,0,300,0,18000,29,9,40,29,29,9,15,26,6,10,6,100,6,1123,5,10,0,0,
~30,9,15,40,15,23,0,0,0,3,0,5,6,4,25,20,40,130,200,0,300,0,18000,29,9,40,29,28,9,15,26,6,10,6,96,6,1112,5,10,0,0,
~30,9,15,40,15,23,0,0,0,3,0,5,6,4,25,20,40,130,200,0,300,0,18000,28,9,40,29,28,9,15,26,6,10,5,96,6,1112,5,10,0,0,
~30,9,15,40,15,23,0,0,0,3,0,5,6,4,25,20,40,130,200,0,300,0,18000,28,9,40,29,28,9,15,26,6,10,5,99,6,1119,5,10,0,0,
~30,9,15,40,15,23,0,0,0,3,0,5,6,4,25,20,40,130,200,0,300,0,18000,29,9,40,29,28,9,15,26,6,10,5,99,6,1119,5,10,0,0,
~30,9,15,40,15,23,0,0,0,3,0,5,6,4,25,20,40,130,200,0,300,0,18000,29,9,40,30,28,9,15,26,6,10,5,98,6,1100,5,11,0,0,
~30,9,15,40,15,23,0,0,0,3,0,5,6,4,25,20,40,130,200,0,300,0,18000,29,9,40,30,28,9,15,26,6,10,5,98,6,1100,5,11,0,0,
~30,9,15,40,15,23,0,0,0,3,0,5,6,4,25,20,40,130,200,0,300,0,18000,29,9,40,29,28,9,15,26,6,10,5,92,5,1147,5,11,0,0,
~30,9,15,40,15,23,0,0,0,3,0,5,6,4,25,20,40,130,200,0,300,0,18000,28,9,40,29,28,9,15,26,6,10,4,92,5,1147,5,11,0,0,
~30,9,15,40,15,23,0,0,0,3,0,5,6,4,25,20,40,130,200,0,300,0,18000,28,9,40,29,28,9,15,26,6,10,4,95,5,1143,5,10,0,0,
~30,9,15,40,15,23,0,0,0,3,0,5,6,4,25,20,40,130,200,0,300,0,18000,29,9,40,29,28,9,15,26,6,10,4,95,5,1143,5,10,0,0,
~30,9,15,40,15,23,0,0,0,3,0,5,6,4,25,20,40,130,200,0,300,0,18000,29,9,40,29,28,9,15,26,6,10,4,94,5,1119,5,10,0,0,
~30,9,15,40,15,23,0,0,0,3,0,5,6,4,25,20,40,130,200,0,300,0,18000,29,9,40,29,28,9,15,26,6,10,4,94,5,1119,5,10,0,0,
~30,9,15,40,15,23,0,0,0,3,0,5,6,4,25,20,40,130,200,0,300,0,18000,29,9,40,29,28,9,15,26,6,10,4,93,5,1126,5,10,0,0,
~30,9,15,40,15,23,0,0,0,3,0,5,6,4,25,20,40,130,200,0,300,0,18000,29,9,40,29,28,9,15,26,6,10,4,92,4,1129,5,10,0,0,
~30,7,15,40,15,23,0,0,0,3,0,5,6,4,25,20,20,120,200,0,300,0,18000,29,9,40,29,28,9,15,26,6,10,4,92,4,1129,5,10,0,0,
~30,7,15,40,15,23,0,0,0,3,0,5,6,4,25,20,20,120,200,0,300,0,18000,29,7,40,28,29,7,15,26,7,10,4,91,3,1145,5,10,0,0,
~30,7,15,40,15,23,0,0,0,3,0,5,6,4,25,20,20,120,200,0,300,0,18000,29,7,40,28,29,7,15,26,7,10,4,91,3,1145,5,10,0,0,
~30,7,15,40,15,23,0,0,0,3,0,5,6,4,25,20,20,120,200,0,300,0,18000,29,7,40,39,32,7,15,26,7,9,4,94,5,1163,5,10,0,0,
~30,7,15,40,15,23,0,0,0,3,0,5,6,4,25,20,20,120,200,0,300,0,18000,30,7,40,39,32,7,15,26,7,9,4,94,5,1163,5,10,0,0,
~30,7,15,40,14,23,0,0,0,3,0,5,6,4,25,20,20,110,190,0,300,0,18000,30,7,40,40,35,7,15,26,7,9,4,94,5,1170,5,11,0,0,
~30,7,15,40,14,23,0,0,0,3,0,5,6,4,25,20,20,110,190,0,300,0,18000,30,7,40,40,35,7,15,26,7,9,4,94,5,1170,5,11,0,0,
~30,7,15,40,14,23,0,0,0,3,0,5,6,4,25,20,20,110,190,0,300,0,18000,30,7,40,37,35,7,15,26,8,9,4,95,5,1210,5,10,0,0,
~30,7,15,40,14,23,0,0,0,3,0,5,6,4,25,20,20,110,190,0,300,0,18000,30,7,40,37,35,7,15,26,8,9,4,95,5,1210,5,10,0,0,
~30,7,15,40,14,23,0,0,0,3,0,5,6,4,25,20,20,110,190,0,300,0,18000,30,7,40,34,34,7,14,26,7,9,4,91,5,1198,5,9,0,0,
~30,7,15,40,14,23,0,0,0,3,0,5,6,4,25,20,20,110,190,0,300,0,18000,29,7,40,34,34,7,14,26,7,9,2,91,5,1198,5,9,0,0,
~30,7,15,40,14,23,0,0,0,3,0,5,6,4,25,20,20,110,190,0,300,0,18000,29,7,40,35,34,7,14,26,7,8,2,91,4,1183,5,9,0,0,
~30,7,15,40,14,23,0,0,0,3,0,5,6,4,25,20,20,110,190,0,300,0,18000,29,7,40,35,34,7,14,26,7,8,2,91,4,1183,5,9,0,0,
~30,7,15,40,14,23,0,0,0,3,0,5,6,4,25,20,20,110,190,0,300,0,18000,29,7,40,35,34,7,14,26,7,8,2,94,4,1189,5,10,0,0,
~30,7,15,40,14,23,0,0,0,3,0,5,6,4,25,20,20,110,190,0,300,0,18000,30,7,40,35,34,7,14,26,7,8,2,94,4,1189,5,10,0,0,
~30,7,15,40,14,23,0,0,0,3,0,5,6,4,25,20,20,110,190,0,300,0,18000,30,7,40,-2,37,7,14,26,7,8,2,94,4,1198,5,11,0,0,
~30,7,15,40,14,23,0,0,0,3,0,5,6,4,25,20,20,110,190,0,300,0,18000,30,7,40,-2,37,7,14,26,7,8,2,94,4,1198,5,11,0,0,
~30,7,15,40,14,23,0,0,0,3,0,5,6,4,25,20,20,110,190,0,300,0,18000,30,7,40,0,37,7,14,26,7,8,2,90,4,1198,5,11,0,0,
~30,7,15,40,14,23,0,0,0,3,0,5,6,4,25,20,20,110,190,0,300,0,18000,29,7,41,0,37,7,14,26,7,8,1,90,4,1198,5,11,0,0,
~30,7,15,40,14,23,0,0,0,3,0,5,6,4,25,20,20,110,190,0,300,0,18000,29,7,41,7,37,7,14,26,7,8,1,86,4,1198,5,11,0,0,
~30,7,15,40,14,23,0,0,0,3,0,5,6,4,25,20,20,110,190,0,300,0,18000,28,7,40,7,37,7,14,26,7,8,1,86,4,1198,5,11,0,0,
~30,7,15,40,14,23,0,0,0,3,0,5,6,4,25,20,20,110,190,0,300,0,18000,28,7,40,0,37,7,14,26,7,8,1,86,3,1286,4,11,0,0,
~30,7,15,40,14,23,0,0,0,3,0,5,6,4,25,20,20,110,190,0,300,0,18000,28,7,40,0,37,7,14,26,7,8,0,86,3,1286,4,11,0,0,
~30,7,15,40,14,23,0,0,0,3,0,5,6,4,25,20,20,110,190,0,300,0,18000,29,7,40,36,37,7,14,26,7,8,0,89,3,1329,4,14,0,0,
~30,7,15,40,14,23,0,0,0,3,0,5,6,4,25,20,20,110,190,0,300,0,18000,29,7,40,29,33,7,14,26,7,8,0,90,3,1348,4,14,0,0,
~30,7,15,40,14,23,0,0,0,3,0,5,6,4,25,20,20,110,190,0,300,0,18000,29,7,40,29,33,7,14,26,7,8,0,90,3,1348,4,14,0,0,
~30,7,15,40,14,23,0,0,0,3,0,5,6,4,25,20,20,110,190,0,300,0,18000,29,7,40,26,30,7,14,26,7,8,0,90,2,1344,4,13,0,0,
~30,7,15,40,14,23,0,0,0,3,0,5,6,4,25,20,20,110,190,0,300,0,18000,29,7,40,26,30,7,14,26,7,8,0,90,2,1344,4,13,0,0,
~30,7,15,40,14,23,0,0,0,3,0,5,6,4,25,20,20,110,190,0,300,0,18000,29,7,41,27,45,7,14,26,7,8,0,90,2,1096,4,13,0,0,
~30,7,15,40,14,23,0,0,0,3,0,5,6,4,25,20,20,110,190,0,300,0,18000,29,7,41,27,45,7,14,26,7,8,0,90,2,1096,4,13,0,0,
~30,7,15,40,14,23,0,0,0,3,0,5,6,4,25,20,20,110,190,0,300,0,18000,29,7,41,296,37,7,14,26,7,8,0,92,10,1282,17,9,0,0,
~30,7,15,40,14,23,0,0,0,3,0,5,6,4,25,20,20,110,190,0,300,0,18000,29,7,40,296,37,7,14,26,7,8,1,92,10,1282,17,9,0,0,
~30,7,15,40,14,23,0,0,0,3,0,5,6,4,25,20,20,110,190,0,300,0,18000,29,7,40,38,36,7,14,26,7,8,1,92,10,1264,13,8,0,0,
~30,7,15,40,14,23,0,0,0,3,0,5,6,4,25,20,20,110,190,0,300,0,18000,29,7,40,38,36,7,14,26,7,8,1,92,10,1264,13,8,0,0,
~30,9,15,40,14,23,0,0,0,3,0,5,6,4,25,20,40,120,190,0,300,0,18000,29,7,40,34,34,7,14,26,7,8,1,92,9,1284,10,7,0,0,
~30,9,15,40,14,23,0,0,0,3,0,5,6,4,25,20,40,120,190,0,300,0,18000,29,7,40,34,34,7,14,26,7,8,1,92,9,1284,10,7,0,0,
~30,9,15,40,14,23,0,0,0,3,0,5,6,4,25,20,40,120,190,0,300,0,18000,29,7,40,38,36,7,15,26,7,9,1,92,8,1433,8,8,0,0,
~30,9,15,40,14,23,0,0,0,3,0,5,6,4,25,20,40,120,190,0,300,0,18000,29,7,40,38,36,7,15,26,7,9,1,92,8,1433,8,8,0,0,
~30,9,15,40,14,23,0,0,0,3,0,5,6,4,25,20,40,120,190,0,300,0,18000,29,9,40,0,38,9,14,26,7,9,1,93,7,1526,7,6,0,0,
~30,9,15,40,14,23,0,0,0,3,0,5,6,4,25,20,40,120,190,0,300,0,18000,29,9,40,0,38,9,14,26,7,9,1,93,7,1526,7,6,0,0,
~30,9,15,40,14,23,0,0,0,3,0,5,6,4,25,20,40,120,190,0,300,0,18000,29,9,40,14,35,9,14,26,6,9,1,94,7,1412,5,20,0,0,
~30,9,15,40,16,23,0,0,0,3,0,5,6,4,25,20,40,130,210,0,300,0,18000,29,9,40,14,35,9,14,26,6,9,1,94,7,1412,5,20,0,0,
~30,9,15,40,16,23,0,0,0,3,0,5,6,4,25,20,40,130,210,0,300,0,18000,29,9,40,26,32,9,14,26,6,9,1,94,6,1396,5,20,0,0,
~30,9,15,40,16,23,0,0,0,3,0,5,6,4,25,20,40,130,210,0,300,0,18000,29,9,40,26,32,9,16,26,6,9,1,94,6,1396,5,20,0,0,
~30,9,15,40,16,23,0,0,0,3,0,5,6,4,25,20,40,130,210,0,300,0,18000,29,9,40,3,28,9,16,26,6,9,1,95,6,1280,5,24,0,0,
~30,9,15,40,16,23,0,0,0,3,0,5,6,4,25,20,40,130,210,0,300,0,18000,29,8,40,3,28,8,16,26,7,9,1,95,6,1280,5,24,0,0,
~30,9,15,40,16,23,0,0,0,3,0,5,6,4,25,20,40,130,210,0,300,0,18000,29,8,40,296,28,8,16,26,7,9,1,95,14,1354,16,16,0,0,
~30,9,15,40,16,23,0,0,0,3,0,5,6,4,25,20,40,130,210,0,300,0,18000,29,9,40,296,28,9,16,26,7,9,2,95,14,1354,16,16,0,0,
~30,9,15,40,16,23,0,0,0,3,0,5,6,4,25,20,40,130,210,0,300,0,18000,29,9,40,37,30,9,16,26,7,9,2,95,14,1305,12,12,0,0,
~30,9,15,40,16,23,0,0,0,3,0,5,6,4,25,20,40,130,210,0,300,0,18000,29,9,40,35,32,9,16,26,7,10,2,95,14,1285,10,10,0,0,
~30,9,15,40,16,23,0,0,0,3,0,5,6,4,25,20,40,130,210,0,300,0,18000,29,9,40,35,32,9,16,26,7,10,2,95,14,1285,10,10,0,0,
~30,9,15,40,16,23,0,0,0,3,0,5,6,4,25,20,40,130,210,0,300,0,18000,29,9,40,34,32,9,16,26,7,10,2,95,13,1248,8,8,0,0,
~30,9,15,40,16,23,0,0,0,3,0,5,6,4,25,20,40,130,210,0,300,0,18000,29,9,40,34,32,9,16,26,7,10,2,95,13,1248,8,8,0,0,
~30,9,15,40,16,23,0,0,0,3,0,5,6,4,25,20,40,130,210,0,300,0,18000,29,9,40,33,32,9,16,26,7,10,2,96,12,1223,7,8,0,0,
~30,9,15,40,16,23,0,0,0,3,0,5,6,4,25,20,40,130,210,0,300,0,18000,29,9,40,33,32,9,16,26,7,10,2,96,12,1223,7,8,0,0,
~30,9,15,40,16,23,0,0,0,3,0,5,6,4,25,20,40,130,210,0,300,0,18000,29,9,40,33,32,9,16,26,7,10,2,96,11,1208,6,8,0,0,
~30,9,15,40,16,23,0,0,0,3,0,5,6,4,25,20,40,130,210,0,300,0,18000,29,9,40,33,32,9,16,26,7,10,2,96,11,1208,6,8,0,0,
~30,9,15,40,16,23,0,0,0,3,0,5,6,4,25,20,40,130,210,0,300,0,18000,29,9,40,33,32,9,16,26,7,10,2,96,10,1206,6,8,0,0,
~30,9,15,40,16,23,0,0,0,3,0,5,6,4,25,20,40,130,210,0,300,0,18000,29,9,40,33,32,9,16,26,7,10,2,96,10,1206,6,8,0,0,
~30,9,15,40,16,23,0,0,0,3,0,5,6,4,25,20,40,130,210,0,300,0,18000,29,9,40,34,32,9,16,26,7,10,2,97,9,1207,5,8,0,0,
~30,9,15,40,16,23,0,0,0,3,0,5,6,4,25,20,40,130,210,0,300,0,18000,29,9,40,34,32,9,16,26,7,10,2,97,9,1207,5,8,0,0,
~30,9,15,40,16,23,0,0,0,3,0,5,6,4,25,20,40,130,210,0,300,0,18000,29,9,40,35,33,9,16,26,7,10,2,94,9,1201,5,9,0,0,
~30,9,15,40,16,23,0,0,0,3,0,5,6,4,25,20,40,130,210,0,300,0,18000,28,9,40,35,33,9,16,26,7,10,2,94,9,1201,5,9,0,0,
~30,9,15,40,16,23,0,0,0,3,0,5,6,4,25,20,40,130,210,0,300,0,18000,28,9,40,34,33,9,16,26,7,10,2,95,8,1175,5,9,0,0,
~30,9,15,40,16,23,0,0,0,3,0,5,6,4,25,20,40,130,210,0,300,0,18000,28,9,40,34,33,9,16,26,7,10,2,95,8,1175,5,9,0,0,
~30,9,15,40,16,23,0,0,0,3,0,5,6,4,25,20,40,130,210,0,300,0,18000,28,9,40,30,32,9,16,26,7,10,2,94,7,1161,5,9,0,0,
~30,9,15,40,16,23,0,0,0,3,0,5,6,4,25,20,40,130,210,0,300,0,18000,28,9,40,30,32,9,16,26,7,10,2,94,7,1161,5,9,0,0,
~30,9,15,40,16,23,0,0,0,3,0,5,6,4,25,20,40,130,210,0,300,0,18000,28,9,40,34,32,9,16,26,7,10,2,94,7,1167,5,9,0,0,
~30,9,15,40,16,23,0,0,0,3,0,5,6,4,25,20,40,130,210,0,300,0,18000,28,9,40,34,32,9,16,26,7,10,2,94,7,1167,5,9,0,0,
~30,9,15,40,16,23,0,0,0,3,0,5,6,4,25,20,40,130,210,0,300,0,18000,28,9,40,34,33,9,16,26,7,10,2,94,7,1169,5,10,0,0,
~30,9,15,40,16,23,0,0,0,3,0,5,6,4,25,20,40,130,210,0,300,0,18000,28,9,40,34,33,9,16,26,7,10,2,94,7,1169,5,10,0,0,
~30,9,15,40,16,23,0,0,0,3,0,5,6,4,25,20,40,130,210,0,300,0,18000,28,9,40,34,33,9,16,26,7,10,2,94,6,1156,5,10,0,0,
~30,9,15,40,16,23,0,0,0,3,0,5,6,4,25,20,40,130,210,0,300,0,18000,28,9,40,33,33,9,16,26,7,10,2,94,5,1167,5,10,0,0,
~30,9,15,40,16,23,0,0,0,3,0,5,6,4,25,20,40,130,210,0,300,0,18000,28,9,40,33,33,9,16,26,7,10,2,94,5,1167,5,10,0,0,
~30,9,15,40,16,23,0,0,0,3,0,5,6,4,25,20,40,130,210,0,300,0,18000,28,9,40,34,33,9,16,26,7,10,2,93,5,1202,5,10,0,0,
~30,9,15,40,16,23,0,0,0,3,0,5,6,4,25,20,40,130,210,0,300,0,18000,28,9,40,34,33,9,16,26,7,10,2,93,5,1202,5,10,0,0,
~30,9,15,40,16,23,0,0,0,3,0,5,6,4,25,20,40,130,210,0,300,0,18000,28,9,40,34,33,9,16,26,7,10,2,97,5,1183,5,10,0,0,
~30,9,15,40,16,23,0,0,0,3,0,5,6,4,25,20,40,130,210,0,300,0,18000,29,9,40,34,33,9,16,26,7,10,2,97,5,1183,5,10,0,0,
~30,9,15,40,16,23,0,0,0,3,0,5,6,4,25,20,40,130,210,0,300,0,18000,29,9,40,33,33,9,16,26,7,10,2,100,4,1199,5,9,0,0,
~30,9,15,40,16,23,0,0,0,3,0,5,6,4,25,20,40,130,210,0,300,0,18000,30,9,40,33,33,9,16,26,7,10,2,100,4,1199,5,9,0,0,
~30,9,15,40,16,23,0,0,0,3,0,5,6,4,25,20,40,130,210,0,300,0,18000,30,9,40,32,32,9,16,26,7,10,2,99,4,1190,5,9,0,0,
~30,9,15,40,16,23,0,0,0,3,0,5,6,4,25,20,40,130,210,0,300,0,18000,30,9,40,32,32,9,16,26,7,10,2,99,4,1190,5,9,0,0,
~30,9,15,40,16,23,0,0,0,3,0,5,6,4,25,20,40,130,210,0,300,0,18000,30,9,40,34,33,9,16,26,7,10,2,99,3,1164,5,9,0,0,
~30,9,15,40,16,23,0,0,0,3,0,5,6,4,25,20,40,130,210,0,300,0,18000,30,9,40,34,33,9,16,26,7,10,2,99,3,1164,5,9,0,0,
~30,9,15,40,16,23,0,0,0,3,0,5,6,4,25,20,40,130,210,0,300,0,18000,30,9,40,34,33,9,16,26,7,10,2,99,3,1179,5,10,0,0,
~30,9,15,40,16,23,0,0,0,3,0,5,6,4,25,20,40,130,210,0,300,0,18000,30,9,40,34,33,9,16,26,7,10,2,99,3,1179,5,10,0,0,
~30,9,15,40,16,23,0,0,0,3,0,5,6,4,25,20,40,130,210,0,300,0,18000,30,9,40,33,33,9,16,26,7,10,2,99,3,1196,5,10,0,0,
~30,9,15,40,16,23,0,0,0,3,0,5,6,4,25,20,40,130,210,0,300,0,18000,30,9,40,33,33,9,16,26,7,10,2,99,3,1196,5,10,0,0,
~30,9,15,40,16,23,0,0,0,3,0,5,6,4,25,20,40,130,210,0,300,0,18000,30,9,40,33,32,9,16,26,7,10,2,98,3,1203,5,10,0,0,
~30,9,15,40,16,23,0,0,0,3,0,5,6,4,25,20,40,130,210,0,300,0,18000,30,9,40,33,32,9,16,26,7,10,1,98,3,1203,5,10,0,0,
~30,9,15,40,16,23,0,0,0,3,0,5,6,4,25,20,40,130,210,0,300,0,18000,30,9,40,32,32,9,16,26,7,10,1,98,3,1203,5,10,0,0,
~30,9,15,40,16,23,0,0,0,3,0,5,6,4,25,20,40,130,210,0,300,0,18000,30,9,40,32,32,9,16,26,7,10,1,98,3,1203,5,10,0,0,
~30,9,15,40,16,23,0,0,0,3,0,5,6,4,25,20,40,130,210,0,300,0,18000,30,9,40,33,32,9,16,26,7,10,1,97,3,1207,5,10,0,0,
~30,9,15,40,16,23,0,0,0,3,0,5,6,4,25,20,40,130,210,0,300,0,18000,30,9,40,33,32,9,16,26,7,10,1,97,3,1207,5,10,0,0,
~30,9,15,40,16,23,0,0,0,1,0,5,6,4,25,20,40,130,210,0,300,0,18000,0,9,47,33,32,9,16,26,7,10,0,97,3,1203,5,10,0,0,
~30,9,15,40,16,23,0,0,0,1,0,5,6,4,25,20,40,130,210,0,300,0,18000,0,9,40,34,11,9,16,26,7,10,0,0,6,1174,5,10,0,0,
~30,9,15,40,16,23,0,0,0,1,0,5,6,4,25,20,40,130,210,0,300,0,18000,0,9,40,34,11,9,16,26,7,10,0,0,6,1174,5,10,0,0,
~30,9,15,40,16,23,0,0,0,1,0,5,6,4,25,20,40,130,210,0,300,0,18000,0,9,40,32,18,9,16,26,7,10,0,94,10,1179,5,9,0,0,
~30,9,15,40,16,23,0,0,0,1,0,5,6,4,25,20,40,130,210,0,300,0,18000,1,9,40,32,18,9,16,26,7,10,0,94,10,1179,5,9,0,0,
~30,9,15,40,16,23,0,0,0,1,0,5,6,4,25,20,40,130,210,0,300,0,18000,1,9,40,34,23,9,16,26,7,10,0,92,12,1196,5,9,0,0,
~30,9,15,40,16,23,0,0,0,1,0,5,6,4,25,20,40,130,210,0,300,0,18000,2,9,40,34,23,9,16,26,7,10,0,92,12,1196,5,9,0,0,
~30,9,15,40,16,23,0,0,0,1,0,5,6,4,25,20,40,130,210,0,300,0,18000,2,9,40,34,26,9,16,26,7,10,0,91,13,1182,5,9,0,0,
~30,9,15,40,16,23,0,0,0,1,0,5,6,4,25,20,40,130,210,0,300,0,18000,3,9,40,34,26,9,16,26,7,10,0,91,13,1182,5,9,0,0,
~30,9,15,40,16,23,0,0,0,1,0,5,6,4,25,20,40,130,210,0,300,0,18000,3,9,40,33,28,9,16,26,7,10,0,91,13,1170,5,9,0,0,
~30,9,15,40,16,23,0,0,0,1,0,5,6,4,25,20,40,130,210,0,300,0,18000,4,9,40,33,28,9,16,26,7,10,0,91,13,1170,5,9,0,0,
~30,9,15,40,16,23,0,0,0,1,0,5,6,4,25,20,40,130,210,0,300,0,18000,4,9,40,33,30,9,16,26,7,10,0,91,13,1159,5,10,0,0,
~30,9,15,40,16,23,0,0,0,1,0,5,6,4,25,20,40,130,210,0,300,0,18000,5,9,40,33,30,9,16,26,7,10,0,91,13,1159,5,10,0,0,
~30,9,15,40,16,23,0,0,0,1,0,5,6,4,25,20,40,130,210,0,300,0,18000,5,9,40,34,31,9,16,26,7,10,0,91,12,1181,5,10,0,0,
~30,9,15,40,16,23,0,0,0,1,0,5,6,4,25,20,40,130,210,0,300,0,18000,6,9,40,34,31,9,16,26,7,10,0,91,12,1181,5,10,0,0,
~30,9,15,40,16,23,0,0,0,1,0,5,6,4,25,20,40,130,210,0,300,0,18000,6,9,40,33,31,9,16,26,7,10,0,91,12,1205,5,10,0,0,
~30,9,15,40,16,23,0,0,0,1,0,5,6,4,25,20,40,130,210,0,300,0,18000,7,9,40,33,31,9,16,26,7,10,0,91,12,1205,5,10,0,0,
~30,9,15,40,16,23,0,0,0,1,0,5,6,4,25,20,40,130,210,0,300,0,18000,7,9,40,33,32,9,16,26,7,10,0,91,11,1235,5,10,0,0,
~30,9,15,40,16,23,0,0,0,1,0,5,6,4,25,20,40,130,210,0,300,0,18000,8,9,40,33,32,9,16,26,7,10,0,91,11,1235,5,10,0,0,
~30,9,15,40,16,23,0,0,0,1,0,5,6,4,25,20,40,130,210,0,300,0,18000,8,9,40,33,32,9,16,26,7,10,0,91,10,1232,5,10,0,0,
~30,9,15,40,16,23,0,0,0,3,0,5,6,4,25,20,40,130,210,0,300,0,18000,9,9,40,33,32,9,16,26,7,10,0,91,10,1232,5,10,0,0,
~30,9,15,40,16,23,0,0,0,3,0,5,6,4,25,20,40,130,210,0,300,0,18000,0,9,64,0,0,9,16,26,7,10,0,0,0,0,0,0,0,0,
~30,9,15,40,16,23,0,0,0,3,0,5,6,4,25,20,40,130,210,0,300,0,18000,0,9,64,0,0,9,16,26,7,10,0,0,0,0,0,0,0,0,
~30,9,15,40,16,23,0,0,0,3,0,5,6,4,25,20,40,130,210,0,300,0,18000,0,9,40,33,11,9,16,26,7,10,0,91,6,1211,5,10,0,0,
~30,9,15,40,16,23,0,0,0,3,0,5,6,4,25,20,40,130,210,0,300,0,18000,1,9,40,33,18,9,16,26,7,10,0,89,10,1175,5,10,0,0,
~30,9,15,40,16,23,0,0,0,3,0,5,6,4,25,20,40,130,210,0,300,0,18000,2,9,40,33,18,9,16,26,7,10,0,89,10,1175,5,10,0,0,
~30,9,15,40,16,23,0,0,0,3,0,5,6,4,25,20,40,130,210,0,300,0,18000,2,9,40,33,22,9,16,26,7,10,0,87,12,1175,5,9,0,0,
~30,9,15,40,16,23,0,0,0,3,0,5,6,4,25,20,40,130,210,0,300,0,18000,3,9,40,33,22,9,16,26,7,10,0,87,12,1175,5,9,0,0,
~30,9,15,40,16,23,0,0,0,3,0,5,6,4,25,20,40,130,210,0,300,0,18000,3,9,40,33,26,9,16,26,7,10,0,86,13,1192,5,9,0,0,
~30,9,15,40,16,23,0,0,0,3,0,5,6,4,25,20,40,130,210,0,300,0,18000,4,9,40,33,26,9,16,26,7,10,0,86,13,1192,5,9,0,0,
~30,9,15,40,16,23,0,0,0,3,0,5,6,4,25,20,40,130,210,0,300,0,18000,4,9,40,33,28,9,16,26,7,10,0,86,13,1191,5,10,0,0,
~30,9,15,40,16,23,0,0,0,3,0,5,6,4,25,20,40,130,210,0,300,0,18000,5,9,40,33,28,9,16,26,7,10,0,86,13,1191,5,10,0,0,
~30,9,15,40,16,23,0,0,0,3,0,5,6,4,25,20,40,130,210,0,300,0,18000,5,9,40,33,29,9,16,26,7,10,0,85,13,1196,5,10,0,0,
~30,9,15,40,18,23,0,0,0,3,0,5,6,4,25,20,40,150,230,0,300,0,18000,6,9,40,33,29,9,16,26,7,10,0,85,13,1196,5,10,0,0,
~30,8,15,40,18,23,0,0,0,3,0,5,6,4,25,20,30,150,230,0,300,0,18000,6,9,40,33,30,9,16,26,7,10,0,85,13,1181,5,10,0,0,
~30,7,15,40,18,23,0,0,0,3,0,5,6,4,25,20,20,140,230,0,300,0,18000,7,7,40,33,30,7,18,26,8,10,0,85,13,1181,5,10,0,0,
~30,7,15,40,18,23,0,0,0,3,0,5,6,4,25,20,20,140,230,0,300,0,18000,7,7,40,-6,37,7,18,26,8,10,0,84,13,1125,5,13,0,0,
~30,7,15,40,18,23,0,0,0,3,0,5,6,4,25,20,20,140,230,0,300,0,18000,8,7,40,-6,37,7,18,26,9,10,0,84,13,1125,5,13,0,0,
~30,7,15,40,18,23,0,0,0,3,0,5,6,4,25,20,20,140,230,0,300,0,18000,8,7,40,55,43,7,18,26,9,10,0,85,14,1181,5,12,0,0,
~30,7,15,40,18,23,0,0,0,3,0,5,6,4,25,20,20,140,230,0,300,0,18000,9,7,40,55,43,7,18,26,10,10,0,85,14,1181,5,12,0,0,
~30,7,15,40,18,23,0,0,0,3,0,5,6,4,25,20,20,140,230,0,300,0,18000,9,7,40,54,46,7,18,26,10,10,0,86,14,1198,5,12,0,0,
~30,6,15,40,18,23,0,0,0,3,0,5,6,4,25,20,10,140,230,0,300,0,18000,10,6,40,54,46,6,18,26,11,9,0,86,14,1198,5,12,0,0,
~30,6,15,40,18,23,0,0,0,3,0,5,6,4,25,20,10,140,230,0,300,0,18000,10,6,40,0,46,6,18,26,11,9,0,87,14,1198,5,12,0,0,
~30,7,15,40,18,23,0,0,0,3,0,5,6,4,25,20,20,140,230,0,300,0,18000,11,6,40,0,46,6,18,26,11,9,0,87,14,1198,5,12,0,0,
~30,7,15,40,18,23,0,0,0,3,0,5,6,4,25,20,20,140,230,0,300,0,18000,11,6,40,59,50,6,18,26,11,9,0,84,14,1215,5,11,0,0,
~30,7,15,40,17,23,0,0,0,3,0,5,6,4,25,20,20,140,220,0,300,0,18000,11,6,40,59,50,6,19,26,12,9,0,84,14,1215,5,11,0,0,
~30,7,15,40,17,23,0,0,0,3,0,5,6,4,25,20,20,140,220,0,300,0,18000,11,7,40,65,53,7,18,26,11,9,0,86,14,1259,5,12,0,0,
~30,7,15,40,17,23,0,0,0,3,0,5,6,4,25,20,20,140,220,0,300,0,18000,12,7,40,65,53,7,18,26,11,9,0,86,14,1259,5,12,0,0,
~30,7,15,40,19,23,0,0,0,3,0,5,6,4,25,20,20,150,240,0,300,0,18000,12,7,40,58,54,7,17,26,11,9,0,88,13,1237,5,10,0,0,
~30,7,15,40,19,23,0,0,0,3,0,5,6,4,25,20,20,150,240,0,300,0,18000,13,7,40,52,53,7,17,26,11,9,0,90,12,1228,5,9,0,0,
~30,7,15,40,19,23,0,0,0,3,0,5,6,4,25,20,20,150,240,0,300,0,18000,14,7,40,52,53,7,19,26,11,9,0,90,12,1228,5,9,0,0,
~30,7,15,40,19,23,0,0,0,3,0,5,6,4,25,20,20,150,240,0,300,0,18000,14,7,40,62,56,7,19,26,11,9,0,92,12,1240,5,13,0,0,
~30,7,15,40,18,23,0,0,0,3,0,5,6,4,25,20,20,140,230,0,300,0,18000,15,7,40,62,56,7,19,26,12,9,0,92,12,1240,5,13,0,0,
~30,7,15,40,16,23,0,0,0,3,0,5,6,4,25,20,20,130,210,0,300,0,18000,15,7,40,63,57,7,19,26,12,9,0,94,11,1251,5,12,0,0,
~30,4,15,40,16,23,0,0,0,3,0,5,6,4,25,20,10,120,210,0,300,0,18000,16,7,40,63,57,7,18,26,11,9,0,94,11,1251,5,12,0,0,
~30,5,15,40,16,23,0,0,0,3,0,5,6,4,25,20,10,120,210,0,300,0,18000,16,5,40,-5,56,5,16,26,11,9,0,97,10,1244,5,10,0,0,
~30,6,15,40,16,23,0,0,0,3,0,5,6,4,25,20,10,130,210,0,300,0,18000,17,5,40,-5,56,5,16,26,11,9,0,97,10,1244,5,10,0,0,
~30,6,15,40,16,23,0,0,0,3,0,5,6,4,25,20,10,130,210,0,300,0,18000,17,5,40,49,58,5,16,26,11,9,0,99,9,1233,4,8,0,0,
~30,8,15,40,16,23,0,0,0,3,0,5,6,4,25,20,30,130,210,0,300,0,18000,18,5,40,49,58,5,17,26,11,9,0,99,9,1233,4,8,0,0,
~30,7,15,40,16,23,0,0,0,3,0,5,6,4,25,20,20,130,210,0,300,0,18000,18,5,40,65,56,5,17,26,11,9,0,102,9,1290,4,11,0,0,
~30,7,15,40,16,23,0,0,0,3,0,5,6,4,25,20,20,130,210,0,300,0,18000,19,7,40,65,56,7,17,26,11,9,1,102,9,1290,4,11,0,0,
~30,7,15,40,14,23,0,0,0,3,0,5,6,4,25,20,20,110,190,0,300,0,18000,19,7,40,52,52,7,17,26,11,9,1,106,8,1331,4,10,0,0,
~30,7,15,40,14,23,0,0,0,3,0,5,6,4,25,20,20,110,190,0,300,0,18000,20,7,40,52,52,7,16,26,10,9,2,106,8,1331,4,10,0,0,
~30,7,15,40,14,23,0,0,0,3,0,5,6,4,25,20,20,110,190,0,300,0,18000,20,7,40,47,50,7,16,26,10,9,2,110,8,1297,4,10,0,0,
~30,7,15,40,14,23,0,0,0,3,0,5,6,4,25,20,20,110,190,0,300,0,18000,21,7,40,47,50,7,14,26,9,8,2,110,8,1297,4,10,0,0,
~30,8,15,40,14,23,0,0,0,3,0,5,6,4,25,20,30,120,190,0,300,0,18000,21,7,40,35,44,7,14,26,8,8,2,112,7,1228,4,7,0,0,
~30,9,15,40,14,23,0,0,0,3,0,5,6,4,25,20,40,120,190,0,300,0,18000,22,7,40,35,44,7,14,26,8,8,2,112,7,1228,4,7,0,0,
~30,9,15,40,14,23,0,0,0,3,0,5,6,4,25,20,40,120,190,0,300,0,18000,22,7,40,35,41,7,14,26,8,8,2,114,6,1198,4,9,0,0,
~30,9,15,40,12,23,0,0,0,3,0,5,6,4,25,20,40,110,170,0,300,0,18000,23,8,40,35,41,8,15,26,8,8,2,114,6,1198,4,9,0,0,
~30,9,15,40,12,23,0,0,0,3,0,5,6,4,25,20,40,110,170,0,300,0,18000,23,9,40,34,36,9,14,26,7,9,2,115,5,1298,4,11,0,0,
~30,9,15,40,12,23,0,0,0,3,0,5,6,4,25,20,40,110,170,0,300,0,18000,24,9,40,34,36,9,14,26,7,9,3,115,5,1298,4,11,0,0,
~30,9,15,40,12,23,0,0,0,3,0,5,6,4,25,20,40,110,170,0,300,0,18000,24,9,40,21,31,9,12,26,6,9,3,116,5,1259,4,8,0,0,
~30,9,15,40,12,23,0,0,0,3,0,5,6,4,25,20,40,110,170,0,300,0,18000,25,9,40,21,31,9,12,26,6,9,3,116,5,1259,4,8,0,0,
~30,8,15,40,12,23,0,0,0,3,0,5,6,4,25,20,30,100,170,0,300,0,18000,26,8,40,12,24,8,12,26,5,9,3,116,4,1280,4,24,0,0,
~30,8,15,40,12,23,0,0,0,3,0,5,6,4,25,20,30,100,170,0,300,0,18000,26,8,40,11,20,8,12,26,5,9,3,115,4,1310,4,20,0,0,
~30,7,15,40,12,23,0,0,0,3,0,5,6,4,25,20,20,100,170,0,300,0,18000,27,7,40,11,20,7,12,26,5,9,3,115,4,1310,4,20,0,0,
~30,7,15,40,10,23,0,0,0,3,0,5,6,4,25,20,20,90,150,0,300,0,18000,27,7,40,17,21,7,12,26,5,9,3,114,3,1378,4,17,0,0,
~30,7,15,40,10,23,0,0,0,3,0,5,6,4,25,20,20,90,150,0,300,0,18000,28,7,40,17,21,7,12,26,5,8,3,114,3,1378,4,17,0,0,
~30,7,15,40,10,23,0,0,0,3,0,5,6,4,25,20,20,90,150,0,300,0,18000,28,7,40,23,21,7,12,26,5,8,3,113,4,1294,4,16,0,0,
~30,7,15,40,10,23,0,0,0,3,0,5,6,4,25,20,20,90,150,0,300,0,18000,29,7,40,23,21,7,10,26,4,8,3,113,4,1294,4,16,0,0,
~30,9,15,40,10,23,0,0,0,3,0,5,6,4,25,20,40,90,150,0,300,0,18000,29,7,40,12,16,7,10,26,4,8,3,112,3,1196,4,22,0,0,
~30,9,15,40,10,23,0,0,0,3,0,5,6,4,25,20,40,90,150,0,300,0,18000,29,7,40,12,16,7,10,26,4,8,3,112,3,1196,4,22,0,0,
~30,9,15,40,11,23,0,0,0,3,0,5,6,4,25,20,40,100,160,0,300,0,18000,29,7,40,12,16,7,10,26,4,8,3,114,3,1196,4,22,0,0,
~30,9,15,40,12,23,0,0,0,3,0,5,6,4,25,20,40,110,170,0,300,0,18000,30,9,40,12,16,9,10,26,3,8,5,114,3,1196,4,22,0,19,
~30,9,15,40,12,23,0,0,0,3,0,5,6,4,25,20,40,110,170,0,300,0,18000,30,9,40,12,16,9,10,26,3,8,5,112,3,1196,4,22,0,19,
~30,7,15,40,12,23,0,0,0,3,0,5,6,4,25,20,20,100,170,0,300,0,18000,29,9,40,12,16,9,12,26,3,8,5,112,3,1196,4,22,0,0,
~30,7,15,40,12,23,0,0,0,3,0,5,6,4,25,20,20,100,170,0,300,0,18000,29,9,40,13,14,9,12,26,3,8,5,110,3,1202,5,23,0,0,
~30,7,15,40,11,23,0,0,0,3,0,5,6,4,25,20,20,90,160,0,300,0,18000,28,7,40,13,14,7,12,26,4,8,5,110,3,1202,5,23,0,0,
~30,7,15,40,11,23,0,0,0,3,0,5,6,4,25,20,20,90,160,0,300,0,18000,28,7,40,12,17,7,12,26,4,8,5,109,2,1284,4,19,0,0,
~30,7,15,40,11,23,0,0,0,3,0,5,6,4,25,20,20,90,160,0,300,0,18000,28,7,40,12,17,7,12,26,4,8,5,109,2,1284,4,19,0,0,
~30,7,15,40,11,23,0,0,0,3,0,5,6,4,25,20,20,90,160,0,300,0,18000,28,7,40,23,19,7,12,26,4,8,5,108,4,1209,4,18,0,0,
~30,8,15,40,11,23,0,0,0,3,0,5,6,4,25,20,30,100,160,0,300,0,18000,28,8,40,23,19,8,11,26,4,8,5,108,4,1209,4,18,0,0,
~30,8,15,40,11,23,0,0,0,3,0,5,6,4,25,20,30,100,160,0,300,0,18000,28,8,40,17,18,8,11,26,4,8,5,107,3,1076,5,12,0,0,
~30,8,15,40,11,23,0,0,0,3,0,5,6,4,25,20,30,100,160,0,300,0,18000,28,8,40,17,18,8,11,26,4,8,5,107,3,1076,5,12,0,0,
~30,8,15,40,11,23,0,0,0,3,0,5,6,4,25,20,30,100,160,0,300,0,18000,28,8,40,17,18,8,11,26,3,8,5,107,3,1076,5,12,0,0,
~30,8,15,40,9,23,0,0,0,3,0,5,6,4,25,20,30,80,140,0,300,0,18000,29,8,40,17,18,8,11,26,3,8,6,107,3,1076,5,12,0,0,
~30,8,15,40,9,23,0,0,0,3,0,5,6,4,25,20,30,80,140,0,300,0,18000,29,8,40,14,16,8,10,26,3,8,6,104,3,1092,5,11,0,19,
~30,8,15,40,9,23,0,0,0,3,0,5,6,4,25,20,30,80,140,0,300,0,18000,28,8,40,8,13,8,10,26,3,8,6,101,2,1024,5,8,0,19,
~30,10,15,40,10,23,0,0,0,3,0,5,6,4,25,20,50,100,150,0,300,0,18000,28,8,40,8,13,8,9,26,2,8,6,101,2,1024,5,8,0,19,
~30,10,15,40,10,23,0,0,0,3,0,5,6,4,25,20,50,100,150,0,300,0,18000,28,8,40,8,13,8,9,26,2,8,6,98,2,1024,5,8,0,19,
~30,10,15,40,10,23,0,0,0,3,0,5,6,4,25,20,50,100,150,0,300,0,18000,28,9,40,8,13,9,10,26,2,8,6,98,2,1024,5,8,0,19,
~30,10,15,40,10,23,0,0,0,3,0,5,6,4,25,20,50,100,150,0,300,0,18000,28,9,40,8,13,9,10,26,2,8,6,98,2,1024,5,8,0,19,
~30,10,15,40,10,23,0,0,0,3,0,5,6,4,25,20,50,100,150,0,300,0,18000,28,10,40,8,13,10,10,26,1,9,7,98,2,1024,5,8,0,19,
~30,10,15,40,10,23,0,0,0,3,0,5,6,4,25,20,50,100,150,0,300,0,18000,28,10,40,8,13,10,10,26,1,9,7,93,2,1024,5,8,0,19,
~30,10,15,40,10,23,0,0,0,3,0,5,6,4,25,20,50,100,150,0,300,0,18000,27,10,40,8,13,10,10,26,1,9,7,93,2,1024,5,8,0,19,
~30,7,15,40,10,23,0,0,0,3,0,5,6,4,25,20,20,90,150,0,300,0,18000,27,10,40,8,13,10,10,26,1,9,7,87,2,1024,5,8,0,19,
~30,6,15,40,10,23,0,0,0,3,0,5,6,4,25,20,10,80,150,0,300,0,18000,26,6,40,8,13,6,10,26,2,9,7,87,2,1024,5,8,0,19,
~30,6,15,40,10,23,0,0,0,3,0,5,6,4,25,20,10,80,150,0,300,0,18000,26,6,40,8,13,6,10,26,2,9,7,82,2,1024,5,8,0,19,
~30,6,15,40,8,23,0,0,0,3,0,5,6,4,25,20,10,70,130,0,300,0,18000,25,6,40,8,13,6,10,26,3,8,7,82,2,1024,5,8,0,0,
~30,6,15,40,9,23,0,0,0,3,0,5,6,4,25,20,10,80,140,0,300,0,18000,25,6,40,6,13,6,10,26,3,8,7,77,2,1024,5,8,0,0,
~30,6,15,40,10,23,0,0,0,3,0,5,6,4,25,20,10,80,150,0,300,0,18000,24,6,40,6,13,6,9,26,3,8,7,77,2,1024,5,8,0,0,
~30,6,15,40,10,23,0,0,0,3,0,5,6,4,25,20,10,80,150,0,300,0,18000,24,6,40,11,12,6,9,26,3,8,7,71,2,1111,5,21,0,0,
~30,5,15,40,10,23,0,0,0,3,0,5,6,4,25,20,10,80,150,0,300,0,18000,23,6,40,11,12,6,10,26,3,8,7,71,2,1111,5,21,0,0,
~30,5,15,40,10,23,0,0,0,3,0,5,6,4,25,20,10,80,150,0,300,0,18000,23,6,40,17,14,6,10,26,3,8,7,67,3,1142,5,20,0,0,
~30,5,15,40,10,23,0,0,0,3,0,5,6,4,25,20,10,80,150,0,300,0,18000,23,5,40,17,14,5,10,26,4,7,7,67,3,1142,5,20,0,0,
~30,5,15,40,11,23,0,0,0,3,0,5,6,4,25,20,10,90,160,0,300,0,18000,23,5,40,18,15,5,10,26,4,7,7,62,5,1125,4,17,0,0,
~30,5,15,40,12,23,0,0,0,3,0,5,6,4,25,20,10,90,170,0,300,0,18000,23,5,40,18,15,5,10,26,4,7,7,62,5,1125,4,17,0,0,
~30,5,15,40,12,23,0,0,0,3,0,5,6,4,25,20,10,90,170,0,300,0,18000,23,6,40,24,18,6,12,26,5,7,7,58,7,1094,4,16,0,0,
~30,5,15,40,11,23,0,0,0,3,0,5,6,4,25,20,10,90,160,0,300,0,18000,23,6,40,24,18,6,12,26,5,7,6,58,7,1094,4,16,0,0,
~30,5,15,40,12,23,0,0,0,3,0,5,6,4,25,20,10,90,170,0,300,0,18000,23,5,40,36,24,5,12,26,6,6,6,54,9,1052,5,23,0,0,
~30,5,15,40,12,23,0,0,0,3,0,5,6,4,25,20,10,90,170,0,300,0,18000,23,5,40,36,24,5,12,26,6,6,5,54,9,1052,5,23,0,0,
~30,5,15,40,12,23,0,0,0,3,0,5,6,4,25,20,10,90,170,0,300,0,18000,23,5,40,36,28,5,12,26,6,6,5,52,10,1093,5,19,0,0,
~30,5,15,40,12,23,0,0,0,3,0,5,6,4,25,20,10,90,170,0,300,0,18000,23,5,40,36,30,5,12,26,6,6,5,49,11,1115,5,16,0,0,
~30,5,15,40,12,23,0,0,0,3,0,5,6,4,25,20,10,90,170,0,300,0,18000,23,5,40,36,30,5,12,26,6,6,5,49,11,1115,5,16,0,0,
~30,5,15,40,12,23,0,0,0,3,0,5,6,4,25,20,10,90,170,0,300,0,18000,23,5,40,27,38,5,12,26,6,6,5,48,9,1120,4,11,0,0,
~30,5,15,40,12,23,0,0,0,3,0,5,6,4,25,20,10,90,170,0,300,0,18000,23,5,40,27,38,5,12,26,7,6,5,48,9,1120,4,11,0,0,
~30,5,15,40,12,23,0,0,0,3,0,5,6,4,25,20,10,90,170,0,300,0,18000,23,5,40,225,35,5,12,26,7,6,5,51,17,1156,13,10,0,0,
~30,5,15,40,12,23,0,0,0,3,0,5,6,4,25,20,10,90,170,0,300,0,18000,24,5,40,225,35,5,12,26,7,6,4,51,17,1156,13,10,0,0,
~30,5,15,40,12,23,0,0,0,3,0,5,6,4,25,20,10,90,170,0,300,0,18000,24,5,40,3,35,5,12,26,7,6,4,51,17,1156,13,10,0,0,
~30,5,15,40,12,23,0,0,0,3,0,5,6,4,25,20,10,90,170,0,300,0,18000,24,4,40,3,35,4,12,26,7,6,5,51,17,1156,13,10,0,0,
~30,5,15,40,12,23,0,0,0,3,0,5,6,4,25,20,10,90,170,0,300,0,18000,24,4,40,327,34,4,12,26,7,6,5,48,24,1215,22,7,0,0,
~30,5,15,40,12,23,0,0,0,3,0,5,6,4,25,20,10,90,170,0,300,0,18000,23,6,40,327,34,6,12,26,7,6,6,48,24,1215,22,7,0,0,
~30,5,15,40,12,23,0,0,0,3,0,5,6,4,25,20,10,90,170,0,300,0,18000,23,6,40,39,35,6,12,26,7,6,6,49,23,1120,17,6,0,0,
~30,5,15,40,12,23,0,0,0,3,0,5,6,4,25,20,10,90,170,0,300,0,18000,23,6,40,39,35,6,12,26,7,6,6,49,23,1120,17,6,0,0,
~30,5,15,40,12,23,0,0,0,3,0,5,6,4,25,20,10,90,170,0,300,0,18000,23,6,40,38,36,6,12,26,7,6,6,50,21,1067,14,5,0,0,
~30,5,15,40,12,23,0,0,0,3,0,5,6,4,25,20,10,90,170,0,300,0,18000,23,5,40,38,36,5,12,26,7,6,6,50,21,1067,14,5,0,0,
~30,5,15,40,12,23,0,0,0,3,0,5,6,4,25,20,10,90,170,0,300,0,18000,23,5,40,36,36,5,12,26,7,6,6,52,19,1089,11,5,0,0,
~30,5,15,40,12,23,0,0,0,3,0,5,6,4,25,20,10,90,170,0,300,0,18000,23,5,40,36,36,5,12,26,7,6,6,52,19,1089,11,5,0,0,
~30,5,15,40,12,23,0,0,0,3,0,5,6,4,25,20,10,90,170,0,300,0,18000,23,5,40,37,53,5,12,26,7,6,6,53,17,969,9,5,0,0,
~30,5,15,40,12,23,0,0,0,3,0,5,6,4,25,20,10,90,170,0,300,0,18000,23,4,40,37,53,4,12,26,7,6,6,53,17,969,9,5,0,0,
~30,5,15,40,12,23,0,0,0,3,0,5,6,4,25,20,10,90,170,0,300,0,18000,23,5,40,259,48,5,12,26,7,6,6,55,23,1095,17,7,0,0,
~30,5,15,40,12,23,0,0,0,3,0,5,6,4,25,20,10,90,170,0,300,0,18000,22,5,40,259,48,5,12,26,7,6,5,55,23,1095,17,7,0,0,
~30,5,15,40,12,23,0,0,0,3,0,5,6,4,25,20,10,90,170,0,300,0,18000,22,6,40,39,44,6,12,26,7,6,5,60,21,1103,13,6,0,0,
~30,5,15,40,12,23,0,0,0,3,0,5,6,4,25,20,10,90,170,0,300,0,18000,23,6,40,39,44,6,12,26,7,6,5,60,21,1103,13,6,0,0,
~30,5,15,40,12,23,0,0,0,3,0,5,6,4,25,20,10,90,170,0,300,0,18000,23,6,40,38,42,6,12,26,7,6,5,64,19,1056,11,5,0,0,
~30,5,15,40,12,23,0,0,0,3,0,5,6,4,25,20,10,90,170,0,300,0,18000,24,6,40,38,42,6,12,26,7,6,5,64,19,1056,11,5,0,0,
~30,5,15,40,12,23,0,0,0,3,0,5,6,4,25,20,10,90,170,0,300,0,18000,24,5,40,37,40,5,12,26,7,6,5,67,17,1018,9,5,0,0,
~30,5,15,40,12,23,0,0,0,3,0,5,6,4,25,20,10,90,170,0,300,0,18000,24,5,40,38,39,5,12,26,7,6,5,69,15,1072,8,5,0,0,
~30,5,15,40,12,23,0,0,0,3,0,5,6,4,25,20,10,90,170,0,300,0,18000,24,5,40,38,39,5,12,26,7,6,5,69,15,1072,8,5,0,0,
~30,5,15,40,12,23,0,0,0,3,0,5,6,4,25,20,10,90,170,0,300,0,18000,24,5,40,36,37,5,12,26,7,6,5,71,13,1112,7,6,0,0,
~30,5,15,40,12,23,0,0,0,3,0,5,6,4,25,20,10,90,170,0,300,0,18000,24,6,40,36,37,6,12,26,7,6,5,71,13,1112,7,6,0,0,
~30,5,15,40,12,23,0,0,0,3,0,5,6,4,25,20,10,90,170,0,300,0,18000,24,6,40,37,37,6,12,26,7,6,5,72,12,1050,7,6,0,0,
~30,5,15,40,12,23,0,0,0,3,0,5,6,4,25,20,10,90,170,0,300,0,18000,23,6,40,37,37,6,12,26,6,6,4,72,12,1050,7,6,0,0,
~30,5,15,40,12,23,0,0,0,3,0,5,6,4,25,20,10,90,170,0,300,0,18000,23,6,40,36,36,6,12,26,6,6,4,75,11,1009,6,7,0,0,
~30,5,15,40,12,23,0,0,0,3,0,5,6,4,25,20,10,90,170,0,300,0,18000,24,5,40,36,36,5,12,26,7,6,4,75,11,1009,6,7,0,0,
~30,5,15,40,12,23,0,0,0,3,0,5,6,4,25,20,10,90,170,0,300,0,18000,24,5,40,30,52,5,13,26,7,7,4,77,9,852,5,6,0,0,
~30,5,15,40,12,23,0,0,0,3,0,5,6,4,25,20,10,90,170,0,300,0,18000,24,5,40,30,52,5,13,26,7,7,4,77,9,852,5,6,0,0,
~30,5,15,40,12,23,0,0,0,3,0,5,6,4,25,20,10,90,170,0,300,0,18000,24,5,40,30,52,5,13,26,7,7,4,85,9,852,5,6,0,0,
~30,5,15,40,12,23,0,0,0,3,0,5,6,4,25,20,10,90,170,0,300,0,18000,25,4,40,30,52,4,12,26,7,6,5,85,9,852,5,6,0,0,
~30,5,15,40,12,23,0,0,0,3,0,5,6,4,25,20,10,90,170,0,300,0,18000,25,4,40,345,225,4,12,26,8,7,5,85,15,627,26,7,0,0,
~30,5,15,40,12,23,0,0,0,3,0,5,6,4,25,20,10,90,170,0,300,0,18000,25,4,40,345,225,4,12,26,8,7,5,85,15,627,26,7,0,0,
~30,5,15,40,12,23,0,0,0,3,0,5,6,4,25,20,10,90,170,0,300,0,18000,25,4,40,345,225,4,12,26,8,7,5,123,15,627,26,7,0,0,
~30,5,15,40,12,23,0,0,0,3,0,5,6,4,25,20,10,90,170,0,300,0,18000,27,4,40,345,225,4,12,26,8,6,7,123,15,627,26,7,0,0,
~30,5,15,40,12,23,0,0,0,3,0,5,6,4,25,20,10,90,170,0,300,0,18000,27,4,40,2,251,4,12,26,8,6,7,123,16,609,31,4,0,0,
~30,5,15,40,12,23,0,0,0,3,0,5,6,4,25,20,10,90,170,0,300,0,18000,27,4,40,2,251,4,12,26,8,6,8,123,16,609,31,4,0,0,
~30,5,15,40,12,23,0,0,0,3,0,5,6,4,25,20,10,90,170,0,300,0,18000,27,5,40,296,182,5,12,26,8,6,8,149,18,1092,33,3,0,0,
~30,5,15,40,12,23,0,0,0,3,0,5,6,4,25,20,10,90,170,0,300,0,18000,28,5,40,296,182,5,12,26,8,6,9,149,18,1092,33,3,0,0,
~30,5,15,40,12,23,0,0,0,3,0,5,6,4,25,20,10,90,170,0,300,0,18000,28,5,40,21,127,5,12,26,7,6,9,167,16,1339,23,2,0,0,
~30,5,15,40,12,23,0,0,0,3,0,5,6,4,25,20,10,90,170,0,300,0,18000,29,5,40,21,127,5,12,26,7,6,9,167,16,1339,23,2,0,0,
~30,5,15,40,12,23,0,0,0,3,0,5,6,4,25,20,10,90,170,0,300,0,18000,29,5,40,21,90,5,12,26,7,6,9,179,14,1538,16,2,0,0,
~30,5,15,40,12,23,0,0,0,3,0,5,6,4,25,20,10,90,170,0,300,0,18000,30,5,40,19,66,5,12,26,7,6,9,187,13,1583,11,2,0,0,
~30,5,15,40,12,23,0,0,0,3,0,5,6,4,25,20,10,90,170,0,300,0,18000,30,5,41,19,66,5,12,26,7,6,9,187,13,1583,11,2,0,0,
~30,5,15,40,12,23,0,0,0,3,0,5,6,4,25,20,10,90,170,0,300,0,18000,30,4,40,3,51,4,12,26,7,7,9,192,19,1315,21,5,0,0,
~30,5,15,40,12,23,0,0,0,3,0,5,6,4,25,20,10,90,170,0,300,0,18000,30,4,40,3,51,4,12,26,7,7,9,192,19,1315,21,5,0,53,
~30,5,15,40,12,23,0,0,0,3,0,5,6,4,25,20,10,90,170,0,300,0,18000,30,4,40,0,40,4,12,26,7,7,9,203,26,1590,27,4,0,53,
~30,5,15,40,12,23,0,0,0,3,0,5,6,4,25,20,10,90,170,0,300,0,18000,31,4,41,0,40,4,12,26,8,6,11,203,26,1590,27,4,0,53,
~30,5,15,40,12,23,0,0,0,3,0,5,6,4,25,20,10,90,170,0,300,0,18000,31,5,40,342,86,5,12,26,7,7,11,205,33,1402,36,3,0,53,
~30,5,15,40,12,23,0,0,0,3,0,5,6,4,25,20,10,90,170,0,300,0,18000,31,5,40,342,86,5,12,26,7,7,12,205,33,1402,36,3,0,53,
~30,5,15,40,12,23,0,0,0,3,0,5,6,4,25,20,10,90,170,0,300,0,18000,31,5,40,342,86,5,12,26,7,7,12,223,33,1402,36,3,0,53,
~30,5,15,40,12,23,0,0,0,3,0,5,6,4,25,20,10,90,170,0,300,0,18000,32,5,40,342,86,5,12,26,7,6,14,223,33,1402,36,3,0,53,
~30,5,15,40,12,23,0,0,0,3,0,5,6,4,25,20,10,90,170,0,300,0,18000,32,5,40,5,73,5,12,26,7,6,14,220,30,1312,26,3,0,53,
~30,5,15,40,12,23,0,0,0,3,0,5,6,4,25,20,10,90,170,0,300,0,18000,31,5,40,5,73,5,12,26,7,6,14,220,30,1312,26,3,0,53,
~30,5,15,40,12,23,0,0,0,3,0,5,6,4,25,20,10,90,170,0,300,0,18000,31,5,40,39,60,5,12,26,7,6,14,224,27,1297,19,2,0,53,
~30,5,15,40,12,23,0,0,0,3,0,5,6,4,25,20,10,90,170,0,300,0,18000,31,5,40,39,60,5,12,26,7,6,14,224,27,1297,19,2,0,0,
~30,5,15,40,12,23,0,0,0,3,0,5,6,4,25,20,10,90,170,0,300,0,18000,31,5,40,29,48,5,12,26,7,6,14,223,24,1394,14,3,0,0,
~30,5,15,40,12,23,0,0,0,3,0,5,6,4,25,20,10,90,170,0,300,0,18000,30,5,40,29,48,5,12,26,7,6,14,223,24,1394,14,3,0,0,
~30,5,15,40,12,23,0,0,0,3,0,5,6,4,25,20,10,90,170,0,300,0,18000,30,5,40,37,44,5,12,26,7,6,14,224,21,1296,11,3,0,0,
~30,5,15,40,12,23,0,0,0,3,0,5,6,4,25,20,10,90,170,0,300,0,18000,30,5,40,37,44,5,12,26,7,6,13,224,21,1296,11,3,0,0,
~30,5,15,40,11,23,0,0,0,3,0,5,6,4,25,20,10,90,160,0,300,0,18000,30,5,40,37,41,5,12,26,7,6,13,229,19,1255,9,4,0,0,
~30,5,15,40,10,23,0,0,0,3,0,5,6,4,25,20,10,80,150,0,300,0,18000,31,5,40,37,41,5,12,26,7,6,12,229,19,1255,9,4,0,0,
~30,5,15,40,10,23,0,0,0,3,0,5,6,4,25,20,10,80,150,0,300,0,18000,31,5,40,38,40,5,11,26,7,6,12,229,17,1184,8,5,0,0,
~30,5,15,40,10,23,0,0,0,3,0,5,6,4,25,20,10,80,150,0,300,0,18000,31,5,40,38,40,5,11,26,7,6,12,229,17,1184,8,5,0,0,
~30,5,15,40,10,23,0,0,0,3,0,5,6,4,25,20,10,80,150,0,300,0,18000,31,5,40,30,36,5,10,26,6,6,12,230,16,1152,7,4,0,0,
~30,5,15,40,10,23,0,0,0,3,0,5,6,4,25,20,10,80,150,0,300,0,18000,31,5,40,30,36,5,10,26,6,6,12,230,16,1152,7,4,0,0,
~30,4,15,40,10,23,0,0,0,3,0,5,6,4,25,20,10,80,150,0,300,0,18000,31,4,40,25,32,4,10,26,6,6,12,230,14,1125,6,4,0,0,
~30,4,15,40,10,23,0,0,0,3,0,5,6,4,25,20,10,80,150,0,300,0,18000,31,4,40,25,32,4,10,26,6,6,12,230,12,1168,6,6,0,0,
~30,4,15,40,10,23,0,0,0,3,0,5,6,4,25,20,10,80,150,0,300,0,18000,31,4,40,25,32,4,10,26,6,6,12,230,12,1168,6,6,0,0,
~30,4,15,40,10,23,0,0,0,3,0,5,6,4,25,20,10,80,150,0,300,0,18000,31,4,40,31,31,4,10,26,6,6,12,227,11,1141,6,7,0,0,
~30,4,15,40,10,23,0,0,0,3,0,5,6,4,25,20,10,80,150,0,300,0,18000,31,4,40,31,31,4,10,26,6,6,11,227,11,1141,6,7,0,0,
~30,4,15,40,11,23,0,0,0,3,0,5,6,4,25,20,10,80,160,0,300,0,18000,31,4,40,30,31,4,10,26,6,6,11,226,10,1125,5,8,0,0,
~30,4,15,40,11,23,0,0,0,3,0,5,6,4,25,20,10,80,160,0,300,0,18000,31,5,40,30,31,5,10,26,6,5,11,226,10,1125,5,8,0,0,
~30,4,15,40,11,23,0,0,0,3,0,5,6,4,25,20,10,80,160,0,300,0,18000,31,5,40,31,31,5,10,26,6,5,11,224,9,1047,6,8,0,0,
~30,4,15,40,11,23,0,0,0,3,0,5,6,4,25,20,10,80,160,0,300,0,18000,31,4,40,31,31,4,11,26,6,5,11,224,9,1047,6,8,0,0,
~30,4,15,40,11,23,0,0,0,3,0,5,6,4,25,20,10,80,160,0,300,0,18000,31,4,40,38,33,4,11,26,6,5,11,223,9,1080,6,12,0,0,
~30,4,15,40,11,23,0,0,0,3,0,5,6,4,25,20,10,80,160,0,300,0,18000,31,4,40,38,33,4,11,26,6,5,11,223,9,1080,6,12,0,0,
~30,4,15,40,11,23,0,0,0,3,0,5,6,4,25,20,10,80,160,0,300,0,18000,31,4,40,37,34,4,11,26,6,5,11,223,9,1088,6,11,0,0,
~30,4,15,40,11,23,0,0,0,3,0,5,6,4,25,20,10,80,160,0,300,0,18000,31,4,40,37,34,4,11,26,7,5,11,223,9,1088,6,11,0,0,
~30,4,15,40,11,23,0,0,0,3,0,5,6,4,25,20,10,80,160,0,300,0,18000,31,4,40,36,34,4,11,26,7,5,11,222,9,1098,5,11,0,0,
~30,4,15,40,11,23,0,0,0,3,0,5,6,4,25,20,10,80,160,0,300,0,18000,31,4,40,36,34,4,11,26,7,5,11,222,9,1098,5,11,0,0,
~30,4,15,40,11,23,0,0,0,3,0,5,6,4,25,20,10,80,160,0,300,0,18000,31,4,40,36,35,4,11,26,7,5,11,222,8,1137,5,11,0,0,
~30,4,15,40,11,23,0,0,0,3,0,5,6,4,25,20,10,80,160,0,300,0,18000,31,4,40,36,35,4,11,26,7,5,11,222,8,1137,5,11,0,0,
~30,4,15,40,11,23,0,0,0,3,0,5,6,4,25,20,10,80,160,0,300,0,18000,31,4,40,38,36,4,11,26,7,5,11,222,8,1142,5,11,0,0,
~30,4,15,40,11,23,0,0,0,3,0,5,6,4,25,20,10,80,160,0,300,0,18000,31,4,40,38,36,4,11,26,7,5,11,222,8,1142,5,11,0,0,
~30,4,15,40,11,23,0,0,0,3,0,5,6,4,25,20,10,80,160,0,300,0,18000,31,4,40,38,36,4,11,26,7,5,11,222,7,1130,5,11,0,0,
~30,4,15,40,11,23,0,0,0,3,0,5,6,4,25,20,10,80,160,0,300,0,18000,31,4,40,38,36,4,11,26,7,5,11,222,7,1130,5,11,0,0,
~30,4,15,40,11,23,0,0,0,3,0,5,6,4,25,20,10,80,160,0,300,0,18000,31,5,40,38,36,5,11,26,7,5,11,216,7,1135,5,11,0,0,
~30,4,15,40,11,23,0,0,0,3,0,5,6,4,25,20,10,80,160,0,300,0,18000,30,5,40,38,36,5,11,26,7,5,10,216,7,1135,5,11,0,0,
~30,4,15,40,11,23,0,0,0,3,0,5,6,4,25,20,10,80,160,0,300,0,18000,30,5,40,37,36,5,11,26,6,5,10,220,6,1071,6,11,0,0,
~30,4,15,40,11,23,0,0,0,3,0,5,6,4,25,20,10,80,160,0,300,0,18000,31,5,40,37,36,5,11,26,6,5,9,220,6,1071,6,11,0,0,
~30,4,15,40,11,23,0,0,0,3,0,5,6,4,25,20,10,80,160,0,300,0,18000,30,4,40,38,37,4,11,26,7,5,7,185,6,1044,6,10,0,0,
~30,4,15,40,11,23,0,0,0,3,0,5,6,4,25,20,10,80,160,0,300,0,18000,30,4,40,37,37,4,11,26,7,5,7,189,5,1057,6,10,0,0,
~30,4,15,40,11,23,0,0,0,3,0,5,6,4,25,20,10,80,160,0,300,0,18000,31,5,40,37,37,5,11,26,6,5,6,189,5,1057,6,10,0,0,
~30,4,15,40,11,23,0,0,0,3,0,5,6,4,25,20,10,80,160,0,300,0,18000,31,5,40,37,37,5,11,26,6,5,6,167,5,1034,6,9,0,0,
~30,4,15,40,11,23,0,0,0,3,0,5,6,4,25,20,10,80,160,0,300,0,18000,31,4,40,37,37,4,11,26,7,5,5,167,5,1034,6,9,0,0,
~30,4,15,40,11,23,0,0,0,3,0,5,6,4,25,20,10,80,160,0,300,0,18000,31,4,40,37,37,4,11,26,7,5,5,153,4,1063,6,9,0,0,
~30,4,15,40,11,23,0,0,0,3,0,5,6,4,25,20,10,80,160,0,300,0,18000,31,4,40,37,37,4,11,26,7,5,5,153,4,1063,6,9,0,0,
~30,4,15,40,11,23,0,0,0,3,0,5,6,4,25,20,10,80,160,0,300,0,18000,31,4,40,38,37,4,11,26,7,5,5,144,4,1070,6,9,0,0,
~30,4,15,40,11,23,0,0,0,3,0,5,6,4,25,20,10,80,160,0,300,0,18000,31,4,40,38,37,4,11,26,7,5,5,144,4,1070,6,9,0,0,
~30,4,15,40,11,23,0,0,0,3,0,5,6,4,25,20,10,80,160,0,300,0,18000,31,4,40,37,37,4,11,26,7,5,5,138,4,1082,6,9,0,0,
~30,4,15,40,11,23,0,0,0,3,0,5,6,4,25,20,10,80,160,0,300,0,18000,31,4,40,37,37,4,11,26,7,5,5,138,4,1082,6,9,0,0,
~30,4,15,40,11,23,0,0,0,3,0,5,6,4,25,20,10,80,160,0,300,0,18000,31,4,40,38,37,4,11,26,7,5,5,136,3,1083,6,9,0,0,
~30,4,15,40,11,23,0,0,0,3,0,5,6,4,25,20,10,80,160,0,300,0,18000,31,4,40,38,37,4,11,26,7,5,5,136,3,1083,6,9,0,0,
~30,4,15,40,11,23,0,0,0,3,0,5,6,4,25,20,10,80,160,0,300,0,18000,31,4,40,37,37,4,11,26,7,5,5,127,3,1113,6,9,0,0,
~30,4,15,40,11,23,0,0,0,3,0,5,6,4,25,20,10,80,160,0,300,0,18000,30,5,40,37,37,5,11,26,7,5,3,127,3,1113,6,9,0,0,
~30,4,15,40,11,23,0,0,0,3,0,5,6,4,25,20,10,80,160,0,300,0,18000,30,5,40,37,37,5,11,26,7,5,3,127,3,1069,6,9,0,0,
~30,4,15,40,11,23,0,0,0,3,0,5,6,4,25,20,10,80,160,0,300,0,18000,30,4,40,37,37,4,11,26,7,5,2,127,3,1069,6,9,0,0,
~30,4,15,40,11,23,0,0,0,3,0,5,6,4,25,20,10,80,160,0,300,0,18000,30,4,40,38,37,4,11,26,7,5,2,111,2,1069,6,9,0,0,
~30,4,15,40,11,23,0,0,0,3,0,5,6,4,25,20,10,80,160,0,300,0,18000,29,4,40,38,37,4,11,26,7,5,0,111,2,1069,6,9,0,0,
~30,4,15,40,11,23,0,0,0,3,0,5,6,4,25,20,10,80,160,0,300,0,18000,29,4,40,37,37,4,11,26,7,5,0,114,2,1086,6,9,0,0,
~30,4,15,40,11,23,0,0,0,3,0,5,6,4,25,20,10,80,160,0,300,0,18000,30,4,40,37,37,4,11,26,7,5,0,114,2,1086,6,9,0,0,
~30,4,15,40,11,23,0,0,0,3,0,5,6,4,25,20,10,80,160,0,300,0,18000,30,4,40,37,37,4,11,26,7,5,0,111,2,1114,6,9,0,0,
~30,4,15,40,11,23,0,0,0,3,0,5,6,4,25,20,10,80,160,0,300,0,18000,30,4,40,37,37,4,11,26,7,5,0,111,2,1114,6,9,0,0,
~30,4,15,40,11,23,0,0,0,3,0,5,6,4,25,20,10,80,160,0,300,0,18000,30,5,40,37,37,5,11,26,7,5,0,109,2,1116,6,9,0,0,
~30,4,15,40,11,23,0,0,0,3,0,5,6,4,25,20,10,80,160,0,300,0,18000,30,5,40,37,37,5,11,26,7,5,0,107,1,1081,6,9,0,0,
~30,4,15,40,11,23,0,0,0,3,0,5,6,4,25,20,10,80,160,0,300,0,18000,30,5,40,37,37,5,11,26,6,5,0,107,1,1081,6,9,0,0,
~30,4,15,40,11,23,0,0,0,3,0,5,6,4,25,20,10,80,160,0,300,0,18000,30,5,40,38,37,5,11,26,6,5,0,107,1,1054,6,9,0,0,
~30,4,15,40,11,23,0,0,0,3,0,5,6,4,25,20,10,80,160,0,300,0,18000,30,4,40,38,37,4,11,26,7,5,0,107,1,1054,6,9,0,0,
~30,4,15,40,11,23,0,0,0,3,0,5,6,4,25,20,10,80,160,0,300,0,18000,30,4,40,37,37,4,11,26,7,5,0,106,1,1085,6,9,0,0,
~30,4,15,40,11,23,0,0,0,3,0,5,6,4,25,20,10,80,160,0,300,0,18000,30,4,40,37,37,4,11,26,7,5,0,106,1,1085,6,9,0,0,
~30,4,15,40,11,23,0,0,0,3,0,5,6,4,25,20,10,80,160,0,300,0,18000,30,4,40,37,36,4,11,26,7,5,0,106,1,1102,6,9,0,0,
~30,4,15,40,11,23,0,0,0,3,0,5,6,4,25,20,10,80,160,0,300,0,18000,30,4,40,37,36,4,11,26,7,5,0,106,1,1102,6,9,0,0,
~30,4,15,40,11,23,0,0,0,3,0,5,6,4,25,20,10,80,160,0,300,0,18000,30,4,40,37,36,4,11,26,7,5,0,106,1,1090,6,9,0,0,
~30,4,15,40,11,23,0,0,0,3,0,5,6,4,25,20,10,80,160,0,300,0,18000,30,4,40,37,36,4,11,26,7,5,0,106,1,1090,6,9,0,0,
~30,4,15,40,11,23,0,0,0,3,0,5,6,4,25,20,10,80,160,0,300,0,18000,30,4,40,37,36,4,11,26,7,5,0,106,1,1104,6,9,0,0,
~30,4,15,40,11,23,0,0,0,3,0,5,6,4,25,20,10,80,160,0,300,0,18000,30,5,40,37,36,5,11,26,7,5,0,106,1,1104,6,9,0,0,
~30,4,15,40,11,23,0,0,0,3,0,5,6,4,25,20,10,80,160,0,300,0,18000,30,5,40,37,36,5,11,26,7,5,0,107,1,1063,6,9,0,0,
~30,4,15,40,11,23,0,0,0,3,0,5,6,4,25,20,10,80,160,0,300,0,18000,30,4,40,37,36,4,11,26,7,5,0,107,1,1063,6,9,0,0,
~30,4,15,40,11,23,0,0,0,3,0,5,6,4,25,20,10,80,160,0,300,0,18000,30,4,40,37,36,4,11,26,7,5,0,107,1,1077,6,9,0,0,
~30,4,15,40,11,23,0,0,0,3,0,5,6,4,25,20,10,80,160,0,300,0,18000,30,4,40,37,36,4,11,26,7,5,0,107,1,1077,6,9,0,0,
~30,4,15,40,11,23,0,0,0,3,0,5,6,4,25,20,10,80,160,0,300,0,18000,30,5,40,37,36,5,11,26,7,5,0,108,1,1083,6,9,0,0,
~30,4,15,40,11,23,0,0,0,3,0,5,6,4,25,20,10,80,160,0,300,0,18000,30,5,40,37,36,5,11,26,7,5,0,108,1,1083,6,9,0,0,
~30,4,15,40,11,23,0,0,0,3,0,5,6,4,25,20,10,80,160,0,300,0,18000,30,5,40,36,36,5,11,26,6,5,0,108,1,1044,6,9,0,0,
~30,4,15,40,11,23,0,0,0,3,0,5,6,4,25,20,10,80,160,0,300,0,18000,30,5,40,36,36,5,11,26,6,5,0,108,1,1044,6,9,0,0,
~30,4,15,40,11,23,0,0,0,3,0,5,6,4,25,20,10,80,160,0,300,0,18000,30,5,40,37,36,5,11,26,6,5,0,109,1,1028,6,9,0,0,
~30,4,15,40,11,23,0,0,0,3,0,5,6,4,25,20,10,80,160,0,300,0,18000,30,5,40,37,36,5,11,26,6,5,0,109,1,1028,6,9,0,0,
~30,4,15,40,11,23,0,0,0,3,0,5,6,4,25,20,10,80,160,0,300,0,18000,30,5,40,38,37,5,11,26,6,5,0,109,1,1003,6,9,0,0,
~30,4,15,40,11,23,0,0,0,3,0,5,6,4,25,20,10,80,160,0,300,0,18000,30,5,40,38,37,5,11,26,6,5,0,109,1,1003,6,9,0,0,
~30,4,15,40,11,23,0,0,0,3,0,5,6,4,25,20,10,80,160,0,300,0,18000,30,4,40,37,37,4,11,26,6,5,0,109,1,994,6,9,0,0,
~30,4,15,40,11,23,0,0,0,3,0,5,6,4,25,20,10,80,160,0,300,0,18000,30,4,40,38,37,4,11,26,6,5,0,109,1,1045,6,9,0,0,
~30,4,15,40,11,23,0,0,0,3,0,5,6,4,25,20,10,80,160,0,300,0,18000,30,5,40,38,37,5,11,26,6,5,0,109,1,1045,6,9,0,0,
~30,4,15,40,11,23,0,0,0,3,0,5,6,4,25,20,10,80,160,0,300,0,18000,30,5,40,37,36,5,11,26,6,5,0,109,1,1024,6,9,0,0,
~30,4,15,40,11,23,0,0,0,3,0,5,6,4,25,20,10,80,160,0,300,0,18000,30,4,40,37,36,4,11,26,7,5,0,109,1,1024,6,9,0,0,
~30,4,15,40,11,23,0,0,0,3,0,5,6,4,25,20,10,80,160,0,300,0,18000,30,4,40,38,37,4,11,26,7,5,0,109,1,1056,6,9,0,0,
~30,4,15,40,11,23,0,0,0,3,0,5,6,4,25,20,10,80,160,0,300,0,18000,30,4,40,38,37,4,11,26,7,5,0,109,1,1056,6,9,0,0,
~30,4,15,40,11,23,0,0,0,3,0,5,6,4,25,20,10,80,160,0,300,0,18000,30,4,40,36,36,4,11,26,7,5,0,110,1,1069,5,9,0,0,
~30,4,15,40,11,23,0,0,0,3,0,5,6,4,25,20,10,80,160,0,300,0,18000,30,4,40,36,36,4,11,26,7,5,0,110,1,1069,5,9,0,0,
~30,4,15,40,11,23,0,0,0,3,0,5,6,4,25,20,10,80,160,0,300,0,18000,30,4,40,37,36,4,11,26,7,5,0,110,1,1102,5,10,0,0,
~30,4,15,40,11,23,0,0,0,3,0,5,6,4,25,20,10,80,160,0,300,0,18000,30,5,40,37,36,5,11,26,7,5,0,110,1,1102,5,10,0,0,
~30,4,15,40,11,23,0,0,0,3,0,5,6,4,25,20,10,80,160,0,300,0,18000,30,5,40,37,36,5,11,26,7,5,0,109,1,1039,6,10,0,0,
~30,4,15,40,11,23,0,0,0,3,0,5,6,4,25,20,10,80,160,0,300,0,18000,30,4,40,37,36,4,11,26,7,5,0,109,1,1039,6,10,0,0,
~30,4,15,40,11,23,0,0,0,3,0,5,6,4,25,20,10,80,160,0,300,0,18000,30,4,40,37,36,4,11,26,7,5,0,109,1,1091,6,10,0,0,
~30,4,15,40,11,23,0,0,0,3,0,5,6,4,25,20,10,80,160,0,300,0,18000,30,4,40,37,36,4,11,26,7,5,0,109,1,1091,6,10,0,0,
~30,4,15,40,11,23,0,0,0,3,0,5,6,4,25,20,10,80,160,0,300,0,18000,30,4,40,36,36,4,11,26,7,5,0,109,1,1110,5,10,0,0,
~30,4,15,40,11,23,0,0,0,3,0,5,6,4,25,20,10,80,160,0,300,0,18000,30,4,40,36,36,4,11,26,7,5,0,109,1,1110,5,10,0,0,
~30,4,15,40,11,23,0,0,0,3,0,5,6,4,25,20,10,80,160,0,300,0,18000,30,4,40,37,36,4,11,26,7,5,0,109,1,1116,5,10,0,0,
~30,4,15,40,11,23,0,0,0,3,0,5,6,4,25,20,10,80,160,0,300,0,18000,30,4,40,37,36,4,11,26,7,5,0,109,1,1116,5,10,0,0,
~30,4,15,40,11,23,0,0,0,3,0,5,6,4,25,20,10,80,160,0,300,0,18000,30,4,40,36,36,4,11,26,7,5,0,109,1,1118,5,11,0,0, 30,4,15,40,11,23,0,0,0,3,0,5,6,4,25,20,10,80,160,0,300,0,18000,30,4,40,36,36,4,11,26,7,5,0,109,1,1118,5,11,0,0,
~30,4,15,40,11,23,0,0,0,3,0,5,6,4,25,20,10,80,160,0,300,0,18000,30,4,40,37,36,4,11,26,7,5,0,109,1,1134,5,11,0,0,
~30,4,15,40,11,23,0,0,0,3,0,5,6,4,25,20,10,80,160,0,300,0,18000,30,4,40,37,36,4,11,26,7,5,0,109,1,1134,5,11,0,0,
~30,4,15,40,11,23,0,0,0,3,0,5,6,4,25,20,10,80,160,0,300,0,18000,30,5,40,36,36,5,11,26,7,5,0,109,1,1144,5,11,0,0,
~30,4,15,40,11,23,0,0,0,3,0,5,6,4,25,20,10,80,160,0,300,0,18000,30,5,40,36,36,5,11,26,7,5,0,109,1,1144,5,11,0,0,
~30,4,15,40,11,23,0,0,0,3,0,5,6,4,25,20,10,80,160,0,300,0,18000,30,4,40,37,36,4,11,26,7,5,0,109,1,1090,5,11,0,0,
~30,4,15,40,11,23,0,0,0,3,0,5,6,4,25,20,10,80,160,0,300,0,18000,30,4,40,37,36,4,11,26,7,5,0,109,1,1104,5,11,0,0,
~30,4,15,40,11,23,0,0,0,3,0,5,6,4,25,20,10,80,160,0,300,0,18000,30,4,40,37,36,4,11,26,7,5,0,109,1,1104,5,11,0,0,
~30,4,15,40,11,23,0,0,0,3,0,5,6,4,25,20,10,80,160,0,300,0,18000,30,4,40,37,36,4,11,26,7,5,0,109,1,1110,5,11,0,0,
~30,4,15,40,11,23,0,0,0,3,0,5,6,4,25,20,10,80,160,0,300,0,18000,30,4,40,37,36,4,11,26,7,5,0,109,1,1110,5,11,0,0,
~30,4,15,40,11,23,0,0,0,3,0,5,6,4,25,20,10,80,160,0,300,0,18000,30,4,40,37,36,4,11,26,7,5,0,108,1,1118,5,11,0,0,
~30,4,15,40,11,23,0,0,0,3,0,5,6,4,25,20,10,80,160,0,300,0,18000,30,4,40,37,36,4,11,26,7,5,0,108,1,1118,5,11,0,0,
~30,4,15,40,11,23,0,0,0,3,0,5,6,4,25,20,10,80,160,0,300,0,18000,30,4,40,36,36,4,11,26,7,5,0,108,1,1118,5,11,0,0,
~30,4,15,40,11,23,0,0,0,3,0,5,6,4,25,20,10,80,160,0,300,0,18000,30,4,40,36,36,4,11,26,7,5,0,108,1,1118,5,11,0,0,
~30,4,15,40,11,23,0,0,0,3,0,5,6,4,25,20,10,80,160,0,300,0,18000,30,3,40,3,46,3,11,26,7,5,0,108,9,993,18,11,0,0,
~30,4,15,40,11,23,0,0,0,3,0,5,6,4,25,20,10,80,160,0,300,0,18000,30,3,40,3,46,3,11,26,7,5,0,108,9,993,18,11,0,0,
~30,4,15,40,11,23,0,0,0,3,0,5,6,4,25,20,10,80,160,0,300,0,18000,30,3,40,3,46,3,11,26,7,5,0,114,9,993,18,11,0,0,
~30,4,15,40,11,23,0,0,0,3,0,5,6,4,25,20,10,80,160,0,300,0,18000,31,4,40,3,46,4,11,26,7,5,2,114,9,993,18,11,0,0,
~30,4,15,40,11,23,0,0,0,3,0,5,6,4,25,20,10,80,160,0,300,0,18000,31,4,40,328,42,4,11,26,7,5,2,111,17,1072,27,8,0,0,
~30,4,15,40,11,23,0,0,0,3,0,5,6,4,25,20,10,80,160,0,300,0,18000,30,4,40,328,42,4,11,26,7,5,2,111,17,1072,27,8,0,0,
~30,4,15,40,11,23,0,0,0,3,0,5,6,4,25,20,10,80,160,0,300,0,18000,30,5,40,39,41,5,11,26,7,5,2,111,15,1087,20,6,0,0,
~30,4,15,40,11,23,0,0,0,3,0,5,6,4,25,20,10,80,160,0,300,0,18000,30,5,40,39,41,5,11,26,7,5,2,111,15,1087,20,6,0,0,
~30,4,15,40,11,23,0,0,0,3,0,5,6,4,25,20,10,80,160,0,300,0,18000,30,4,40,38,40,4,11,26,7,5,2,112,13,1055,16,5,0,0,
~30,4,15,40,11,23,0,0,0,3,0,5,6,4,25,20,10,80,160,0,300,0,18000,30,4,40,38,40,4,11,26,7,5,2,112,13,1055,16,5,0,0,
~30,4,15,40,11,23,0,0,0,3,0,5,6,4,25,20,10,80,160,0,300,0,18000,30,5,40,38,39,5,11,26,7,5,2,112,12,1077,12,5,0,0,
~30,4,15,40,11,23,0,0,0,3,0,5,6,4,25,20,10,80,160,0,300,0,18000,30,5,40,38,39,5,11,26,7,5,2,112,12,1077,12,5,0,0,
~30,4,15,40,11,23,0,0,0,3,0,5,6,4,25,20,10,80,160,0,300,0,18000,30,4,40,38,39,4,11,26,7,5,2,112,11,1040,10,5,0,0,
~30,4,15,40,11,23,0,0,0,3,0,5,6,4,25,20,10,80,160,0,300,0,18000,30,4,40,38,39,4,11,26,7,5,2,112,11,1040,10,5,0,0,
~30,4,15,40,11,23,0,0,0,3,0,5,6,4,25,20,10,80,160,0,300,0,18000,30,4,40,38,38,4,11,26,7,5,2,113,10,1059,9,5,0,0,
~30,4,15,40,11,23,0,0,0,3,0,5,6,4,25,20,10,80,160,0,300,0,18000,30,4,40,38,38,4,11,26,7,5,2,113,10,1059,9,5,0,0,
~30,4,15,40,11,23,0,0,0,3,0,5,6,4,25,20,10,80,160,0,300,0,18000,30,4,40,38,38,4,11,26,7,5,2,113,9,1085,8,6,0,0,
~30,4,15,40,11,23,0,0,0,3,0,5,6,4,25,20,10,80,160,0,300,0,18000,30,4,40,38,37,4,11,26,7,5,2,113,8,1138,7,6,0,0,
~30,4,15,40,11,23,0,0,0,3,0,5,6,4,25,20,10,80,160,0,300,0,18000,30,4,40,38,37,4,11,26,7,5,2,113,8,1138,7,6,0,0,
~30,4,15,40,11,23,0,0,0,3,0,5,6,4,25,20,10,80,160,0,300,0,18000,30,4,40,38,37,4,11,26,7,5,2,113,7,1126,6,7,0,0,
~30,4,15,40,11,23,0,0,0,3,0,5,6,4,25,20,10,80,160,0,300,0,18000,30,4,40,38,37,4,11,26,7,5,2,113,7,1126,6,7,0,0,
~30,4,15,40,11,23,0,0,0,3,0,5,6,4,25,20,10,80,160,0,300,0,18000,30,4,40,38,37,4,11,26,7,5,2,113,7,1133,6,8,0,0,
~30,4,15,40,11,23,0,0,0,3,0,5,6,4,25,20,10,80,160,0,300,0,18000,30,4,40,38,37,4,11,26,7,5,2,113,7,1133,6,8,0,0,
~30,4,15,40,11,23,0,0,0,3,0,5,6,4,25,20,10,80,160,0,300,0,18000,30,4,40,37,37,4,11,26,7,5,2,113,6,1131,6,8,0,0,
~30,4,15,40,11,23,0,0,0,3,0,5,6,4,25,20,10,80,160,0,300,0,18000,30,5,40,37,37,5,11,26,7,5,2,113,6,1131,6,8,0,0,
~30,4,15,40,11,23,0,0,0,3,0,5,6,4,25,20,10,80,160,0,300,0,18000,30,5,40,38,37,5,11,26,7,5,2,113,6,1095,6,8,0,0,
~30,4,15,40,11,23,0,0,0,3,0,5,6,4,25,20,10,80,160,0,300,0,18000,30,5,40,38,37,5,11,26,6,5,2,113,6,1095,6,8,0,0,
~30,4,15,40,11,23,0,0,0,3,0,5,6,4,25,20,10,80,160,0,300,0,18000,30,5,40,38,37,5,11,26,6,5,2,113,5,1050,6,8,0,0,
~30,4,15,40,11,23,0,0,0,3,0,5,6,4,25,20,10,80,160,0,300,0,18000,30,4,40,38,37,4,11,26,7,5,2,113,5,1050,6,8,0,0,
~30,4,15,40,11,23,0,0,0,3,0,5,6,4,25,20,10,80,160,0,300,0,18000,30,4,40,37,37,4,11,26,7,5,2,113,5,1077,6,8,0,0,
~30,4,15,40,11,23,0,0,0,3,0,5,6,4,25,20,10,80,160,0,300,0,18000,30,4,40,37,37,4,11,26,7,5,2,113,5,1077,6,8,0,0,
~30,4,15,40,11,23,0,0,0,3,0,5,6,4,25,20,10,80,160,0,300,0,18000,30,4,40,37,37,4,11,26,7,5,2,113,4,1092,6,9,0,0,
~30,4,15,40,11,23,0,0,0,3,0,5,6,4,25,20,10,80,160,0,300,0,18000,30,4,40,37,37,4,11,26,7,5,2,113,4,1092,6,9,0,0,
~30,4,15,40,11,23,0,0,0,3,0,5,6,4,25,20,10,80,160,0,300,0,18000,30,4,40,36,36,4,11,26,7,5,2,114,4,1112,5,9,0,0,
~30,4,15,40,11,23,0,0,0,3,0,5,6,4,25,20,10,80,160,0,300,0,18000,30,4,40,36,36,4,11,26,7,5,2,114,4,1112,5,9,0,0,
~30,4,15,40,11,23,0,0,0,3,0,5,6,4,25,20,10,80,160,0,300,0,18000,30,4,40,37,36,4,11,26,7,5,2,114,3,1134,5,10,0,0,
~30,4,15,40,11,23,0,0,0,3,0,5,6,4,25,20,10,80,160,0,300,0,18000,30,4,40,37,36,4,11,26,7,5,2,114,3,1134,5,10,0,0,
~30,6,15,40,11,23,0,0,0,3,0,5,6,4,25,20,10,90,160,0,300,0,18000,30,4,40,38,37,4,11,26,7,5,2,114,3,1144,5,10,0,0,
~30,6,15,40,11,23,0,0,0,3,0,5,6,4,25,20,10,90,160,0,300,0,18000,30,4,40,38,37,4,11,26,7,5,2,114,3,1144,5,10,0,0,
~30,6,15,40,11,23,0,0,0,3,0,5,6,4,25,20,10,90,160,0,300,0,18000,30,5,40,37,36,5,12,26,7,6,2,114,3,1148,5,10,0,0,
~30,6,15,40,10,23,0,0,0,3,0,5,6,4,25,20,10,80,150,0,300,0,18000,30,5,40,36,33,5,12,26,7,6,3,114,4,1227,5,12,0,0,
~30,6,15,40,10,23,0,0,0,3,0,5,6,4,25,20,10,80,150,0,300,0,18000,30,6,40,36,33,6,11,26,6,6,3,114,4,1227,5,12,0,0,
~30,6,15,40,10,23,0,0,0,3,0,5,6,4,25,20,10,80,150,0,300,0,18000,30,6,40,25,30,6,11,26,6,6,3,113,3,1190,5,10,0,0,
~30,6,15,40,10,23,0,0,0,3,0,5,6,4,25,20,10,80,150,0,300,0,18000,30,6,40,25,30,6,10,26,6,6,3,113,3,1190,5,10,0,0,
~30,6,15,40,10,23,0,0,0,3,0,5,6,4,25,20,10,80,150,0,300,0,18000,30,6,40,18,26,6,10,26,6,6,3,113,3,1147,5,6,0,0,
~30,6,15,40,10,23,0,0,0,3,0,5,6,4,25,20,10,80,150,0,300,0,18000,30,6,40,18,26,6,10,26,5,6,3,113,3,1147,5,6,0,0,
~30,6,15,40,10,23,0,0,0,3,0,5,6,4,25,20,10,80,150,0,300,0,18000,30,6,40,19,24,6,10,26,5,6,3,112,2,1143,5,8,0,0,
~30,6,15,40,10,23,0,0,0,3,0,5,6,4,25,20,10,80,150,0,300,0,18000,30,6,40,19,24,6,10,26,5,7,3,112,2,1143,5,8,0,0,
~30,6,15,40,10,23,0,0,0,3,0,5,6,4,25,20,10,80,150,0,300,0,18000,30,6,40,19,21,6,10,26,4,7,3,111,2,1161,5,10,0,0,
~30,6,15,40,10,23,0,0,0,3,0,5,6,4,25,20,10,80,150,0,300,0,18000,30,4,40,19,21,4,10,26,5,7,3,111,2,1161,5,10,0,0,
~30,6,15,40,10,23,0,0,0,3,0,5,6,4,25,20,10,80,150,0,300,0,18000,30,4,40,283,113,4,10,26,5,7,3,111,8,893,19,9,0,0,
~30,6,15,40,10,23,0,0,0,3,0,5,6,4,25,20,10,80,150,0,300,0,18000,31,5,40,283,113,5,11,26,5,7,3,111,8,893,19,9,0,0,
~30,6,15,40,10,23,0,0,0,3,0,5,6,4,25,20,10,80,150,0,300,0,18000,31,5,41,3,79,5,11,26,5,7,3,119,14,1440,28,6,0,0,
~30,6,15,40,10,23,0,0,0,3,0,5,6,4,25,20,10,80,150,0,300,0,18000,31,5,41,3,79,5,11,26,5,7,5,119,14,1440,28,6,0,0,
~30,6,15,40,10,23,0,0,0,3,0,5,6,4,25,20,10,80,150,0,300,0,18000,31,5,41,0,57,5,10,26,5,7,5,123,20,1665,35,5,0,0,
~30,6,15,40,10,23,0,0,0,3,0,5,6,4,25,20,10,80,150,0,300,0,18000,31,5,40,0,57,5,10,26,5,7,6,123,20,1665,35,5,0,0,
~30,6,15,40,10,23,0,0,0,3,0,5,6,4,25,20,10,80,150,0,300,0,18000,31,6,40,282,57,6,10,26,5,7,6,125,20,1665,35,5,0,0,
~30,6,15,40,10,23,0,0,0,3,0,5,6,4,25,20,10,80,150,0,300,0,18000,31,6,40,282,57,6,10,26,5,7,7,125,20,1665,35,5,0,0,
~30,6,15,40,10,23,0,0,0,3,0,5,6,4,25,20,10,80,150,0,300,0,18000,31,6,40,22,45,6,10,26,5,7,7,122,18,1477,25,4,0,0,
~30,6,15,40,10,23,0,0,0,3,0,5,6,4,25,20,10,80,150,0,300,0,18000,30,6,40,22,45,6,10,26,5,7,7,122,18,1477,25,4,0,0,
~30,6,15,40,10,23,0,0,0,3,0,5,6,4,25,20,10,80,150,0,300,0,18000,30,6,40,20,36,6,10,26,4,7,7,116,16,1351,19,3,0,0,
~30,6,15,40,10,23,0,0,0,3,0,5,6,4,25,20,10,80,150,0,300,0,18000,29,6,40,20,36,6,10,26,4,7,5,116,16,1351,19,3,0,0,
~30,6,15,40,10,23,0,0,0,3,0,5,6,4,25,20,10,80,150,0,300,0,18000,29,6,40,19,30,6,10,26,4,7,5,120,15,1256,14,3,0,0,
~30,6,15,40,10,23,0,0,0,3,0,5,6,4,25,20,10,80,150,0,300,0,18000,30,6,40,19,30,6,10,26,4,7,5,120,15,1256,14,3,0,0,
~30,6,15,40,10,23,0,0,0,3,0,5,6,4,25,20,10,80,150,0,300,0,18000,30,6,40,19,26,6,10,26,4,7,5,119,13,1229,11,4,0,0,
~30,6,15,40,10,23,0,0,0,3,0,5,6,4,25,20,10,80,150,0,300,0,18000,30,6,40,18,23,6,10,26,4,7,5,117,12,1211,9,4,0,0,
~30,6,15,40,10,23,0,0,0,3,0,5,6,4,25,20,10,80,150,0,300,0,18000,30,6,40,18,23,6,10,26,4,7,5,117,12,1211,9,4,0,0,
~30,6,15,40,10,23,0,0,0,3,0,5,6,4,25,20,10,80,150,0,300,0,18000,30,6,40,19,22,6,10,26,4,7,5,116,11,1164,8,5,0,0,
~30,6,15,40,10,23,0,0,0,3,0,5,6,4,25,20,10,80,150,0,300,0,18000,30,6,40,19,22,6,10,26,4,7,5,116,11,1164,8,5,0,0,
~30,6,15,40,10,23,0,0,0,3,0,5,6,4,25,20,10,80,150,0,300,0,18000,30,6,40,18,20,6,10,26,4,7,5,114,10,1131,7,6,0,0,
~30,6,15,40,10,23,0,0,0,3,0,5,6,4,25,20,10,80,150,0,300,0,18000,30,6,40,18,20,6,10,26,4,7,5,114,10,1131,7,6,0,0,
~30,6,15,40,10,23,0,0,0,3,0,5,6,4,25,20,10,80,150,0,300,0,18000,30,6,40,18,19,6,10,26,4,7,5,112,9,1166,6,7,0,0,
~30,6,15,40,10,23,0,0,0,3,0,5,6,4,25,20,10,80,150,0,300,0,18000,30,6,40,18,19,6,10,26,4,7,5,112,9,1166,6,7,0,0,
~30,6,15,40,10,23,0,0,0,3,0,5,6,4,25,20,10,80,150,0,300,0,18000,30,6,40,17,18,6,10,26,4,7,5,110,8,1158,6,7,0,0,
~30,6,15,40,10,23,0,0,0,3,0,5,6,4,25,20,10,80,150,0,300,0,18000,30,6,40,17,18,6,10,26,4,7,5,110,8,1158,6,7,0,0,
~30,6,15,40,10,23,0,0,0,3,0,5,6,4,25,20,10,80,150,0,300,0,18000,30,6,40,19,18,6,10,26,4,7,5,108,7,1149,6,8,0,0,
~30,6,15,40,10,23,0,0,0,3,0,5,6,4,25,20,10,80,150,0,300,0,18000,30,6,40,19,18,6,10,26,4,6,5,108,7,1149,6,8,0,0,
~30,6,15,40,10,23,0,0,0,3,0,5,6,4,25,20,10,80,150,0,300,0,18000,30,6,40,18,18,6,10,26,4,7,5,106,7,1120,5,9,0,0,
~30,6,15,40,10,23,0,0,0,3,0,5,6,4,25,20,10,80,150,0,300,0,18000,30,6,40,18,18,6,10,26,4,7,5,106,7,1120,5,9,0,0,
~30,6,15,40,10,23,0,0,0,3,0,5,6,4,25,20,10,80,150,0,300,0,18000,30,6,40,18,18,6,10,26,4,6,5,104,6,1138,5,9,0,0,
~30,6,15,40,10,23,0,0,0,3,0,5,6,4,25,20,10,80,150,0,300,0,18000,30,6,40,18,18,6,10,26,4,6,5,104,6,1138,5,9,0,0,
~30,6,15,40,10,23,0,0,0,3,0,5,6,4,25,20,10,80,150,0,300,0,18000,30,6,40,18,18,6,10,26,4,7,5,102,5,1175,5,10,0,0,
~30,6,15,40,10,23,0,0,0,3,0,5,6,4,25,20,10,80,150,0,300,0,18000,30,6,40,18,18,6,10,26,4,7,5,102,5,1175,5,10,0,0,
~30,6,15,40,10,23,0,0,0,3,0,5,6,4,25,20,10,80,150,0,300,0,18000,30,6,40,19,18,6,10,26,4,7,5,100,5,1175,5,11,0,0,
~30,6,15,40,10,23,0,0,0,3,0,5,6,4,25,20,10,80,150,0,300,0,18000,30,6,40,19,18,6,10,26,4,7,5,100,5,1175,5,11,0,0,
~30,6,15,40,10,23,0,0,0,3,0,5,6,4,25,20,10,80,150,0,300,0,18000,30,6,40,19,18,6,10,26,4,7,5,99,5,1148,5,11,0,0,
~30,6,15,40,10,23,0,0,0,3,0,5,6,4,25,20,10,80,150,0,300,0,18000,30,6,40,19,18,6,10,26,4,7,5,99,5,1148,5,11,0,0,
~30,6,15,40,10,23,0,0,0,3,0,5,6,4,25,20,10,80,150,0,300,0,18000,30,6,40,18,18,6,10,26,4,7,5,97,5,1157,5,11,0,0,
~30,6,15,40,10,23,0,0,0,3,0,5,6,4,25,20,10,80,150,0,300,0,18000,30,6,40,18,18,6,10,26,4,7,5,97,5,1157,5,11,0,0,
~30,6,15,40,10,23,0,0,0,3,0,5,6,4,25,20,10,80,150,0,300,0,18000,30,6,40,18,18,6,10,26,4,7,5,95,4,1138,5,11,0,0,
~30,6,15,40,10,23,0,0,0,3,0,5,6,4,25,20,10,80,150,0,300,0,18000,30,6,40,18,18,6,10,26,4,7,5,93,4,1106,5,11,0,0,
~30,6,15,40,10,23,0,0,0,3,0,5,6,4,25,20,10,80,150,0,300,0,18000,30,6,40,18,18,6,10,26,4,7,5,93,4,1106,5,11,0,0,
~30,6,15,40,10,23,0,0,0,3,0,5,6,4,25,20,10,80,150,0,300,0,18000,30,6,40,18,18,6,10,26,4,7,5,91,3,1065,5,11,0,0,
~30,6,15,40,10,23,0,0,0,3,0,5,6,4,25,20,10,80,150,0,300,0,18000,30,6,40,18,18,6,10,26,4,7,5,91,3,1065,5,11,0,0,
~30,6,15,40,10,23,0,0,0,3,0,5,6,4,25,20,10,80,150,0,300,0,18000,30,6,40,18,18,6,10,26,4,7,5,89,2,1124,5,11,0,0,
~30,6,15,40,10,23,0,0,0,3,0,5,6,4,25,20,10,80,150,0,300,0,18000,30,6,40,18,18,6,10,26,4,7,5,89,2,1124,5,11,0,0,
~30,6,15,40,10,23,0,0,0,3,0,5,6,4,25,20,10,80,150,0,300,0,18000,30,6,40,308,18,6,10,26,4,7,5,89,2,1124,5,11,0,0,
~30,6,15,40,10,23,0,0,0,3,0,5,6,4,25,20,10,80,150,0,300,0,18000,31,6,40,308,18,6,10,26,4,7,4,89,2,1124,5,11,0,0,
~30,6,15,40,10,23,0,0,0,3,0,5,6,4,25,20,10,80,150,0,300,0,18000,31,6,40,300,18,6,10,26,4,7,4,86,12,1416,28,10,0,0,
~30,6,15,40,10,23,0,0,0,3,0,5,6,4,25,20,10,80,150,0,300,0,18000,30,5,40,300,18,5,10,26,4,7,4,86,12,1416,28,10,0,0,
~30,6,15,40,10,23,0,0,0,3,0,5,6,4,25,20,10,80,150,0,300,0,18000,30,5,40,310,18,5,10,26,5,7,4,84,12,1416,28,10,0,0,
~30,6,15,40,10,23,0,0,0,3,0,5,6,4,25,20,10,80,150,0,300,0,18000,30,5,40,310,18,5,10,26,5,7,5,84,12,1416,28,10,0,0,
~30,6,15,40,10,23,0,0,0,3,0,5,6,4,25,20,10,80,150,0,300,0,18000,30,5,40,3,18,5,10,26,5,7,5,81,12,1416,28,10,0,0,
~30,6,15,40,10,23,0,0,0,3,0,5,6,4,25,20,10,80,150,0,300,0,18000,29,5,40,3,18,5,10,26,5,7,5,81,12,1416,28,10,0,0,
~30,6,15,40,10,23,0,0,0,3,0,5,6,4,25,20,10,80,150,0,300,0,18000,29,6,40,281,18,6,10,26,4,7,5,78,12,1416,28,10,0,0,
~30,6,15,40,10,23,0,0,0,3,0,5,6,4,25,20,10,80,150,0,300,0,18000,28,6,40,281,18,6,10,26,4,7,6,78,12,1416,28,10,0,0,
~30,6,15,40,10,23,0,0,0,3,0,5,6,4,25,20,10,80,150,0,300,0,18000,28,5,40,261,32,5,10,26,5,7,6,76,10,1054,20,7,0,0,
~30,6,15,40,10,23,0,0,0,3,0,5,6,4,25,20,10,80,150,0,300,0,18000,27,5,40,261,32,5,10,26,5,7,6,76,10,1054,20,7,0,0,
~30,6,15,40,10,23,0,0,0,3,0,5,6,4,25,20,10,80,150,0,300,0,18000,27,6,40,10,32,6,10,26,4,7,6,75,10,1054,20,7,0,19,
~30,6,15,40,10,23,0,0,0,3,0,5,6,4,25,20,10,80,150,0,300,0,18000,26,6,40,10,32,6,10,26,4,7,7,75,10,1054,20,7,0,19,
~30,6,15,40,10,23,0,0,0,3,0,5,6,4,25,20,10,80,150,0,300,0,18000,26,6,40,12,32,6,10,26,4,7,7,64,10,1054,20,7,0,19,
~30,6,15,40,10,23,0,0,0,3,0,5,6,4,25,20,10,80,150,0,300,0,18000,25,6,40,12,32,6,10,26,4,7,5,64,10,1054,20,7,0,19,
~30,6,15,40,10,23,0,0,0,3,0,5,6,4,25,20,10,80,150,0,300,0,18000,25,6,40,3,32,6,10,26,4,7,5,56,10,1054,20,7,0,0,
~30,6,15,40,10,23,0,0,0,3,0,5,6,4,25,20,10,80,150,0,300,0,18000,24,6,40,0,26,6,10,26,4,7,4,50,9,1250,15,6,0,0,
~30,6,15,40,10,23,0,0,0,3,0,5,6,4,25,20,10,80,150,0,300,0,18000,23,6,41,0,26,6,10,26,4,7,3,50,9,1250,15,6,0,0,
~30,6,15,40,10,23,0,0,0,3,0,5,6,4,25,20,10,80,150,0,300,0,18000,23,6,41,8,20,6,10,26,4,7,3,53,8,930,11,9,0,0,
~30,6,15,40,10,23,0,0,0,3,0,5,6,4,25,20,10,80,150,0,300,0,18000,24,6,40,8,20,6,9,26,4,7,3,53,8,930,11,9,0,19,
~30,6,15,40,10,23,0,0,0,3,0,5,6,4,25,20,10,80,150,0,300,0,18000,24,6,40,5,29,6,10,26,4,7,3,50,7,711,7,15,0,0,
~30,6,15,40,10,23,0,0,0,3,0,5,6,4,25,20,10,80,150,0,300,0,18000,24,6,40,5,29,6,10,26,4,7,3,50,7,711,7,15,0,0,
~30,6,15,40,10,23,0,0,0,3,0,5,6,4,25,20,10,80,150,0,300,0,18000,24,6,40,5,29,6,10,26,4,7,3,49,7,711,7,15,0,0,
~30,6,15,40,10,23,0,0,0,3,0,5,6,4,25,20,10,80,150,0,300,0,18000,24,5,40,5,29,5,11,26,5,7,4,49,7,711,7,15,0,0,
~30,6,15,40,10,23,0,0,0,3,0,5,6,4,25,20,10,80,150,0,300,0,18000,24,5,40,17,41,5,11,26,5,7,4,46,7,605,6,22,0,0,
~30,6,15,40,10,23,0,0,0,3,0,5,6,4,25,20,10,80,150,0,300,0,18000,23,6,40,17,41,6,10,26,4,7,5,46,7,605,6,22,0,0,
~30,6,15,40,10,23,0,0,0,3,0,5,6,4,25,20,10,80,150,0,300,0,18000,23,6,40,24,34,6,10,26,4,7,5,48,6,818,6,18,0,0,
~30,6,15,40,10,23,0,0,0,3,0,5,6,4,25,20,10,80,150,0,300,0,18000,23,6,40,24,34,6,10,26,4,7,5,48,6,818,6,18,0,0,
~30,4,15,40,10,23,0,0,0,3,0,5,6,4,25,20,10,80,150,0,300,0,18000,23,4,40,21,29,4,10,26,5,7,5,49,5,937,6,15,0,0,
~30,4,15,40,10,23,0,0,0,3,0,5,6,4,25,20,10,80,150,0,300,0,18000,23,4,40,21,29,4,10,26,5,7,5,49,5,937,6,15,0,0,30,4,15,40,10,23,0,0,0,3,0,5,6,4,25,20,10,80,150,0,300,0,18000,23,4,40,-7,28,4,10,26,5,6,5,50,5,991,6,13,0,0,
~30,4,15,40,11,23,0,0,0,3,0,5,6,4,25,20,10,80,160,0,300,0,18000,23,4,40,-7,28,4,10,26,5,6,5,50,5,991,6,13,0,0,
~30,4,15,40,12,23,0,0,0,3,0,5,6,4,25,20,10,90,170,0,300,0,18000,23,4,40,31,29,4,10,26,5,6,5,51,5,1038,6,12,0,0,
~30,4,15,40,12,23,0,0,0,3,0,5,6,4,25,20,10,90,170,0,300,0,18000,23,4,40,31,29,4,10,26,5,6,5,51,5,1038,6,12,0,0,
~30,4,15,40,12,23,0,0,0,3,0,5,6,4,25,20,10,90,170,0,300,0,18000,23,4,40,30,29,4,12,26,6,6,5,52,5,1054,5,12,0,0,
~30,5,15,40,12,23,0,0,0,3,0,5,6,4,25,20,10,90,170,0,300,0,18000,23,5,40,30,29,5,12,26,7,6,5,52,5,1054,5,12,0,0,
~30,5,15,40,12,23,0,0,0,3,0,5,6,4,25,20,10,90,170,0,300,0,18000,23,5,40,43,36,5,12,26,7,6,5,53,8,1065,5,14,0,0,
~30,5,15,40,12,23,0,0,0,3,0,5,6,4,25,20,10,90,170,0,300,0,18000,23,5,40,43,36,5,12,26,7,6,5,53,8,1065,5,14,0,0,
~30,5,15,40,12,23,0,0,0,3,0,5,6,4,25,20,10,90,170,0,300,0,18000,23,5,40,43,36,5,12,26,7,6,5,58,8,1065,5,14,0,0,
~30,8,15,40,12,23,0,0,0,3,0,5,6,4,25,20,30,100,170,0,300,0,18000,24,6,40,43,36,6,12,26,6,6,6,58,8,1065,5,14,0,0,
~30,8,15,40,12,23,0,0,0,3,0,5,6,4,25,20,30,100,170,0,300,0,18000,23,6,40,38,37,6,12,26,6,6,6,56,7,1063,6,12,0,0,
~30,8,15,40,12,23,0,0,0,3,0,5,6,4,25,20,30,100,170,0,300,0,18000,23,6,40,38,37,6,12,26,6,6,6,61,7,1063,6,12,0,0,
~30,8,15,40,14,23,0,0,0,3,0,5,6,4,25,20,30,120,190,0,300,0,18000,24,6,40,38,37,6,14,26,7,7,7,61,7,1063,6,12,0,0,
~30,8,15,40,14,23,0,0,0,3,0,5,6,4,25,20,30,120,190,0,300,0,18000,24,6,40,38,33,6,14,26,7,7,7,60,8,1341,5,13,0,0,
~30,8,15,40,14,23,0,0,0,3,0,5,6,4,25,20,30,120,190,0,300,0,18000,23,8,40,38,33,8,14,26,7,7,7,60,8,1341,5,13,0,0,
~30,8,15,40,14,23,0,0,0,3,0,5,6,4,25,20,30,120,190,0,300,0,18000,23,8,40,30,32,8,14,26,7,7,7,61,7,1276,5,12,0,0,
~30,8,15,40,14,23,0,0,0,3,0,5,6,4,25,20,30,120,190,0,300,0,18000,23,8,40,30,32,8,14,26,6,8,7,61,7,1276,5,12,0,0,
~30,8,15,40,14,23,0,0,0,3,0,5,6,4,25,20,30,120,190,0,300,0,18000,23,8,40,29,32,8,14,26,6,8,7,63,5,1206,5,11,0,0,
~30,8,15,40,14,23,0,0,0,3,0,5,6,4,25,20,30,120,190,0,300,0,18000,23,8,40,29,32,8,17,26,7,9,7,63,5,1206,5,11,0,0,
~30,8,15,40,14,23,0,0,0,3,0,5,6,4,25,20,30,120,190,0,300,0,18000,23,8,40,0,32,8,17,26,7,9,7,67,5,1206,5,11,0,0,
~30,8,15,40,14,23,0,0,0,3,0,5,6,4,25,20,30,120,190,0,300,0,18000,24,8,40,0,32,8,17,26,7,9,7,67,5,1206,5,11,0,0,
~30,8,15,40,14,23,0,0,0,3,0,5,6,4,25,20,30,120,190,0,300,0,18000,24,8,40,338,32,8,14,26,7,9,7,65,14,1433,16,8,0,0,
~30,8,15,40,14,23,0,0,0,3,0,5,6,4,25,20,30,120,190,0,300,0,18000,23,8,40,338,32,8,14,26,7,9,8,65,14,1433,16,8,0,0,
~30,8,15,40,14,23,0,0,0,3,0,5,6,4,25,20,30,120,190,0,300,0,18000,23,6,40,-2,32,6,18,26,9,9,8,67,14,1433,16,8,0,0,
~30,8,15,40,14,23,0,0,0,3,0,5,6,4,25,20,30,120,190,0,300,0,18000,23,6,40,-2,32,6,18,26,9,9,9,67,14,1433,16,8,0,0,
~30,8,15,40,14,23,0,0,0,3,0,5,6,4,25,20,30,120,190,0,300,0,18000,23,8,40,0,32,8,14,26,8,9,9,65,14,1433,16,8,0,0,
~30,8,15,40,14,23,0,0,0,3,0,5,6,4,25,20,30,120,190,0,300,0,18000,22,8,40,0,32,8,14,26,8,9,10,65,14,1433,16,8,0,0,
~30,8,15,40,14,23,0,0,0,3,0,5,6,4,25,20,30,120,190,0,300,0,18000,22,8,40,30,30,8,14,26,7,9,10,61,12,1274,10,6,0,0,
~30,8,15,40,14,23,0,0,0,3,0,5,6,4,25,20,30,120,190,0,300,0,18000,20,8,40,30,30,8,14,26,7,9,10,61,12,1274,10,6,0,0,
~30,8,15,40,14,23,0,0,0,3,0,5,6,4,25,20,30,120,190,0,300,0,18000,20,8,40,3,30,8,14,26,7,9,10,67,12,1274,10,6,0,0,
~30,8,15,40,14,23,0,0,0,3,0,5,6,4,25,20,30,120,190,0,300,0,18000,22,8,40,3,30,8,14,26,7,9,10,67,12,1274,10,6,0,0,
~30,8,15,40,14,23,0,0,0,3,0,5,6,4,25,20,30,120,190,0,300,0,18000,22,8,40,368,26,8,14,26,7,9,10,66,20,1481,27,5,0,0,
~30,8,15,40,14,23,0,0,0,3,0,5,6,4,25,20,30,120,190,0,300,0,18000,21,8,40,368,26,8,14,26,7,9,10,66,20,1481,27,5,0,0,
~30,8,15,40,14,23,0,0,0,3,0,5,6,4,25,20,30,120,190,0,300,0,18000,21,8,40,12,22,8,14,26,6,9,10,68,17,1830,14,2,0,0,
~30,8,15,40,14,23,0,0,0,3,0,5,6,4,25,20,30,120,190,0,300,0,18000,22,8,40,12,22,8,14,26,6,9,10,68,17,1830,14,2,0,0,
~30,8,15,40,14,23,0,0,0,3,0,5,6,4,25,20,30,120,190,0,300,0,18000,24,8,41,17,37,8,14,26,6,9,9,73,15,1299,10,3,0,0,
~30,8,15,40,14,23,0,0,0,3,0,5,6,4,25,20,30,120,190,0,300,0,18000,24,8,41,351,30,8,14,26,6,9,9,77,23,1497,26,2,0,0,
~30,8,15,40,14,23,0,0,0,3,0,5,6,4,25,20,30,120,190,0,300,0,18000,25,7,40,351,30,7,14,26,6,9,10,77,23,1497,26,2,0,0,
~30,8,15,40,14,23,0,0,0,3,0,5,6,4,25,20,30,120,190,0,300,0,18000,25,7,40,4,30,7,14,26,6,9,10,77,23,1497,26,2,0,0,
~30,8,15,40,14,23,0,0,0,3,0,5,6,4,25,20,30,120,190,0,300,0,18000,25,7,40,4,30,7,14,26,7,9,9,77,23,1497,26,2,0,53,
~30,8,15,40,14,23,0,0,0,3,0,5,6,4,25,20,30,120,190,0,300,0,18000,25,7,40,353,26,7,14,26,7,9,9,77,30,1626,34,4,0,53,
~30,8,15,40,14,23,0,0,0,3,0,5,6,4,25,20,30,120,190,0,300,0,18000,25,8,41,353,26,8,14,26,6,9,10,77,30,1626,34,4,0,53,
~30,8,15,40,14,23,0,0,0,3,0,5,6,4,25,20,30,120,190,0,300,0,18000,25,8,41,26,43,8,14,26,6,9,10,79,27,1173,24,3,0,53,
~30,8,15,40,14,23,0,0,0,3,0,5,6,4,25,20,30,120,190,0,300,0,18000,26,7,40,26,43,7,14,26,7,9,10,79,27,1173,24,3,0,53,
~30,8,15,40,14,23,0,0,0,3,0,5,6,4,25,20,30,120,190,0,300,0,18000,26,7,40,360,35,7,14,26,7,9,10,84,33,1401,33,4,0,53,
~30,8,15,40,14,23,0,0,0,3,0,5,6,4,25,20,30,120,190,0,300,0,18000,27,8,40,360,35,8,14,26,6,9,11,84,33,1401,33,4,0,53,
~30,8,15,40,14,23,0,0,0,3,0,5,6,4,25,20,30,120,190,0,300,0,18000,27,8,40,26,31,8,14,26,6,9,11,84,30,1436,24,3,0,53,
~30,8,15,40,14,23,0,0,0,3,0,5,6,4,25,20,30,120,190,0,300,0,18000,27,8,40,26,31,8,14,26,6,9,11,84,30,1436,24,3,0,53,
~30,8,15,40,14,23,0,0,0,3,0,5,6,4,25,20,30,120,190,0,300,0,18000,27,8,40,32,31,8,14,26,6,9,11,86,27,1343,18,3,0,0,
~30,8,15,40,14,23,0,0,0,3,0,5,6,4,25,20,30,120,190,0,300,0,18000,27,8,40,32,31,8,14,26,6,9,11,86,27,1343,18,3,0,0,
~30,8,15,40,14,23,0,0,0,3,0,5,6,4,25,20,30,120,190,0,300,0,18000,27,8,40,30,31,8,14,26,6,9,11,86,24,1294,13,3,0,0,
~30,8,15,40,14,23,0,0,0,3,0,5,6,4,25,20,30,120,190,0,300,0,18000,27,8,40,30,31,8,14,26,6,9,10,86,24,1294,13,3,0,0,
~30,8,15,40,14,23,0,0,0,3,0,5,6,4,25,20,30,120,190,0,300,0,18000,27,8,40,29,30,8,14,26,6,9,10,89,22,1264,10,4,0,0,
~30,8,15,40,14,23,0,0,0,3,0,5,6,4,25,20,30,120,190,0,300,0,18000,28,8,40,29,30,8,14,26,6,9,9,89,22,1264,10,4,0,0,
~30,8,15,40,14,23,0,0,0,3,0,5,6,4,25,20,30,120,190,0,300,0,18000,28,8,40,30,29,8,14,26,6,9,9,88,20,1204,8,4,0,0,
~30,8,15,40,14,23,0,0,0,3,0,5,6,4,25,20,30,120,190,0,300,0,18000,28,8,40,30,29,8,14,26,6,9,9,88,20,1204,8,4,0,0,
~30,8,15,40,14,23,0,0,0,3,0,5,6,4,25,20,30,120,190,0,300,0,18000,28,8,40,28,29,8,14,26,6,9,9,87,18,1206,7,5,0,0,
~30,8,15,40,14,23,0,0,0,3,0,5,6,4,25,20,30,120,190,0,300,0,18000,28,8,40,28,29,8,14,26,6,9,9,87,18,1206,7,5,0,0,
~30,8,15,40,14,23,0,0,0,3,0,5,6,4,25,20,30,120,190,0,300,0,18000,28,8,40,29,28,8,14,26,6,9,9,87,16,1180,6,6,0,0,
~30,8,15,40,14,23,0,0,0,3,0,5,6,4,25,20,30,120,190,0,300,0,18000,28,8,40,29,28,8,14,26,6,9,9,87,15,1207,6,7,0,0,
~30,8,15,40,14,23,0,0,0,3,0,5,6,4,25,20,30,120,190,0,300,0,18000,28,8,40,29,28,8,14,26,6,9,9,87,15,1207,6,7,0,0,
~30,8,15,40,14,23,0,0,0,3,0,5,6,4,25,20,30,120,190,0,300,0,18000,28,8,40,29,28,8,14,26,6,9,9,87,14,1197,5,8,0,0,
~30,8,15,40,14,23,0,0,0,3,0,5,6,4,25,20,30,120,190,0,300,0,18000,28,8,40,29,28,8,14,26,6,9,9,87,14,1197,5,8,0,0,
~30,8,15,40,14,23,0,0,0,3,0,5,6,4,25,20,30,120,190,0,300,0,18000,28,8,40,28,28,8,14,26,6,9,9,87,12,1176,5,8,0,0,
~30,8,15,40,14,23,0,0,0,3,0,5,6,4,25,20,30,120,190,0,300,0,18000,28,8,40,28,28,8,14,26,6,9,9,87,12,1176,5,8,0,0,
~30,6,15,40,14,23,0,0,0,3,0,5,6,4,25,20,10,110,190,0,300,0,18000,28,8,40,28,30,8,14,26,6,9,9,83,10,1181,5,9,0,0,
~30,6,15,40,14,23,0,0,0,3,0,5,6,4,25,20,10,110,190,0,300,0,18000,27,6,40,28,30,6,14,26,7,9,8,83,10,1181,5,9,0,0,
~30,6,15,40,14,23,0,0,0,3,0,5,6,4,25,20,10,110,190,0,300,0,18000,27,6,40,-6,30,6,14,26,7,9,8,89,10,1181,5,9,0,0,
~30,6,15,40,14,23,0,0,0,3,0,5,6,4,25,20,10,110,190,0,300,0,18000,29,6,40,-6,30,6,14,26,7,9,8,89,10,1181,5,9,0,0,
~30,6,15,40,14,23,0,0,0,3,0,5,6,4,25,20,10,110,190,0,300,0,18000,29,6,40,41,33,6,14,26,7,8,8,81,11,1198,5,10,0,0,
~30,6,15,40,14,23,0,0,0,3,0,5,6,4,25,20,10,110,190,0,300,0,18000,27,6,40,41,33,6,14,26,7,8,7,81,11,1198,5,10,0,0,
~30,6,15,40,14,23,0,0,0,3,0,5,6,4,25,20,10,110,190,0,300,0,18000,27,6,40,42,35,6,14,26,8,8,7,85,11,1210,5,11,0,0,
~30,6,15,40,14,23,0,0,0,3,0,5,6,4,25,20,10,110,190,0,300,0,18000,28,6,40,42,35,6,14,26,8,8,7,85,11,1210,5,11,0,0,
~30,6,15,40,14,23,0,0,0,3,0,5,6,4,25,20,10,110,190,0,300,0,18000,28,6,40,41,36,6,14,26,8,8,7,85,11,1210,5,11,0,0,
~30,6,15,40,14,23,0,0,0,3,0,5,6,4,25,20,10,110,190,0,300,0,18000,28,6,40,41,36,6,14,26,8,8,7,85,11,1210,5,11,0,0,
~30,6,15,40,14,23,0,0,0,3,0,5,6,4,25,20,10,110,190,0,300,0,18000,28,6,40,39,37,6,14,26,8,8,7,85,11,1219,5,11,0,0,
~30,6,15,40,14,23,0,0,0,3,0,5,6,4,25,20,10,110,190,0,300,0,18000,28,6,40,39,37,6,14,26,8,8,7,85,11,1219,5,11,0,0,
~30,6,15,40,14,23,0,0,0,3,0,5,6,4,25,20,10,110,190,0,300,0,18000,28,6,40,42,38,6,14,26,8,8,7,83,10,1226,5,11,0,0,
~30,6,15,40,14,23,0,0,0,3,0,5,6,4,25,20,10,110,190,0,300,0,18000,27,6,40,42,38,6,14,26,8,8,7,83,10,1226,5,11,0,0,
~30,6,15,40,14,23,0,0,0,3,0,5,6,4,25,20,10,110,190,0,300,0,18000,27,6,40,40,38,6,14,26,8,7,7,87,10,1225,5,11,0,0,
~30,6,15,40,14,23,0,0,0,3,0,5,6,4,25,20,10,110,190,0,300,0,18000,28,6,40,40,38,6,14,26,8,7,6,87,10,1225,5,11,0,0,
~30,6,15,40,14,23,0,0,0,3,0,5,6,4,25,20,10,110,190,0,300,0,18000,28,6,40,41,39,6,14,26,8,7,6,87,9,1225,5,10,0,0,
~30,6,15,40,14,23,0,0,0,3,0,5,6,4,25,20,10,110,190,0,300,0,18000,28,6,40,41,39,6,14,26,8,7,5,87,9,1225,5,10,0,0,
~30,6,15,40,14,23,0,0,0,3,0,5,6,4,25,20,10,110,190,0,300,0,18000,29,6,40,40,39,6,14,26,8,7,4,91,8,1222,5,11,0,0,
~30,6,15,40,14,23,0,0,0,3,0,5,6,4,25,20,10,110,190,0,300,0,18000,29,6,40,42,39,6,14,26,8,7,4,95,8,1227,5,11,0,0,
~30,6,15,40,14,23,0,0,0,3,0,5,6,4,25,20,10,110,190,0,300,0,18000,30,6,40,42,39,6,14,26,8,7,4,95,8,1227,5,11,0,0,
~30,6,15,40,14,23,0,0,0,3,0,5,6,4,25,20,10,110,190,0,300,0,18000,30,6,40,40,39,6,14,26,8,7,4,93,8,1218,5,11,0,0,
~30,6,15,40,14,23,0,0,0,3,0,5,6,4,25,20,10,110,190,0,300,0,18000,29,6,40,40,39,6,14,26,8,7,4,93,8,1218,5,11,0,0,
~30,6,15,40,14,23,0,0,0,3,0,5,6,4,25,20,10,110,190,0,300,0,18000,29,6,40,41,40,6,14,26,8,7,4,97,7,1215,5,11,0,0,
~30,6,15,40,14,23,0,0,0,3,0,5,6,4,25,20,10,110,190,0,300,0,18000,30,6,40,41,40,6,14,26,8,8,3,97,7,1215,5,11,0,0,
~30,6,15,40,14,23,0,0,0,3,0,5,6,4,25,20,10,110,190,0,300,0,18000,30,6,40,41,40,6,14,26,8,8,3,98,6,1215,5,11,0,0,
~30,6,15,40,14,23,0,0,0,3,0,5,6,4,25,20,10,110,190,0,300,0,18000,30,6,40,41,40,6,14,26,8,8,3,98,6,1215,5,11,0,0,
~30,6,15,40,14,23,0,0,0,3,0,5,6,4,25,20,10,110,190,0,300,0,18000,30,6,40,42,40,6,14,26,8,7,3,97,6,1202,5,11,0,0,
~30,6,15,40,14,23,0,0,0,3,0,5,6,4,25,20,10,110,190,0,300,0,18000,29,6,40,42,40,6,14,26,8,7,3,97,6,1202,5,11,0,0,
~30,6,15,40,14,23,0,0,0,3,0,5,6,4,25,20,10,110,190,0,300,0,18000,29,6,40,41,40,6,14,26,8,7,3,97,6,1195,5,11,0,0,
~30,6,15,40,14,23,0,0,0,3,0,5,6,4,25,20,10,110,190,0,300,0,18000,29,6,40,41,40,6,14,26,8,7,2,97,6,1195,5,11,0,0,
~30,6,15,40,14,23,0,0,0,3,0,5,6,4,25,20,10,110,190,0,300,0,18000,29,6,40,40,40,6,14,26,8,8,2,98,5,1194,5,11,0,0,
~30,6,15,40,14,23,0,0,0,3,0,5,6,4,25,20,10,110,190,0,300,0,18000,29,6,40,40,40,6,14,26,8,8,2,98,5,1194,5,11,0,0,
~30,6,15,40,14,23,0,0,0,3,0,5,6,4,25,20,10,110,190,0,300,0,18000,29,6,40,42,40,6,14,26,8,8,2,102,5,1208,5,11,0,0,
~30,6,15,40,14,23,0,0,0,3,0,5,6,4,25,20,10,110,190,0,300,0,18000,30,6,40,42,40,6,14,26,8,8,1,102,5,1208,5,11,0,0,
~30,6,15,40,14,23,0,0,0,3,0,5,6,4,25,20,10,110,190,0,300,0,18000,30,6,40,40,40,6,14,26,8,8,1,104,4,1200,5,11,0,0,
~30,6,15,40,14,23,0,0,0,3,0,5,6,4,25,20,10,110,190,0,300,0,18000,30,6,40,40,40,6,14,26,8,8,1,104,4,1200,5,11,0,0,
~30,6,15,40,14,23,0,0,0,3,0,5,6,4,25,20,10,110,190,0,300,0,18000,30,6,40,41,40,6,14,26,8,8,1,103,4,1205,5,11,0,0,
~30,6,15,40,14,23,0,0,0,3,0,5,6,4,25,20,10,110,190,0,300,0,18000,30,6,40,41,40,6,14,26,8,8,0,103,4,1205,5,11,0,0,
~30,6,15,40,14,23,0,0,0,3,0,5,6,4,25,20,10,110,190,0,300,0,18000,30,6,40,42,40,6,14,26,8,7,0,104,4,1204,5,11,0,0,
~30,6,15,40,14,23,0,0,0,3,0,5,6,4,25,20,10,110,190,0,300,0,18000,30,6,40,42,40,6,14,26,8,7,0,104,4,1204,5,11,0,0,
~30,6,15,40,14,23,0,0,0,3,0,5,6,4,25,20,10,110,190,0,300,0,18000,30,6,40,41,40,6,14,26,8,8,0,105,4,1207,5,11,0,0,
~30,6,15,40,14,23,0,0,0,3,0,5,6,4,25,20,10,110,190,0,300,0,18000,30,6,40,41,40,6,14,26,8,8,0,105,4,1207,5,11,0,0,
~30,6,15,40,14,23,0,0,0,3,0,5,6,4,25,20,10,110,190,0,300,0,18000,30,6,40,40,40,6,14,26,8,7,0,106,3,1203,5,11,0,0,
~30,6,15,40,14,23,0,0,0,3,0,5,6,4,25,20,10,110,190,0,300,0,18000,30,6,40,40,40,6,14,26,8,7,0,107,3,1214,5,11,0,0,
~30,6,15,40,14,23,0,0,0,3,0,5,6,4,25,20,10,110,190,0,300,0,18000,30,6,40,40,40,6,14,26,8,7,0,107,3,1214,5,11,0,0,
~30,6,15,40,14,23,0,0,0,3,0,5,6,4,25,20,10,110,190,0,300,0,18000,30,6,40,41,40,6,14,26,8,7,0,108,3,1227,5,11,0,0,
~30,6,15,40,14,23,0,0,0,3,0,5,6,4,25,20,10,110,190,0,300,0,18000,30,6,40,41,40,6,14,26,8,7,0,108,3,1227,5,11,0,0,
~30,6,15,40,14,23,0,0,0,3,0,5,6,4,25,20,10,110,190,0,300,0,18000,30,6,40,41,40,6,14,26,8,7,0,109,3,1226,5,11,0,0,
~30,6,15,40,14,23,0,0,0,3,0,5,6,4,25,20,10,110,190,0,300,0,18000,30,6,40,41,40,6,14,26,8,8,0,109,3,1226,5,11,0,0,
~30,6,15,40,14,23,0,0,0,3,0,5,6,4,25,20,10,110,190,0,300,0,18000,30,7,40,41,40,7,14,26,8,8,0,110,3,1231,5,11,0,0,
~30,6,15,40,14,23,0,0,0,3,0,5,6,4,25,20,10,110,190,0,300,0,18000,30,7,40,41,40,7,14,26,8,8,0,110,3,1231,5,11,0,0,
~30,6,15,40,14,23,0,0,0,3,0,5,6,4,25,20,10,110,190,0,300,0,18000,30,6,40,42,41,6,14,26,8,8,0,111,2,1170,5,11,0,0,
~30,6,15,40,14,23,0,0,0,3,0,5,6,4,25,20,10,110,190,0,300,0,18000,30,6,40,42,41,6,14,26,8,8,0,111,2,1170,5,11,0,0,
~30,6,15,40,14,23,0,0,0,3,0,5,6,4,25,20,10,110,190,0,300,0,18000,30,6,40,41,40,6,14,26,8,8,0,112,2,1188,5,11,0,0,
~30,6,15,40,14,23,0,0,0,3,0,5,6,4,25,20,10,110,190,0,300,0,18000,30,6,40,41,40,6,14,26,8,8,0,112,2,1188,5,11,0,0,
~30,6,15,40,14,23,0,0,0,3,0,5,6,4,25,20,10,110,190,0,300,0,18000,30,6,40,41,40,6,14,26,8,8,0,114,2,1203,5,11,0,0,
~30,6,15,40,14,23,0,0,0,3,0,5,6,4,25,20,10,110,190,0,300,0,18000,30,6,40,41,40,6,14,26,8,8,0,114,2,1203,5,11,0,0,
~30,6,15,40,14,23,0,0,0,3,0,5,6,4,25,20,10,110,190,0,300,0,18000,30,6,40,41,40,6,14,26,8,8,0,115,2,1205,5,11,0,0,
~30,6,15,40,14,23,0,0,0,3,0,5,6,4,25,20,10,110,190,0,300,0,18000,30,6,40,41,40,6,14,26,8,8,0,115,2,1205,5,11,0,0,
~30,6,15,40,14,23,0,0,0,3,0,5,6,4,25,20,10,110,190,0,300,0,18000,30,6,40,40,40,6,14,26,8,7,0,113,2,1204,5,11,0,0,
~30,6,15,40,14,23,0,0,0,3,0,5,6,4,25,20,10,110,190,0,300,0,18000,29,6,40,40,40,6,14,26,8,7,0,113,2,1204,5,11,0,0,
~30,6,15,40,14,23,0,0,0,3,0,5,6,4,25,20,10,110,190,0,300,0,18000,29,6,40,41,40,6,14,26,8,7,0,117,2,1193,5,11,0,0,
~30,6,15,40,14,23,0,0,0,3,0,5,6,4,25,20,10,110,190,0,300,0,18000,30,6,40,41,40,6,14,26,8,7,0,117,2,1193,5,11,0,0,
~30,6,15,40,14,23,0,0,0,3,0,5,6,4,25,20,10,110,190,0,300,0,18000,30,6,40,40,40,6,14,26,8,7,0,118,2,1199,5,11,0,0,
~30,6,15,40,14,23,0,0,0,3,0,5,6,4,25,20,10,110,190,0,300,0,18000,30,6,40,40,40,6,14,26,8,7,0,118,2,1199,5,11,0,0,
~30,6,15,40,14,23,0,0,0,3,0,5,6,4,25,20,10,110,190,0,300,0,18000,30,6,40,40,40,6,14,26,8,7,0,118,1,1203,5,11,0,0,
~30,6,15,40,14,23,0,0,0,3,0,5,6,4,25,20,10,110,190,0,300,0,18000,30,6,40,39,39,6,14,26,8,7,0,119,1,1202,5,11,0,0,
~30,6,15,40,14,23,0,0,0,3,0,5,6,4,25,20,10,110,190,0,300,0,18000,30,6,40,39,39,6,14,26,8,8,0,119,1,1202,5,11,0,0,
~30,6,15,40,14,23,0,0,0,3,0,5,6,4,25,20,10,110,190,0,300,0,18000,30,6,40,42,40,6,14,26,8,8,0,119,1,1219,5,11,0,0,
~30,6,15,40,14,23,0,0,0,3,0,5,6,4,25,20,10,110,190,0,300,0,18000,30,6,40,42,40,6,14,26,8,7,0,119,1,1219,5,11,0,0,
~30,6,15,40,14,23,0,0,0,3,0,5,6,4,25,20,10,110,190,0,300,0,18000,30,6,40,41,40,6,14,26,8,7,0,119,1,1227,5,11,0,0,
~30,6,15,40,14,23,0,0,0,3,0,5,6,4,25,20,10,110,190,0,300,0,18000,30,6,40,41,40,6,14,26,8,8,0,119,1,1227,5,11,0,0,
~30,6,15,40,14,23,0,0,0,3,0,5,6,4,25,20,10,110,190,0,300,0,18000,30,6,40,0,40,6,14,26,8,8,0,119,1,1224,5,11,0,0,
~30,6,15,40,14,23,0,0,0,3,0,5,6,4,25,20,10,110,190,0,300,0,18000,30,6,40,0,40,6,17,26,9,7,0,119,1,1224,5,11,0,0,
~30,6,15,40,14,23,0,0,0,3,0,5,6,4,25,20,10,110,190,0,300,0,18000,30,6,40,0,40,6,14,26,9,7,0,119,1,1224,5,11,0,0,
~30,6,15,40,14,23,0,0,0,3,0,5,6,4,25,20,10,110,190,0,300,0,18000,30,6,40,0,40,6,14,26,9,7,0,119,1,1224,5,11,0,0,
~30,6,15,40,14,23,0,0,0,3,0,5,6,4,25,20,10,110,190,0,300,0,18000,30,6,40,48,41,6,14,26,8,7,0,115,3,1227,5,7,0,0,
~30,6,15,40,14,23,0,0,0,3,0,5,6,4,25,20,10,110,190,0,300,0,18000,29,6,40,48,41,6,14,26,8,7,0,115,3,1227,5,7,0,0,
~30,6,15,40,14,23,0,0,0,3,0,5,6,4,25,20,10,110,190,0,300,0,18000,29,6,40,43,41,6,14,26,8,7,0,116,3,1224,5,9,0,0,
~30,6,15,40,14,23,0,0,0,3,0,5,6,4,25,20,10,110,190,0,300,0,18000,29,6,40,43,41,6,14,26,8,7,0,116,3,1224,5,9,0,0,
~30,6,15,40,14,23,0,0,0,3,0,5,6,4,25,20,10,110,190,0,300,0,18000,29,6,40,41,41,6,14,26,8,8,0,116,2,1229,5,10,0,0,
~30,6,15,40,14,23,0,0,0,3,0,5,6,4,25,20,10,110,190,0,300,0,18000,29,6,40,41,41,6,14,26,8,8,0,116,2,1229,5,10,0,0,
~30,6,15,40,14,23,0,0,0,3,0,5,6,4,25,20,10,110,190,0,300,0,18000,29,6,40,42,41,6,14,26,8,7,0,116,2,1238,5,10,0,0,
~30,6,15,40,14,23,0,0,0,3,0,5,6,4,25,20,10,110,190,0,300,0,18000,29,6,40,42,41,6,14,26,8,7,0,116,2,1238,5,10,0,0,
~30,6,15,40,14,23,0,0,0,3,0,5,6,4,25,20,10,110,190,0,300,0,18000,29,6,40,42,41,6,14,26,8,8,0,116,2,1223,5,11,0,0,
~30,6,15,40,14,23,0,0,0,3,0,5,6,4,25,20,10,110,190,0,300,0,18000,29,6,40,42,41,6,14,26,8,8,0,116,2,1223,5,11,0,0,
~30,6,15,40,14,23,0,0,0,3,0,5,6,4,25,20,10,110,190,0,300,0,18000,29,6,40,41,41,6,14,26,8,7,0,116,2,1233,5,11,0,0,
~30,6,15,40,14,23,0,0,0,3,0,5,6,4,25,20,10,110,190,0,300,0,18000,29,6,40,41,41,6,14,26,8,7,0,116,2,1233,5,11,0,0,
~30,6,15,40,14,23,0,0,0,3,0,5,6,4,25,20,10,110,190,0,300,0,18000,29,6,40,42,40,6,14,26,8,8,0,116,2,1219,5,11,0,0,
~30,6,15,40,14,23,0,0,0,3,0,5,6,4,25,20,10,110,190,0,300,0,18000,29,6,40,42,40,6,14,26,8,8,0,116,2,1219,5,11,0,0,
~30,6,15,40,14,23,0,0,0,3,0,5,6,4,25,20,10,110,190,0,300,0,18000,29,6,40,41,40,6,14,26,8,7,0,116,2,1243,5,11,0,0,
~30,6,15,40,14,23,0,0,0,3,0,5,6,4,25,20,10,110,190,0,300,0,18000,29,6,40,41,40,6,14,26,8,7,0,116,2,1246,5,11,0,0,
~30,6,15,40,14,23,0,0,0,3,0,5,6,4,25,20,10,110,190,0,300,0,18000,29,6,40,41,40,6,14,26,8,7,0,116,2,1246,5,11,0,0,
~30,6,15,40,14,23,0,0,0,3,0,5,6,4,25,20,10,110,190,0,300,0,18000,29,6,40,40,40,6,14,26,8,7,0,116,2,1226,5,11,0,0,
~30,6,15,40,14,23,0,0,0,3,0,5,6,4,25,20,10,110,190,0,300,0,18000,29,6,40,40,40,6,14,26,8,7,0,116,2,1226,5,11,0,0,
~30,6,15,40,14,23,0,0,0,3,0,5,6,4,25,20,10,110,190,0,300,0,18000,29,6,40,40,40,6,14,26,8,7,0,116,2,1221,5,11,0,0,
~30,6,15,40,14,23,0,0,0,3,0,5,6,4,25,20,10,110,190,0,300,0,18000,29,6,40,40,40,6,14,26,8,7,0,116,2,1221,5,11,0,0,
~30,6,15,40,14,23,0,0,0,3,0,5,6,4,25,20,10,110,190,0,300,0,18000,29,6,40,40,40,6,14,26,8,7,0,116,1,1212,5,11,0,0,
~30,6,15,40,14,23,0,0,0,3,0,5,6,4,25,20,10,110,190,0,300,0,18000,29,6,40,40,40,6,14,26,8,7,0,116,1,1212,5,11,0,0,
~30,6,15,40,14,23,0,0,0,3,0,5,6,4,25,20,10,110,190,0,300,0,18000,29,6,40,41,40,6,14,26,8,7,0,116,1,1220,5,10,0,0,
~30,6,15,40,14,23,0,0,0,3,0,5,6,4,25,20,10,110,190,0,300,0,18000,29,6,40,41,40,6,14,26,8,7,0,116,1,1220,5,10,0,0,
~30,6,15,40,14,23,0,0,0,3,0,5,6,4,25,20,10,110,190,0,300,0,18000,29,6,40,40,40,6,14,26,8,7,0,116,1,1217,5,10,0,0,
~30,6,15,40,14,23,0,0,0,3,0,5,6,4,25,20,10,110,190,0,300,0,18000,29,6,40,40,40,6,14,26,8,7,0,116,1,1217,5,10,0,0,
~30,6,15,40,14,23,0,0,0,3,0,5,6,4,25,20,10,110,190,0,300,0,18000,29,6,40,40,40,6,14,26,8,7,0,116,1,1211,5,10,0,0,
~30,6,15,40,14,23,0,0,0,3,0,5,6,4,25,20,10,110,190,0,300,0,18000,29,6,40,40,40,6,14,26,8,7,0,116,1,1211,5,10,0,0,
~30,6,15,40,14,23,0,0,0,3,0,5,6,4,25,20,10,110,190,0,300,0,18000,29,6,40,41,40,6,14,26,8,7,0,116,1,1204,5,10,0,0,
~30,6,15,40,14,23,0,0,0,3,0,5,6,4,25,20,10,110,190,0,300,0,18000,29,6,40,41,40,6,14,26,8,7,0,116,1,1204,5,10,0,0,
~30,6,15,40,14,23,0,0,0,3,0,5,6,4,25,20,10,110,190,0,300,0,18000,29,6,40,41,40,6,14,26,8,7,0,116,1,1203,5,10,0,0,
~30,6,15,40,14,23,0,0,0,3,0,5,6,4,25,20,10,110,190,0,300,0,18000,29,6,40,41,40,6,14,26,8,7,0,116,1,1203,5,10,0,0,
~30,6,15,40,14,23,0,0,0,3,0,5,6,4,25,20,10,110,190,0,300,0,18000,29,6,40,41,40,6,14,26,8,7,0,116,1,1213,5,10,0,0,
~30,6,15,40,14,23,0,0,0,3,0,5,6,4,25,20,10,110,190,0,300,0,18000,29,6,40,41,40,6,14,26,8,7,0,116,1,1213,5,10,0,0,
~30,6,15,40,14,23,0,0,0,3,0,5,6,4,25,20,10,110,190,0,300,0,18000,29,6,40,39,40,6,14,26,8,7,0,116,1,1208,5,10,0,0,
~30,6,15,40,14,23,0,0,0,3,0,5,6,4,25,20,10,110,190,0,300,0,18000,29,6,40,39,40,6,14,26,8,7,0,116,1,1208,5,10,0,0,
~30,6,15,40,14,23,0,0,0,3,0,5,6,4,25,20,10,110,190,0,300,0,18000,29,6,40,41,40,6,14,26,8,7,0,116,1,1219,5,10,0,0,
~30,6,15,40,14,23,0,0,0,3,0,5,6,4,25,20,10,110,190,0,300,0,18000,29,6,40,41,40,6,14,26,8,7,0,116,1,1219,5,10,0,0,
~30,6,15,40,14,23,0,0,0,3,0,5,6,4,25,20,10,110,190,0,300,0,18000,29,6,40,41,40,6,14,26,8,8,0,116,1,1215,5,10,0,0,
~30,5,15,40,14,23,0,0,0,3,0,5,6,4,25,20,10,110,190,0,300,0,18000,29,6,40,40,40,6,14,26,8,8,0,116,1,1214,5,10,0,0,
~30,5,15,40,14,23,0,0,0,3,0,5,6,4,25,20,10,110,190,0,300,0,18000,29,6,40,40,40,6,14,26,8,7,0,116,1,1214,5,10,0,0,
~30,5,15,40,14,23,0,0,0,3,0,5,6,4,25,20,10,110,190,0,300,0,18000,29,6,40,40,41,6,14,26,8,7,0,116,1,1217,5,10,0,0,
~30,5,15,40,14,23,0,0,0,3,0,5,6,4,25,20,10,110,190,0,300,0,18000,29,5,40,40,41,5,14,26,8,7,0,116,1,1217,5,10,0,0,
~30,5,15,40,14,23,0,0,0,3,0,5,6,4,25,20,10,110,190,0,300,0,18000,29,6,40,46,42,6,14,26,8,7,0,116,1,1225,5,10,0,0,
~30,5,15,40,14,23,0,0,0,3,0,5,6,4,25,20,10,110,190,0,300,0,18000,29,6,40,46,42,6,14,26,8,7,0,116,1,1225,5,10,0,0,
~30,5,15,40,12,23,0,0,0,3,0,5,6,4,25,20,10,90,170,0,300,0,18000,29,5,40,47,43,5,14,26,8,7,0,116,2,1179,5,10,0,0,
~30,5,15,40,12,23,0,0,0,3,0,5,6,4,25,20,10,90,170,0,300,0,18000,29,5,40,47,43,5,14,26,8,7,0,116,2,1179,5,10,0,0,
~30,5,15,40,12,23,0,0,0,3,0,5,6,4,25,20,10,90,170,0,300,0,18000,29,5,40,48,45,5,12,26,8,7,0,117,2,1189,5,10,0,0,
~30,5,15,40,12,23,0,0,0,3,0,5,6,4,25,20,10,90,170,0,300,0,18000,29,5,40,48,45,5,12,26,8,7,0,117,2,1189,5,10,0,0,
~30,5,15,40,12,23,0,0,0,3,0,5,6,4,25,20,10,90,170,0,300,0,18000,29,5,40,34,41,5,12,26,8,7,0,117,2,1191,5,7,0,0,
~30,5,15,40,12,23,0,0,0,3,0,5,6,4,25,20,10,90,170,0,300,0,18000,29,5,40,34,41,5,12,26,8,7,0,117,2,1191,5,7,0,0,
~30,5,15,40,12,23,0,0,0,3,0,5,6,4,25,20,10,90,170,0,300,0,18000,29,5,40,36,39,5,12,26,7,6,0,117,2,1168,5,8,0,0,
~30,5,15,40,12,23,0,0,0,3,0,5,6,4,25,20,10,90,170,0,300,0,18000,29,5,40,36,39,5,12,26,7,6,0,117,2,1168,5,8,0,0,
~30,5,15,40,12,23,0,0,0,3,0,5,6,4,25,20,10,90,170,0,300,0,18000,29,6,40,34,37,6,12,26,7,6,0,117,2,1163,5,9,0,0,
~30,5,15,40,12,23,0,0,0,3,0,5,6,4,25,20,10,90,170,0,300,0,18000,29,6,40,34,37,6,12,26,7,6,0,117,2,1163,5,9,0,0,
~30,5,15,40,12,23,0,0,0,3,0,5,6,4,25,20,10,90,170,0,300,0,18000,29,5,40,35,36,5,12,26,7,6,0,117,1,1110,5,9,0,0,
~30,5,15,40,12,23,0,0,0,3,0,5,6,4,25,20,10,90,170,0,300,0,18000,29,5,40,35,36,5,12,26,7,6,0,117,1,1110,5,9,0,0,
~30,5,15,40,12,23,0,0,0,3,0,5,6,4,25,20,10,90,170,0,300,0,18000,29,5,40,36,36,5,12,26,7,6,0,121,1,1128,5,10,0,0,
~30,5,15,40,12,23,0,0,0,3,0,5,6,4,25,20,10,90,170,0,300,0,18000,30,5,40,36,36,5,12,26,7,6,0,121,1,1128,5,10,0,0,
~30,5,15,40,12,23,0,0,0,3,0,5,6,4,25,20,10,90,170,0,300,0,18000,30,6,40,36,36,6,12,26,7,6,0,120,1,1145,5,10,0,0,
~30,5,15,40,12,23,0,0,0,3,0,5,6,4,25,20,10,90,170,0,300,0,18000,30,6,40,36,36,6,12,26,7,6,0,120,1,1145,5,10,0,0,
~30,5,15,40,12,23,0,0,0,3,0,5,6,4,25,20,10,90,170,0,300,0,18000,30,5,40,34,35,5,12,26,7,6,0,120,1,1084,5,10,0,0,
~30,5,15,40,12,23,0,0,0,3,0,5,6,4,25,20,10,90,170,0,300,0,18000,30,5,40,36,35,5,12,26,7,6,0,119,1,1124,5,10,0,0,
~30,5,15,40,12,23,0,0,0,3,0,5,6,4,25,20,10,90,170,0,300,0,18000,30,5,40,36,35,5,12,26,7,6,0,119,1,1124,5,10,0,0,
~30,5,15,40,12,23,0,0,0,3,0,5,6,4,25,20,10,90,170,0,300,0,18000,30,5,40,36,35,5,12,26,7,6,0,118,1,1134,5,10,0,0,
~30,5,15,40,12,23,0,0,0,3,0,5,6,4,25,20,10,90,170,0,300,0,18000,30,5,40,36,35,5,12,26,7,6,0,118,1,1134,5,10,0,0,
~30,5,15,40,12,23,0,0,0,3,0,5,6,4,25,20,10,90,170,0,300,0,18000,30,5,40,36,35,5,12,26,7,6,0,118,1,1158,5,10,0,0,
~30,5,15,40,12,23,0,0,0,3,0,5,6,4,25,20,10,90,170,0,300,0,18000,30,5,40,36,35,5,12,26,7,6,0,118,1,1158,5,10,0,0,
~30,5,15,40,12,23,0,0,0,3,0,5,6,4,25,20,10,90,170,0,300,0,18000,30,5,40,35,35,5,12,26,7,6,0,117,1,1168,5,10,0,0,
~30,5,15,40,12,23,0,0,0,3,0,5,6,4,25,20,10,90,170,0,300,0,18000,30,5,40,35,35,5,12,26,7,6,0,117,1,1168,5,10,0,0,
~30,5,15,40,12,23,0,0,0,3,0,5,6,4,25,20,10,90,170,0,300,0,18000,30,5,40,36,35,5,12,26,7,6,0,117,1,1152,5,10,0,0,
~30,5,15,40,12,23,0,0,0,3,0,5,6,4,25,20,10,90,170,0,300,0,18000,30,5,40,36,35,5,12,26,7,7,0,117,1,1152,5,10,0,0,
~30,5,15,40,12,23,0,0,0,3,0,5,6,4,25,20,10,90,170,0,300,0,18000,30,5,40,28,49,5,12,26,7,7,0,116,1,885,4,9,0,0,
~30,5,15,40,12,23,0,0,0,3,0,5,6,4,25,20,10,90,170,0,300,0,18000,30,4,40,28,49,4,12,26,7,7,0,116,1,885,4,9,0,0,
~30,5,15,40,12,23,0,0,0,3,0,5,6,4,25,20,10,90,170,0,300,0,18000,30,4,40,319,104,4,12,26,7,7,0,121,12,1157,24,8,0,0,
~30,5,15,40,12,23,0,0,0,3,0,5,6,4,25,20,10,90,170,0,300,0,18000,31,4,40,319,104,4,12,26,7,7,1,121,12,1157,24,8,0,0,
~30,5,15,40,12,23,0,0,0,3,0,5,6,4,25,20,10,90,170,0,300,0,18000,31,4,40,0,104,4,12,26,8,6,1,142,12,1157,24,8,0,0,
~30,5,15,40,12,23,0,0,0,3,0,5,6,4,25,20,10,90,170,0,300,0,18000,32,4,40,0,104,4,12,26,8,6,2,142,12,1157,24,8,0,0,
~30,5,15,40,12,23,0,0,0,3,0,5,6,4,25,20,10,90,170,0,300,0,18000,32,5,40,288,104,5,12,26,7,6,2,138,12,1157,24,8,0,0,
~30,5,15,40,12,23,0,0,0,3,0,5,6,4,25,20,10,90,170,0,300,0,18000,31,5,40,288,104,5,12,26,7,6,3,138,12,1157,24,8,0,0,
~30,5,15,40,12,23,0,0,0,3,0,5,6,4,25,20,10,90,170,0,300,0,18000,31,5,40,42,81,5,12,26,7,6,3,134,11,1154,18,6,0,0,
~30,5,15,40,12,23,0,0,0,3,0,5,6,4,25,20,10,90,170,0,300,0,18000,30,5,40,42,81,5,12,26,7,6,3,134,11,1154,18,6,0,0,
~30,5,15,40,12,23,0,0,0,3,0,5,6,4,25,20,10,90,170,0,300,0,18000,30,5,40,37,66,5,12,26,7,6,3,138,10,1178,14,5,0,0,
~30,5,15,40,12,23,0,0,0,3,0,5,6,4,25,20,10,90,170,0,300,0,18000,30,5,40,37,66,5,12,26,7,6,3,138,10,1178,14,5,0,0,
~30,5,15,40,12,23,0,0,0,3,0,5,6,4,25,20,10,90,170,0,300,0,18000,30,5,40,37,56,5,12,26,7,6,3,140,9,1170,11,5,0,0,
~30,5,15,40,12,23,0,0,0,3,0,5,6,4,25,20,10,90,170,0,300,0,18000,30,5,40,37,56,5,12,26,7,6,3,140,9,1170,11,5,0,0,
~30,5,15,40,12,23,0,0,0,3,0,5,6,4,25,20,10,90,170,0,300,0,18000,30,5,40,37,50,5,12,26,7,6,3,142,8,1154,9,5,0,0,
~30,5,15,40,12,23,0,0,0,3,0,5,6,4,25,20,10,90,170,0,300,0,18000,30,5,40,37,45,5,12,26,7,6,3,143,7,1146,8,6,0,0,
~30,5,15,40,12,23,0,0,0,3,0,5,6,4,25,20,10,90,170,0,300,0,18000,30,5,40,37,45,5,12,26,7,6,3,143,7,1146,8,6,0,0,
~30,5,15,40,12,23,0,0,0,3,0,5,6,4,25,20,10,90,170,0,300,0,18000,30,5,40,36,42,5,12,26,7,6,3,143,6,1151,7,6,0,0,
~30,5,15,40,12,23,0,0,0,3,0,5,6,4,25,20,10,90,170,0,300,0,18000,30,5,40,36,42,5,12,26,7,6,3,143,6,1151,7,6,0,0,
~30,5,15,40,12,23,0,0,0,3,0,5,6,4,25,20,10,90,170,0,300,0,18000,30,5,40,37,40,5,12,26,7,6,3,144,6,1151,6,7,0,0,
~30,5,15,40,12,23,0,0,0,3,0,5,6,4,25,20,10,90,170,0,300,0,18000,30,5,40,37,40,5,12,26,7,6,3,144,6,1151,6,7,0,0,
~30,5,15,40,12,23,0,0,0,3,0,5,6,4,25,20,10,90,170,0,300,0,18000,30,5,40,0,38,5,13,26,7,6,3,144,4,1149,6,8,0,0,
~30,5,15,40,12,23,0,0,0,3,0,5,6,4,25,20,10,90,170,0,300,0,18000,30,5,40,0,38,5,13,26,7,6,3,144,4,1149,6,8,0,0,
~30,5,15,40,12,23,0,0,0,3,0,5,6,4,25,20,10,90,170,0,300,0,18000,30,5,40,4,38,5,12,26,7,6,3,147,4,1149,6,8,0,0,
~30,5,15,40,12,23,0,0,0,3,0,5,6,4,25,20,10,90,170,0,300,0,18000,31,5,40,4,38,5,12,26,7,6,3,147,4,1149,6,8,0,0,
~30,5,15,40,12,23,0,0,0,3,0,5,6,4,25,20,10,90,170,0,300,0,18000,31,5,40,38,38,5,12,26,7,6,3,143,4,1159,6,7,0,0,
~30,5,15,40,12,23,0,0,0,3,0,5,6,4,25,20,10,90,170,0,300,0,18000,30,5,40,38,38,5,12,26,7,6,3,143,4,1159,6,7,0,0,
~30,5,15,40,12,23,0,0,0,3,0,5,6,4,25,20,10,90,170,0,300,0,18000,30,5,40,35,37,5,12,26,7,6,3,143,4,1159,5,8,0,0,
~30,5,15,40,12,23,0,0,0,3,0,5,6,4,25,20,10,90,170,0,300,0,18000,30,5,40,35,37,5,12,26,7,6,3,143,4,1159,5,8,0,0,
~30,5,15,40,12,23,0,0,0,3,0,5,6,4,25,20,10,90,170,0,300,0,18000,30,5,40,35,36,5,12,26,7,6,3,143,3,1145,5,9,0,0,
~30,5,15,40,12,23,0,0,0,3,0,5,6,4,25,20,10,90,170,0,300,0,18000,30,5,40,35,36,5,12,26,7,6,3,143,3,1145,5,9,0,0,
~30,5,15,40,12,23,0,0,0,3,0,5,6,4,25,20,10,90,170,0,300,0,18000,30,5,40,35,36,5,12,26,7,6,3,142,3,1185,5,9,0,0,
~30,5,15,40,12,23,0,0,0,3,0,5,6,4,25,20,10,90,170,0,300,0,18000,30,5,40,35,36,5,12,26,7,6,3,142,3,1185,5,9,0,0,
~30,5,15,40,12,23,0,0,0,3,0,5,6,4,25,20,10,90,170,0,300,0,18000,30,5,40,37,36,5,12,26,7,6,3,141,3,1195,5,10,0,0,
~30,5,15,40,12,23,0,0,0,3,0,5,6,4,25,20,10,90,170,0,300,0,18000,30,5,40,37,36,5,12,26,7,6,3,141,3,1195,5,10,0,0,
~30,5,15,40,12,23,0,0,0,3,0,5,6,4,25,20,10,90,170,0,300,0,18000,30,5,40,36,35,5,12,26,7,6,3,140,3,1193,5,10,0,0,
~30,5,15,40,12,23,0,0,0,3,0,5,6,4,25,20,10,90,170,0,300,0,18000,30,5,40,36,35,5,12,26,7,6,3,140,3,1193,5,10,0,0,
~30,5,15,40,12,23,0,0,0,3,0,5,6,4,25,20,10,90,170,0,300,0,18000,30,5,40,35,35,5,12,26,7,6,3,140,2,1194,5,10,0,0,
~30,5,15,40,12,23,0,0,0,3,0,5,6,4,25,20,10,90,170,0,300,0,18000,30,5,40,36,35,5,12,26,7,6,3,139,2,1172,5,10,0,0,
~30,5,15,40,12,23,0,0,0,3,0,5,6,4,25,20,10,90,170,0,300,0,18000,30,5,40,36,35,5,12,26,7,6,3,139,2,1172,5,10,0,0,
~30,5,15,40,12,23,0,0,0,3,0,5,6,4,25,20,10,90,170,0,300,0,18000,30,5,40,35,35,5,12,26,7,6,3,139,2,1163,5,10,0,0,
~30,5,15,40,12,23,0,0,0,3,0,5,6,4,25,20,10,90,170,0,300,0,18000,30,5,40,35,35,5,12,26,7,6,3,139,2,1163,5,10,0,0,
~30,5,15,40,12,23,0,0,0,3,0,5,6,4,25,20,10,90,170,0,300,0,18000,30,5,40,35,35,5,12,26,7,6,3,139,2,1157,5,10,0,0,
~30,5,15,40,12,23,0,0,0,3,0,5,6,4,25,20,10,90,170,0,300,0,18000,30,5,40,35,35,5,12,26,7,6,3,139,2,1157,5,10,0,0,
~30,5,15,40,12,23,0,0,0,3,0,5,6,4,25,20,10,90,170,0,300,0,18000,30,5,40,36,35,5,12,26,7,6,3,139,2,1154,5,11,0,0,
~30,5,15,40,12,23,0,0,0,3,0,5,6,4,25,20,10,90,170,0,300,0,18000,30,5,40,36,35,5,12,26,7,6,3,139,2,1154,5,11,0,0,
~30,5,15,40,12,23,0,0,0,3,0,5,6,4,25,20,10,90,170,0,300,0,18000,30,6,40,36,35,6,12,26,7,6,3,139,2,1153,5,11,0,0,
~30,5,15,40,12,23,0,0,0,3,0,5,6,4,25,20,10,90,170,0,300,0,18000,30,6,40,36,35,6,12,26,7,6,3,139,2,1153,5,11,0,0,
~30,5,15,40,12,23,0,0,0,3,0,5,6,4,25,20,10,90,170,0,300,0,18000,30,5,40,35,35,5,12,26,7,6,3,139,1,1122,5,11,0,0,
~30,5,15,40,12,23,0,0,0,3,0,5,6,4,25,20,10,90,170,0,300,0,18000,30,5,40,35,35,5,12,26,7,6,3,139,1,1122,5,11,0,0,
~30,5,15,40,12,23,0,0,0,3,0,5,6,4,25,20,10,90,170,0,300,0,18000,30,5,40,36,35,5,12,26,7,6,3,139,1,1132,5,11,0,0,
~30,5,15,40,12,23,0,0,0,3,0,5,6,4,25,20,10,90,170,0,300,0,18000,30,5,40,36,35,5,12,26,7,6,3,139,1,1132,5,11,0,0,
~30,5,15,40,12,23,0,0,0,3,0,5,6,4,25,20,10,90,170,0,300,0,18000,30,5,40,3,37,5,12,26,7,6,3,139,1,1146,5,11,0,0,
~30,5,15,40,12,23,0,0,0,3,0,5,6,4,25,20,10,90,170,0,300,0,18000,30,5,40,3,37,5,12,26,7,6,3,139,1,1146,5,11,0,0,
~30,5,15,40,12,23,0,0,0,3,0,5,6,4,25,20,10,90,170,0,300,0,18000,30,4,40,0,96,4,14,26,8,6,3,143,6,903,13,9,0,0,
~30,5,15,40,12,23,0,0,0,3,0,5,6,4,25,20,10,90,170,0,300,0,18000,31,4,40,0,96,4,14,26,8,6,5,143,6,903,13,9,0,0,
~30,5,15,40,12,23,0,0,0,3,0,5,6,4,25,20,10,90,170,0,300,0,18000,31,5,40,234,96,5,12,26,8,6,5,149,6,903,13,9,0,0,
~30,5,15,40,12,23,0,0,0,3,0,5,6,4,25,20,10,90,170,0,300,0,18000,31,5,40,234,96,5,12,26,8,6,6,149,6,903,13,9,0,0,
~30,5,15,40,12,23,0,0,0,3,0,5,6,4,25,20,10,90,170,0,300,0,18000,31,5,40,42,75,5,12,26,7,6,6,145,6,1001,11,6,0,0,
~30,5,15,40,12,23,0,0,0,3,0,5,6,4,25,20,10,90,170,0,300,0,18000,30,5,40,42,75,5,12,26,7,6,6,145,6,1001,11,6,0,0,
~30,5,15,40,12,23,0,0,0,3,0,5,6,4,25,20,10,90,170,0,300,0,18000,30,6,40,38,63,6,12,26,7,6,6,144,5,1034,9,6,0,0,
~30,5,15,40,12,23,0,0,0,3,0,5,6,4,25,20,10,90,170,0,300,0,18000,29,6,40,38,63,6,12,26,7,6,5,144,5,1034,9,6,0,0,
~30,5,15,40,12,23,0,0,0,3,0,5,6,4,25,20,10,90,170,0,300,0,18000,28,5,40,37,54,5,12,26,7,6,4,126,5,1019,8,6,0,0,
~30,5,15,40,12,23,0,0,0,3,0,5,6,4,25,20,10,90,170,0,300,0,18000,28,5,40,37,48,5,12,26,7,6,4,131,4,1062,7,6,0,0,
~30,5,15,40,12,23,0,0,0,3,0,5,6,4,25,20,10,90,170,0,300,0,18000,29,5,40,37,48,5,12,26,7,6,3,131,4,1062,7,6,0,0,
~30,5,15,40,12,23,0,0,0,3,0,5,6,4,25,20,10,90,170,0,300,0,18000,29,5,40,37,44,5,12,26,7,6,3,136,4,1087,7,6,0,0,
~30,5,15,40,12,23,0,0,0,3,0,5,6,4,25,20,10,90,170,0,300,0,18000,30,5,40,37,44,5,12,26,7,6,3,136,4,1087,7,6,0,0,
~30,5,15,40,12,23,0,0,0,3,0,5,6,4,25,20,10,90,170,0,300,0,18000,30,5,40,36,41,5,12,26,7,6,3,132,3,1109,6,7,0,0,
~30,5,15,40,12,23,0,0,0,3,0,5,6,4,25,20,10,90,170,0,300,0,18000,30,5,40,36,41,5,12,26,7,6,3,132,3,1109,6,7,0,0,
~30,5,15,40,12,23,0,0,0,3,0,5,6,4,25,20,10,90,170,0,300,0,18000,30,5,40,36,39,5,12,26,7,6,3,130,3,1135,5,8,0,0,
~30,5,15,40,12,23,0,0,0,3,0,5,6,4,25,20,10,90,170,0,300,0,18000,30,5,40,36,39,5,12,26,7,6,3,130,3,1135,5,8,0,0,
~30,5,15,40,12,23,0,0,0,3,0,5,6,4,25,20,10,90,170,0,300,0,18000,30,5,40,36,38,5,12,26,7,6,3,128,2,1131,5,9,0,0,
~30,5,15,40,12,23,0,0,0,3,0,5,6,4,25,20,10,90,170,0,300,0,18000,30,5,40,36,38,5,12,26,7,6,3,128,2,1131,5,9,0,0,
~30,5,15,40,12,23,0,0,0,3,0,5,6,4,25,20,10,90,170,0,300,0,18000,30,5,40,36,37,5,12,26,7,6,3,127,2,1138,5,9,0,0,
~30,5,15,40,12,23,0,0,0,3,0,5,6,4,25,20,10,90,170,0,300,0,18000,30,5,40,36,37,5,12,26,7,7,3,127,2,1138,5,9,0,0,
~30,5,15,40,12,23,0,0,0,3,0,5,6,4,25,20,10,90,170,0,300,0,18000,30,5,40,3,36,5,12,26,7,7,3,126,2,1164,5,9,0,0,
~30,5,15,40,12,23,0,0,0,3,0,5,6,4,25,20,10,90,170,0,300,0,18000,30,4,40,3,36,4,13,26,8,6,3,126,2,1164,5,9,0,0,
~30,5,15,40,12,23,0,0,0,3,0,5,6,4,25,20,10,90,170,0,300,0,18000,30,4,40,4,97,4,13,26,8,6,3,125,7,985,11,12,0,0,
~30,5,15,40,12,23,0,0,0,3,0,5,6,4,25,20,10,90,170,0,300,0,18000,30,4,40,4,97,4,13,26,8,6,6,125,7,985,11,12,0,0,
~30,5,15,40,12,23,0,0,0,3,0,5,6,4,25,20,10,90,170,0,300,0,18000,30,4,40,2,125,4,12,26,8,6,6,140,9,1004,13,9,0,0,
~30,5,15,40,12,23,0,0,0,3,0,5,6,4,25,20,10,90,170,0,300,0,18000,31,5,40,2,125,5,12,26,8,6,8,140,9,1004,13,9,0,0,
~30,5,15,40,12,23,0,0,0,3,0,5,6,4,25,20,10,90,170,0,300,0,18000,31,5,40,187,139,5,12,29,7,7,8,144,10,1072,18,9,0,0,
~30,5,15,40,12,23,0,0,0,3,0,5,6,4,25,20,10,90,170,0,300,0,18000,30,5,40,187,139,5,12,29,7,7,11,144,10,1072,18,9,0,0,
~30,5,15,40,12,23,0,0,0,3,0,5,6,4,25,20,10,90,170,0,300,0,18000,30,5,40,160,163,5,12,39,7,7,11,158,9,936,19,7,0,0,
~30,5,15,40,12,23,0,0,0,3,0,5,6,4,25,20,10,90,170,0,300,0,18000,31,5,40,160,163,5,12,39,7,7,12,158,9,936,19,7,0,0,
~30,5,15,40,12,23,0,0,0,3,0,5,6,4,25,20,10,90,170,0,300,0,18000,31,4,40,303,171,4,12,51,8,6,12,171,12,868,27,7,0,0,
~30,5,15,40,12,23,0,0,0,3,0,5,6,4,25,20,10,90,170,0,300,0,18000,31,4,40,6,171,4,12,62,8,6,13,184,12,868,27,7,0,0,
~30,5,15,40,12,23,0,0,0,3,0,5,6,4,25,20,10,90,170,0,300,0,18000,31,5,40,6,171,5,12,62,7,7,14,184,12,868,27,7,0,0,
~30,5,15,40,12,23,0,0,0,3,0,5,6,4,25,20,10,90,170,0,300,0,18000,31,5,40,88,151,5,12,70,7,7,14,181,14,1042,27,6,0,0,
~30,5,15,40,12,23,0,0,0,3,0,5,6,4,25,20,10,90,170,0,300,0,18000,30,5,40,88,151,5,12,70,7,7,15,181,14,1042,27,6,0,0,
~30,5,15,40,12,23,0,0,0,3,0,5,6,4,25,20,10,90,170,0,300,0,18000,30,4,40,38,130,4,12,77,8,7,15,192,13,951,20,5,0,0,
~30,5,15,40,12,23,0,0,0,3,0,5,6,4,25,20,10,90,170,0,300,0,18000,30,5,40,38,130,5,12,77,7,7,16,192,13,951,20,5,0,0,
~30,5,15,40,12,23,0,0,0,3,0,5,6,4,25,20,10,90,170,0,300,0,18000,30,5,40,29,113,5,12,83,7,7,16,202,11,955,14,4,0,0,
~30,5,15,40,12,23,0,0,0,3,0,5,6,4,25,20,10,90,170,0,300,0,18000,30,5,40,29,113,5,12,83,7,7,18,202,11,955,14,4,0,0,
~30,5,15,40,12,23,0,0,0,3,0,5,6,4,25,20,10,90,170,0,300,0,18000,30,5,40,29,113,5,12,87,7,7,18,209,11,955,14,4,0,0,
~30,5,15,40,12,23,0,0,0,3,0,5,6,4,25,20,10,90,170,0,300,0,18000,30,5,40,29,113,5,12,87,7,7,19,209,11,955,14,4,0,0,
~30,5,15,40,12,23,0,0,0,3,0,5,6,4,25,20,10,90,170,0,300,0,18000,30,6,40,234,87,6,12,90,7,6,19,206,16,1056,21,5,0,0,
~30,5,15,40,12,23,0,0,0,3,0,5,6,4,25,20,10,90,170,0,300,0,18000,29,6,40,234,87,6,12,90,7,6,19,206,16,1056,21,5,0,0,
~30,5,15,40,12,23,0,0,0,3,0,5,6,4,25,20,10,90,170,0,300,0,18000,29,5,40,38,70,5,12,92,7,6,19,211,15,1030,16,4,0,0,
~30,5,15,40,12,23,0,0,0,3,0,5,6,4,25,20,10,90,170,0,300,0,18000,29,5,40,38,70,5,12,92,7,6,19,211,15,1030,16,4,0,0,
~30,5,15,40,12,23,0,0,0,3,0,5,6,4,25,20,10,90,170,0,300,0,18000,29,6,40,39,59,6,12,94,7,6,19,215,13,1063,12,4,0,0,
~30,5,15,40,12,23,0,0,0,3,0,5,6,4,25,20,10,90,170,0,300,0,18000,29,6,40,39,59,6,12,94,7,6,19,215,13,1063,12,4,0,0,
~30,5,15,40,12,23,0,0,0,3,0,5,6,4,25,20,10,90,170,0,300,0,18000,29,5,40,36,51,5,12,95,7,6,19,217,12,1042,10,5,0,0,
~30,5,15,40,12,23,0,0,0,3,0,5,6,4,25,20,10,90,170,0,300,0,18000,29,5,40,36,51,5,12,95,7,6,19,217,12,1042,10,5,0,0,
~30,5,15,40,12,23,0,0,0,3,0,5,6,4,25,20,10,90,170,0,300,0,18000,29,5,40,36,46,5,12,96,7,6,19,219,11,1087,8,5,0,0,
~30,5,15,40,12,23,0,0,0,3,0,5,6,4,25,20,10,90,170,0,300,0,18000,29,5,40,36,46,5,12,96,7,6,19,219,11,1087,8,5,0,0,
~30,5,15,40,12,23,0,0,0,3,0,5,6,4,25,20,10,90,170,0,300,0,18000,29,6,40,36,42,6,12,97,7,6,19,220,9,1121,7,6,0,0,
~30,5,15,40,12,23,0,0,0,3,0,5,6,4,25,20,10,90,170,0,300,0,18000,29,6,40,36,42,6,12,97,7,6,19,220,9,1121,7,6,0,0,
~30,5,15,40,12,23,0,0,0,3,0,5,6,4,25,20,10,90,170,0,300,0,18000,29,6,40,36,40,6,12,98,6,6,19,220,8,1068,7,6,0,0,
~30,5,15,40,12,23,0,0,0,3,0,5,6,4,25,20,10,90,170,0,300,0,18000,29,6,40,36,40,6,12,98,6,6,19,220,8,1068,7,6,0,0,
~30,5,15,40,12,23,0,0,0,3,0,5,6,4,25,20,10,90,170,0,300,0,18000,29,5,40,37,39,5,12,98,7,6,19,221,8,1059,7,7,0,0,
~30,5,15,40,12,23,0,0,0,3,0,5,6,4,25,20,10,90,170,0,300,0,18000,29,5,40,37,38,5,12,99,7,6,19,218,7,1110,6,7,0,0,
~30,5,15,40,12,23,0,0,0,3,0,5,6,4,25,20,10,90,170,0,300,0,18000,28,5,40,37,38,5,12,99,7,6,17,218,7,1110,6,7,0,0,
~30,5,15,40,12,23,0,0,0,3,0,5,6,4,25,20,10,90,170,0,300,0,18000,28,6,40,37,36,6,12,99,6,6,17,212,6,1114,6,8,0,0,
~30,5,15,40,12,23,0,0,0,3,0,5,6,4,25,20,10,90,170,0,300,0,18000,28,6,40,37,36,6,12,99,6,6,16,212,6,1114,6,8,0,0,
~30,5,15,40,12,23,0,0,0,3,0,5,6,4,25,20,10,90,170,0,300,0,18000,28,6,40,36,36,6,12,99,6,6,16,215,6,1066,6,8,0,0,
~30,5,15,40,12,23,0,0,0,3,0,5,6,4,25,20,10,90,170,0,300,0,18000,29,6,40,36,36,6,12,99,6,6,16,215,6,1066,6,8,0,0,
~30,5,15,40,12,23,0,0,0,3,0,5,6,4,25,20,10,90,170,0,300,0,18000,29,6,40,36,36,6,12,99,6,7,16,211,5,1034,6,8,0,0,
~30,5,15,40,12,23,0,0,0,3,0,5,6,4,25,20,10,90,170,0,300,0,18000,29,6,40,36,36,6,12,99,6,7,16,211,5,1034,6,8,0,0,
~30,5,15,40,12,23,0,0,0,3,0,5,6,4,25,20,10,90,170,0,300,0,18000,29,6,40,36,36,6,12,99,6,7,16,209,4,1026,6,8,0,0,
~30,5,15,40,12,23,0,0,0,3,0,5,6,4,25,20,10,90,170,0,300,0,18000,29,6,40,36,36,6,12,99,6,7,16,209,4,1026,6,8,0,0,
~30,5,15,40,12,23,0,0,0,3,0,5,6,4,25,20,10,90,170,0,300,0,18000,29,5,40,36,36,5,12,100,6,6,16,207,4,1032,6,8,0,0,
~30,5,15,40,12,23,0,0,0,3,0,5,6,4,25,20,10,90,170,0,300,0,18000,29,5,40,36,36,5,12,100,6,6,16,207,4,1032,6,8,0,0,
~30,5,15,40,12,23,0,0,0,3,0,5,6,4,25,20,10,90,170,0,300,0,18000,29,5,40,37,36,5,12,100,7,6,16,206,4,1065,6,9,0,0,
~30,5,15,40,12,23,0,0,0,3,0,5,6,4,25,20,10,90,170,0,300,0,18000,29,5,40,37,36,5,12,100,7,6,16,206,4,1065,6,9,0,0,
~30,5,15,40,12,23,0,0,0,3,0,5,6,4,25,20,10,90,170,0,300,0,18000,29,5,40,36,36,5,12,100,7,7,16,205,3,1094,5,9,0,0,
~30,5,15,40,12,23,0,0,0,3,0,5,6,4,25,20,10,90,170,0,300,0,18000,29,5,40,36,36,5,12,100,7,7,16,205,3,1094,5,9,0,0,
~30,5,15,40,12,23,0,0,0,3,0,5,6,4,25,20,10,90,170,0,300,0,18000,29,5,40,37,36,5,12,100,7,6,16,204,3,1108,5,10,0,0,
~30,5,15,40,12,23,0,0,0,3,0,5,6,4,25,20,10,90,170,0,300,0,18000,29,5,40,37,36,5,12,100,7,6,16,204,3,1108,5,10,0,0,
~30,5,15,40,12,23,0,0,0,3,0,5,6,4,25,20,10,90,170,0,300,0,18000,29,5,40,36,36,5,12,100,7,6,16,204,3,1109,5,10,0,0,
~30,5,15,40,12,23,0,0,0,3,0,5,6,4,25,20,10,90,170,0,300,0,18000,29,5,40,36,36,5,12,100,7,6,16,204,3,1109,5,10,0,0,
~30,5,15,40,12,23,0,0,0,3,0,5,6,4,25,20,10,90,170,0,300,0,18000,29,5,40,36,36,5,12,100,7,6,16,204,2,1141,5,10,0,0,
~30,5,15,40,12,23,0,0,0,3,0,5,6,4,25,20,10,90,170,0,300,0,18000,29,5,40,36,36,5,12,100,7,6,16,204,2,1141,5,10,0,0,
~30,5,15,40,12,23,0,0,0,3,0,5,6,4,25,20,10,90,170,0,300,0,18000,29,5,40,35,35,5,12,100,7,6,16,204,2,1153,5,10,0,0,
~30,5,15,40,12,23,0,0,0,3,0,5,6,4,25,20,10,90,170,0,300,0,18000,29,5,40,35,35,5,12,100,7,6,16,204,2,1153,5,10,0,0,
~30,5,15,40,12,23,0,0,0,3,0,5,6,4,25,20,10,90,170,0,300,0,18000,29,5,40,36,35,5,12,100,7,6,13,204,2,1157,5,10,0,0,
~30,5,15,40,12,23,0,0,0,3,0,5,6,4,25,20,10,90,170,0,300,0,18000,29,5,40,35,35,5,12,100,7,6,13,189,2,1156,5,10,0,0,
~30,5,15,40,12,23,0,0,0,3,0,5,6,4,25,20,10,90,170,0,300,0,18000,28,5,40,35,35,5,12,100,7,6,11,189,2,1156,5,10,0,0,
~30,5,15,40,12,23,0,0,0,3,0,5,6,4,25,20,10,90,170,0,300,0,18000,28,6,40,36,35,6,12,100,7,7,11,180,2,1172,5,10,0,0,
~30,5,15,40,12,23,0,0,0,3,0,5,6,4,25,20,10,90,170,0,300,0,18000,28,6,40,36,35,6,12,100,7,7,8,180,2,1172,5,10,0,0,
~30,5,15,40,12,23,0,0,0,3,0,5,6,4,25,20,10,90,170,0,300,0,18000,28,6,40,36,35,6,12,100,6,7,8,170,2,1097,5,11,0,0,
~30,5,15,40,12,23,0,0,0,3,0,5,6,4,25,20,10,90,170,0,300,0,18000,28,6,40,36,35,6,12,100,6,7,7,170,2,1097,5,11,0,0,
~30,5,15,40,12,23,0,0,0,3,0,5,6,4,25,20,10,90,170,0,300,0,18000,28,5,40,36,35,5,12,100,7,6,7,157,2,1077,5,11,0,0,
~30,5,15,40,12,23,0,0,0,3,0,5,6,4,25,20,10,90,170,0,300,0,18000,28,5,40,36,35,5,12,100,7,6,6,157,2,1077,5,11,0,0,
~30,5,15,40,12,23,0,0,0,3,0,5,6,4,25,20,10,90,170,0,300,0,18000,28,5,40,36,35,5,12,100,7,6,6,143,2,1100,5,11,0,0,
~30,5,15,40,12,23,0,0,0,3,0,5,6,4,25,20,10,90,170,0,300,0,18000,28,5,40,36,35,5,12,100,7,6,5,143,2,1100,5,11,0,0,
~30,5,15,40,12,23,0,0,0,3,0,5,6,4,25,20,10,90,170,0,300,0,18000,28,5,40,36,35,5,12,100,7,6,5,147,2,1118,5,11,0,0,
~30,5,15,40,12,23,0,0,0,3,0,5,6,4,25,20,10,90,170,0,300,0,18000,29,5,40,36,35,5,12,100,7,6,4,147,2,1118,5,11,0,0,
~30,5,15,40,12,23,0,0,0,3,0,5,6,4,25,20,10,90,170,0,300,0,18000,29,5,40,36,35,5,12,100,7,6,4,135,2,1138,5,11,0,0,
~30,5,15,40,12,23,0,0,0,3,0,5,6,4,25,20,10,90,170,0,300,0,18000,29,5,40,36,35,5,12,100,7,6,3,135,2,1138,5,11,0,0,
~30,5,15,40,12,23,0,0,0,3,0,5,6,4,25,20,10,90,170,0,300,0,18000,29,6,40,36,35,6,12,100,7,6,3,126,2,1136,5,11,0,0,
~30,5,15,40,12,23,0,0,0,3,0,5,6,4,25,20,10,90,170,0,300,0,18000,29,6,40,36,35,6,12,100,7,6,1,126,2,1136,5,11,0,0,
~30,5,15,40,12,23,0,0,0,3,0,5,6,4,25,20,10,90,170,0,300,0,18000,29,6,40,34,35,6,12,100,6,6,1,118,1,1105,5,10,0,0,
~30,5,15,40,12,23,0,0,0,3,0,5,6,4,25,20,10,90,170,0,300,0,18000,29,6,40,34,35,6,12,100,6,6,0,118,1,1105,5,10,0,0,
~30,5,15,40,12,23,0,0,0,3,0,5,6,4,25,20,10,90,170,0,300,0,18000,29,6,40,36,35,6,12,100,6,6,0,121,1,1073,5,10,0,0,
~30,5,15,40,12,23,0,0,0,3,0,5,6,4,25,20,10,90,170,0,300,0,18000,30,6,40,36,35,6,12,100,6,6,0,121,1,1073,5,10,0,0,
~30,5,15,40,12,23,0,0,0,3,0,5,6,4,25,20,10,90,170,0,300,0,18000,30,6,40,36,35,6,12,100,6,6,0,116,1,1052,5,10,0,0,
~30,5,15,40,12,23,0,0,0,3,0,5,6,4,25,20,10,90,170,0,300,0,18000,30,6,40,36,35,6,12,100,6,6,0,116,1,1052,5,10,0,0,
~30,5,15,40,12,23,0,0,0,3,0,5,6,4,25,20,10,90,170,0,300,0,18000,30,6,40,36,35,6,12,100,6,6,0,113,1,1035,5,11,0,0,
~30,5,15,40,12,23,0,0,0,3,0,5,6,4,25,20,10,90,170,0,300,0,18000,30,5,40,36,35,5,12,100,6,6,0,110,1,1016,5,11,0,0,
~30,5,15,40,12,23,0,0,0,3,0,5,6,4,25,20,10,90,170,0,300,0,18000,30,5,40,36,35,5,12,100,6,6,0,110,1,1016,5,11,0,0,
~30,5,15,40,12,23,0,0,0,3,0,5,6,4,25,20,10,90,170,0,300,0,18000,30,6,40,34,35,6,12,100,6,6,0,109,1,1070,5,11,0,0,
~30,5,15,40,12,23,0,0,0,3,0,5,6,4,25,20,10,90,170,0,300,0,18000,30,6,40,34,35,6,12,100,6,6,0,109,1,1070,5,11,0,0,
~30,5,15,40,12,23,0,0,0,3,0,5,6,4,25,20,10,90,170,0,300,0,18000,30,6,40,35,35,6,12,100,6,6,0,107,1,1037,5,10,0,0,
~30,5,15,40,12,23,0,0,0,3,0,5,6,4,25,20,10,90,170,0,300,0,18000,30,6,40,35,35,6,12,100,6,6,0,107,1,1037,5,10,0,0,
~30,5,15,40,12,23,0,0,0,3,0,5,6,4,25,20,10,90,170,0,300,0,18000,30,6,40,36,35,6,12,100,6,6,0,107,1,1019,5,11,0,0,
~30,5,15,40,12,23,0,0,0,3,0,5,6,4,25,20,10,90,170,0,300,0,18000,30,6,40,36,35,6,12,100,6,6,0,107,1,1019,5,11,0,0,
~30,5,15,40,12,23,0,0,0,3,0,5,6,4,25,20,10,90,170,0,300,0,18000,30,6,40,36,35,6,12,100,6,6,0,106,1,1012,5,11,0,0,
~30,5,15,40,12,23,0,0,0,3,0,5,6,4,25,20,10,90,170,0,300,0,18000,30,6,40,36,35,6,12,100,6,6,0,106,1,1012,5,11,0,0,
~30,5,15,40,12,23,0,0,0,3,0,5,6,4,25,20,10,90,170,0,300,0,18000,30,5,40,35,35,5,12,100,6,6,0,106,1,1000,5,10,0,0,
~30,5,15,40,12,23,0,0,0,3,0,5,6,4,25,20,10,90,170,0,300,0,18000,30,5,40,35,35,5,12,100,6,6,0,106,1,1000,5,10,0,0,
~30,5,15,40,12,23,0,0,0,3,0,5,6,4,25,20,10,90,170,0,300,0,18000,30,5,40,34,35,5,12,100,7,6,0,106,1,1067,5,10,0,0,
~30,5,15,40,12,23,0,0,0,3,0,5,6,4,25,20,10,90,170,0,300,0,18000,30,5,40,34,35,5,12,100,7,6,0,106,1,1067,5,10,0,0,
~30,5,15,40,12,23,0,0,0,3,0,5,6,4,25,20,10,90,170,0,300,0,18000,30,5,40,35,35,5,12,100,7,6,0,105,1,1117,5,10,0,0,
~30,5,15,40,12,23,0,0,0,3,0,5,6,4,25,20,10,90,170,0,300,0,18000,30,5,40,35,35,5,12,100,7,6,0,105,1,1117,5,10,0,0,
~30,5,15,40,12,23,0,0,0,3,0,5,6,4,25,20,10,90,170,0,300,0,18000,30,5,40,36,34,5,12,100,7,6,0,105,1,1141,5,10,0,0,
~30,5,15,40,12,23,0,0,0,3,0,5,6,4,25,20,10,90,170,0,300,0,18000,30,5,40,36,34,5,12,100,7,6,0,105,1,1141,5,10,0,0,
~30,5,15,40,12,23,0,0,0,3,0,5,6,4,25,20,10,90,170,0,300,0,18000,30,6,40,35,34,6,12,100,7,6,0,105,1,1157,5,10,0,0,
~30,5,15,40,12,23,0,0,0,3,0,5,6,4,25,20,10,90,170,0,300,0,18000,30,6,40,35,34,6,12,100,7,6,0,105,1,1157,5,10,0,0,
~30,5,15,40,12,23,0,0,0,3,0,5,6,4,25,20,10,90,170,0,300,0,18000,30,6,40,34,34,6,12,100,6,6,0,105,1,1092,5,10,0,0,
~30,5,15,40,12,23,0,0,0,3,0,5,6,4,25,20,10,90,170,0,300,0,18000,30,6,40,34,34,6,12,100,6,6,0,105,1,1092,5,10,0,0,
~30,5,15,40,12,23,0,0,0,3,0,5,6,4,25,20,10,90,170,0,300,0,18000,30,6,40,36,35,6,12,100,6,6,0,105,1,1075,5,11,0,0,
~30,5,15,40,12,23,0,0,0,3,0,5,6,4,25,20,10,90,170,0,300,0,18000,30,6,40,36,35,6,12,100,6,6,0,105,1,1075,5,11,0,0,
~30,5,15,40,12,23,0,0,0,3,0,5,6,4,25,20,10,90,170,0,300,0,18000,30,6,40,36,35,6,12,100,6,6,0,105,1,1056,5,11,0,0,
~30,5,15,40,12,23,0,0,0,3,0,5,6,4,25,20,10,90,170,0,300,0,18000,30,6,40,34,34,6,12,100,6,6,0,105,1,1052,5,10,0,0,
~30,5,15,40,12,23,0,0,0,3,0,5,6,4,25,20,10,90,170,0,300,0,18000,30,6,40,34,34,6,12,100,6,6,0,105,1,1052,5,10,0,0,
~30,5,15,40,12,23,0,0,0,3,0,5,6,4,25,20,10,90,170,0,300,0,18000,30,6,40,33,34,6,12,100,6,6,0,104,1,1038,5,10,0,0,
~30,5,15,40,12,23,0,0,0,3,0,5,6,4,25,20,10,90,170,0,300,0,18000,30,6,40,33,34,6,12,100,6,6,0,104,1,1038,5,10,0,0,
~30,5,15,40,12,23,0,0,0,3,0,5,6,4,25,20,10,90,170,0,300,0,18000,30,5,40,36,34,5,12,100,6,6,0,104,1,1021,5,10,0,0,
~30,5,15,40,12,23,0,0,0,3,0,5,6,4,25,20,10,90,170,0,300,0,18000,30,5,40,36,34,5,12,100,6,6,0,104,1,1021,5,10,0,0,
~30,5,15,40,12,23,0,0,0,3,0,5,6,4,25,20,10,90,170,0,300,0,18000,30,5,40,35,34,5,12,100,7,6,0,104,1,1075,5,10,0,0,
~30,5,15,40,12,23,0,0,0,3,0,5,6,4,25,20,10,90,170,0,300,0,18000,30,5,40,35,34,5,12,100,7,6,0,104,1,1075,5,10,0,0,
~30,5,15,40,12,23,0,0,0,3,0,5,6,4,25,20,10,90,170,0,300,0,18000,30,5,40,35,34,5,12,100,7,6,0,104,1,1119,5,10,0,0,
~30,5,15,40,12,23,0,0,0,3,0,5,6,4,25,20,10,90,170,0,300,0,18000,30,5,40,35,34,5,12,100,7,6,0,104,1,1119,5,10,0,0,
~30,5,15,40,12,23,0,0,0,3,0,5,6,4,25,20,10,90,170,0,300,0,18000,30,5,40,35,34,5,12,100,7,6,0,104,1,1148,5,10,0,0,
~30,5,15,40,12,23,0,0,0,3,0,5,6,4,25,20,10,90,170,0,300,0,18000,30,5,40,35,34,5,12,100,7,6,0,104,1,1148,5,10,0,0,
~30,5,15,40,12,23,0,0,0,3,0,5,6,4,25,20,10,90,170,0,300,0,18000,30,6,40,34,34,6,12,100,7,6,0,107,1,1086,5,11,0,0,
~30,5,15,40,12,23,0,0,0,3,0,5,6,4,25,20,10,90,170,0,300,0,18000,31,6,40,34,34,6,12,100,7,6,0,107,1,1086,5,11,0,0,
~30,5,15,40,12,23,0,0,0,3,0,5,6,4,25,20,10,90,170,0,300,0,18000,31,6,40,35,34,6,12,100,6,6,0,107,1,1044,5,11,0,0,
~30,5,15,40,12,23,0,0,0,3,0,5,6,4,25,20,10,90,170,0,300,0,18000,31,6,40,35,34,6,12,100,6,6,0,107,1,1044,5,11,0,0,
~30,5,15,40,12,23,0,0,0,3,0,5,6,4,25,20,10,90,170,0,300,0,18000,31,6,40,35,34,6,12,100,6,6,0,107,1,1019,5,11,0,0,
~30,5,15,40,12,23,0,0,0,3,0,5,6,4,25,20,10,90,170,0,300,0,18000,31,6,40,35,34,6,12,100,6,6,0,107,1,1019,5,11,0,0,
~30,5,15,40,12,23,0,0,0,3,0,5,6,4,25,20,10,90,170,0,300,0,18000,31,6,40,35,34,6,12,100,6,6,0,107,1,1007,5,11,0,0,
~30,5,15,40,12,23,0,0,0,3,0,5,6,4,25,20,10,90,170,0,300,0,18000,31,6,40,35,34,6,12,100,6,6,0,107,1,1007,5,11,0,0,
~30,5,15,40,12,23,0,0,0,3,0,5,6,4,25,20,10,90,170,0,300,0,18000,31,5,40,34,34,5,12,100,6,6,0,107,1,1076,5,11,0,0,
~30,5,15,40,12,23,0,0,0,3,0,5,6,4,25,20,10,90,170,0,300,0,18000,31,5,40,34,34,5,12,100,6,6,0,107,1,1076,5,11,0,0,
~30,5,15,40,12,23,0,0,0,3,0,5,6,4,25,20,10,90,170,0,300,0,18000,31,6,40,35,34,6,12,100,6,6,0,107,1,1047,5,11,0,0,
~30,5,15,40,12,23,0,0,0,3,0,5,6,4,25,20,10,90,170,0,300,0,18000,31,6,40,35,34,6,12,100,6,6,0,107,1,1047,5,11,0,0,
~30,5,15,40,12,23,0,0,0,3,0,5,6,4,25,20,10,90,170,0,300,0,18000,31,6,40,34,34,6,12,100,6,6,0,106,1,1027,5,10,0,0,
~30,5,15,40,12,23,0,0,0,3,0,5,6,4,25,20,10,90,170,0,300,0,18000,31,5,40,35,34,5,12,100,6,6,0,106,1,1073,5,10,0,0,
~30,5,15,40,12,23,0,0,0,3,0,5,6,4,25,20,10,90,170,0,300,0,18000,31,5,40,35,34,5,12,100,6,6,0,106,1,1073,5,10,0,0,
~30,5,15,40,12,23,0,0,0,3,0,5,6,4,25,20,10,90,170,0,300,0,18000,31,5,40,35,34,5,12,100,7,6,0,106,1,1112,5,10,0,0,
~30,5,15,40,12,23,0,0,0,3,0,5,6,4,25,20,10,90,170,0,300,0,18000,31,5,40,35,34,5,12,100,7,6,0,106,1,1112,5,10,0,0,
~30,5,15,40,12,23,0,0,0,3,0,5,6,4,25,20,10,90,170,0,300,0,18000,31,6,40,35,34,6,12,100,6,6,0,106,1,1062,5,10,0,0,30,5,15,40,12,23,0,0,0,3,0,5,6,4,25,20,10,90,170,0,300,0,18000,31,6,40,35,34,6,12,100,6,6,0,106,1,1062,5,10,0,0,
~30,5,15,40,12,23,0,0,0,3,0,5,6,4,25,20,10,90,170,0,300,0,18000,31,5,40,35,34,5,12,100,7,6,0,106,1,1090,5,10,0,0,
~30,5,15,40,12,23,0,0,0,3,0,5,6,4,25,20,10,90,170,0,300,0,18000,31,5,40,35,34,5,12,100,7,6,0,106,1,1090,5,10,0,0,
~30,5,15,40,12,23,0,0,0,3,0,5,6,4,25,20,10,90,170,0,300,0,18000,31,5,40,35,34,5,12,100,7,6,0,106,1,1127,5,10,0,0,
~30,5,15,40,12,23,0,0,0,3,0,5,6,4,25,20,10,90,170,0,300,0,18000,31,5,40,35,34,5,12,100,7,6,0,106,1,1127,5,10,0,0,
~30,5,15,40,12,23,0,0,0,3,0,5,6,4,25,20,10,90,170,0,300,0,18000,31,5,40,34,34,5,12,100,7,6,0,106,1,1139,5,10,0,0,
~30,5,15,40,12,23,0,0,0,3,0,5,6,4,25,20,10,90,170,0,300,0,18000,31,5,40,34,34,5,12,100,7,6,0,106,1,1139,5,10,0,0,
~30,5,15,40,12,23,0,0,0,3,0,5,6,4,25,20,10,90,170,0,300,0,18000,31,5,40,33,34,5,12,100,7,6,0,106,1,1158,5,10,0,0,
~30,5,15,40,12,23,0,0,0,3,0,5,6,4,25,20,10,90,170,0,300,0,18000,31,5,40,33,34,5,12,100,7,6,0,106,1,1158,5,10,0,0,
~30,5,15,40,12,23,0,0,0,3,0,5,6,4,25,20,10,90,170,0,300,0,18000,31,5,40,33,33,5,12,100,7,6,0,106,1,1174,5,10,0,0,
~30,5,15,40,12,23,0,0,0,3,0,5,6,4,25,20,10,90,170,0,300,0,18000,31,5,40,33,33,5,12,100,7,6,0,106,1,1174,5,10,0,0,
~30,5,15,40,12,23,0,0,0,3,0,5,6,4,25,20,10,90,170,0,300,0,18000,31,6,40,35,34,6,12,100,7,6,0,105,1,1110,5,10,0,0,
~30,5,15,40,12,23,0,0,0,3,0,5,6,4,25,20,10,90,170,0,300,0,18000,31,6,40,35,34,6,12,100,7,6,0,105,1,1110,5,10,0,0,
~30,5,15,40,12,23,0,0,0,3,0,5,6,4,25,20,10,90,170,0,300,0,18000,31,6,40,35,34,6,12,100,6,6,0,105,1,1063,5,10,0,0,
~30,5,15,40,12,23,0,0,0,3,0,5,6,4,25,20,10,90,170,0,300,0,18000,31,6,40,35,34,6,12,100,6,6,0,105,1,1063,5,10,0,0,
~30,5,15,40,12,23,0,0,0,3,0,5,6,4,25,20,10,90,170,0,300,0,18000,31,6,40,35,34,6,12,100,6,6,0,105,1,1038,5,10,0,0,
~30,5,15,40,12,23,0,0,0,3,0,5,6,4,25,20,10,90,170,0,300,0,18000,31,5,40,35,34,5,12,100,7,6,0,105,1,1038,5,10,0,0,
~30,5,15,40,12,23,0,0,0,3,0,5,6,4,25,20,10,90,170,0,300,0,18000,31,5,40,35,35,5,12,100,7,6,0,105,1,1105,5,10,0,0,
~30,5,15,40,12,23,0,0,0,3,0,5,6,4,25,20,10,90,170,0,300,0,18000,31,4,40,4,45,4,14,100,8,6,0,105,1,953,4,7,0,0,
~30,5,15,40,12,23,0,0,0,3,0,5,6,4,25,20,10,90,170,0,300,0,18000,31,4,40,4,45,4,14,100,8,6,0,105,1,953,4,7,0,0,
~30,5,15,40,12,23,0,0,0,3,0,5,6,4,25,20,10,90,170,0,300,0,18000,31,3,40,4,126,3,12,100,8,6,0,106,6,825,12,5,0,0,
~30,5,15,40,12,23,0,0,0,3,0,5,6,4,25,20,10,90,170,0,300,0,18000,31,3,40,4,126,3,12,100,8,6,2,106,6,825,12,5,0,0,
~30,5,15,40,12,23,0,0,0,3,0,5,6,4,25,20,10,90,170,0,300,0,18000,31,3,40,299,96,3,12,100,8,6,2,115,12,1080,19,5,0,0,
~30,5,15,40,12,23,0,0,0,3,0,5,6,4,25,20,10,90,170,0,300,0,18000,31,3,40,299,96,3,12,100,8,6,4,115,12,1080,19,5,0,0,
~30,5,15,40,12,23,0,0,0,3,0,5,6,4,25,20,10,90,170,0,300,0,18000,31,6,40,36,76,6,12,100,8,6,4,122,11,1042,14,5,0,0,
~30,5,15,40,12,23,0,0,0,3,0,5,6,4,25,20,10,90,170,0,300,0,18000,31,6,40,36,76,6,12,100,8,6,4,122,11,1042,14,5,0,0,
~30,5,15,40,12,23,0,0,0,3,0,5,6,4,25,20,10,90,170,0,300,0,18000,31,5,40,36,62,5,12,100,7,6,4,126,10,1086,11,5,0,0,
~30,5,15,40,12,23,0,0,0,3,0,5,6,4,25,20,10,90,170,0,300,0,18000,31,5,40,36,62,5,12,100,7,6,4,126,10,1086,11,5,0,0,
~30,5,15,40,12,23,0,0,0,3,0,5,6,4,25,20,10,90,170,0,300,0,18000,31,6,40,35,53,6,12,100,7,6,4,128,9,1051,9,5,0,0,
~30,5,15,40,12,23,0,0,0,3,0,5,6,4,25,20,10,90,170,0,300,0,18000,31,6,40,35,53,6,12,100,7,6,4,128,9,1051,9,5,0,0,
~30,5,15,40,12,23,0,0,0,3,0,5,6,4,25,20,10,90,170,0,300,0,18000,31,5,40,36,47,5,12,100,7,6,4,130,8,1094,8,5,0,0,
~30,5,15,40,12,23,0,0,0,3,0,5,6,4,25,20,10,90,170,0,300,0,18000,31,5,40,36,47,5,12,100,7,6,4,130,8,1094,8,5,0,0,
~30,5,15,40,12,23,0,0,0,3,0,5,6,4,25,20,10,90,170,0,300,0,18000,31,6,40,36,43,6,12,100,7,6,4,132,7,1062,7,6,0,0,
~30,5,15,40,12,23,0,0,0,3,0,5,6,4,25,20,10,90,170,0,300,0,18000,31,6,40,36,43,6,12,100,7,6,4,132,7,1062,7,6,0,0,
~30,5,15,40,12,23,0,0,0,3,0,5,6,4,25,20,10,90,170,0,300,0,18000,31,5,40,36,41,5,12,100,7,6,4,133,6,1101,6,6,0,0,
~30,5,15,40,12,23,0,0,0,3,0,5,6,4,25,20,10,90,170,0,300,0,18000,31,5,40,36,41,5,12,100,7,6,4,133,6,1101,6,6,0,0,
~30,5,15,40,12,23,0,0,0,3,0,5,6,4,25,20,10,90,170,0,300,0,18000,31,5,40,36,39,5,12,100,7,6,4,133,6,1108,6,7,0,0,
~30,5,15,40,12,23,0,0,0,3,0,5,6,4,25,20,10,90,170,0,300,0,18000,31,5,40,36,39,5,12,100,7,6,4,133,6,1108,6,7,0,0,
~30,5,15,40,12,23,0,0,0,3,0,5,6,4,25,20,10,90,170,0,300,0,18000,31,5,40,35,37,5,12,97,7,6,4,134,5,1128,5,8,0,0,
~30,5,15,40,12,23,0,0,0,3,0,5,6,4,25,20,10,90,170,0,300,0,18000,31,5,40,35,37,5,12,97,7,6,4,134,5,1128,5,8,0,0,
~30,5,15,40,12,23,0,0,0,3,0,5,6,4,25,20,10,90,170,0,300,0,18000,31,5,40,36,37,5,12,87,7,6,4,131,4,1155,5,9,0,0,
~30,5,15,40,12,23,0,0,0,3,0,5,6,4,25,20,10,90,170,0,300,0,18000,30,5,40,36,37,5,12,87,7,6,4,131,4,1155,5,9,0,0,
~30,5,15,40,12,23,0,0,0,3,0,5,6,4,25,20,10,90,170,0,300,0,18000,30,5,40,36,36,5,12,76,7,6,4,131,4,1152,5,10,0,0,
~30,5,15,40,12,23,0,0,0,3,0,5,6,4,25,20,10,90,170,0,300,0,18000,30,5,40,36,36,5,12,65,7,6,4,131,3,1152,5,10,0,0,
~30,5,15,40,12,23,0,0,0,3,0,5,6,4,25,20,10,90,170,0,300,0,18000,30,5,40,36,36,5,12,65,7,6,4,131,3,1152,5,10,0,0,
~30,5,15,40,12,23,0,0,0,3,0,5,6,4,25,20,10,90,170,0,300,0,18000,30,6,40,35,36,6,12,56,7,6,4,131,3,1108,5,10,0,0,
~30,5,15,40,12,23,0,0,0,3,0,5,6,4,25,20,10,90,170,0,300,0,18000,30,6,40,35,36,6,12,56,7,6,4,131,3,1108,5,10,0,0,
~30,5,15,40,12,23,0,0,0,3,0,5,6,4,25,20,10,90,170,0,300,0,18000,30,5,40,35,35,5,12,50,7,6,4,132,3,1121,5,10,0,0,
~30,5,15,40,12,23,0,0,0,3,0,5,6,4,25,20,10,90,170,0,300,0,18000,30,5,40,35,35,5,12,50,7,6,4,132,3,1121,5,10,0,0,30,5,15,40,12,23,0,0,0,3,0,5,6,4,25,20,10,90,170,0,300,0,18000,30,5,40,36,35,5,12,44,7,6,4,132,3,1138,5,10,0,0,
~30,5,15,40,12,23,0,0,0,3,0,5,6,4,25,20,10,90,170,0,300,0,18000,30,5,40,36,35,5,12,44,7,6,4,132,3,1138,5,10,0,0,
~30,5,15,40,12,23,0,0,0,3,0,5,6,4,25,20,10,90,170,0,300,0,18000,30,6,40,36,35,6,12,40,7,6,4,132,2,1098,5,10,0,0,
~30,5,15,40,12,23,0,0,0,3,0,5,6,4,25,20,10,90,170,0,300,0,18000,30,6,40,36,35,6,12,40,7,6,4,132,2,1098,5,10,0,0, 30,5,15,40,12,23,0,0,0,3,0,5,6,4,25,20,10,90,170,0,300,0,18000,30,6,40,36,35,6,12,37,6,6,4,132,2,1054,5,11,0,0,
~30,5,15,40,12,23,0,0,0,3,0,5,6,4,25,20,10,90,170,0,300,0,18000,30,6,40,36,35,6,12,37,6,6,4,132,2,1054,5,11,0,0,
~30,5,15,40,12,23,0,0,0,3,0,5,6,4,25,20,10,90,170,0,300,0,18000,30,6,40,36,35,6,12,35,6,6,4,132,2,1021,5,11,0,0,
~30,5,15,40,12,23,0,0,0,3,0,5,6,4,25,20,10,90,170,0,300,0,18000,30,6,40,36,35,6,12,35,6,6,4,132,2,1021,5,11,0,0,
~30,5,15,40,12,23,0,0,0,3,0,5,6,4,25,20,10,90,170,0,300,0,18000,30,5,40,36,35,5,12,33,7,6,4,132,2,1067,5,11,0,0,
~30,5,15,40,12,23,0,0,0,3,0,5,6,4,25,20,10,90,170,0,300,0,18000,30,5,40,36,35,5,12,33,7,6,4,132,2,1067,5,11,0,0,
~30,5,15,40,12,23,0,0,0,3,0,5,6,4,25,20,10,90,170,0,300,0,18000,30,5,40,36,35,5,12,31,7,6,4,132,2,1112,5,10,0,0,
~30,5,15,40,12,23,0,0,0,3,0,5,6,4,25,20,10,90,170,0,300,0,18000,30,5,40,36,35,5,12,31,7,6,4,132,2,1112,5,10,0,0,
~30,5,15,40,12,23,0,0,0,3,0,5,6,4,25,20,10,90,170,0,300,0,18000,30,5,40,36,35,5,12,30,7,6,4,132,2,1130,5,10,0,0,
~30,5,15,40,12,23,0,0,0,3,0,5,6,4,25,20,10,90,170,0,300,0,18000,30,5,40,36,35,5,12,30,7,6,4,132,2,1130,5,10,0,0,
~30,5,15,40,12,23,0,0,0,3,0,5,6,4,25,20,10,90,170,0,300,0,18000,30,5,40,36,36,5,12,30,7,6,4,132,2,1155,5,10,0,0,
~30,5,15,40,12,23,0,0,0,3,0,5,6,4,25,20,10,90,170,0,300,0,18000,30,5,40,36,36,5,12,30,7,6,4,132,2,1155,5,10,0,0,
~30,5,15,40,12,23,0,0,0,3,0,5,6,4,25,20,10,90,170,0,300,0,18000,30,5,40,35,35,5,12,29,7,6,4,133,2,1147,5,10,0,0,
~30,5,15,40,12,23,0,0,0,3,0,5,6,4,25,20,10,90,170,0,300,0,18000,30,5,40,35,35,5,12,29,7,6,4,133,2,1147,5,10,0,0,
~30,5,15,40,12,23,0,0,0,3,0,5,6,4,25,20,10,90,170,0,300,0,18000,30,5,40,36,35,5,12,29,7,6,4,133,2,1161,5,11,0,0,
~30,5,15,40,12,23,0,0,0,3,0,5,6,4,25,20,10,90,170,0,300,0,18000,30,5,40,35,35,5,12,28,7,6,4,133,1,1148,5,11,0,0,
~30,5,15,40,12,23,0,0,0,3,0,5,6,4,25,20,10,90,170,0,300,0,18000,30,5,40,35,35,5,12,28,7,6,4,133,1,1148,5,11,0,0,
~30,5,15,40,12,23,0,0,0,3,0,5,6,4,25,20,10,90,170,0,300,0,18000,30,5,40,35,35,5,12,28,7,6,4,133,1,1143,5,11,0,0,
~30,5,15,40,12,23,0,0,0,3,0,5,6,4,25,20,10,90,170,0,300,0,18000,30,5,40,35,35,5,12,28,7,6,4,133,1,1143,5,11,0,0,
~30,5,15,40,12,23,0,0,0,3,0,5,6,4,25,20,10,90,170,0,300,0,18000,30,5,40,36,35,5,12,28,7,6,4,133,1,1158,5,11,0,0,
~30,5,15,40,12,23,0,0,0,3,0,5,6,4,25,20,10,90,170,0,300,0,18000,30,5,40,36,35,5,12,28,7,6,4,133,1,1158,5,11,0,0,
~30,5,15,40,12,23,0,0,0,3,0,5,6,4,25,20,10,90,170,0,300,0,18000,30,5,40,35,35,5,12,28,7,6,4,133,1,1154,5,10,0,0,
~30,5,15,40,12,23,0,0,0,3,0,5,6,4,25,20,10,90,170,0,300,0,18000,30,5,40,35,35,5,12,28,7,6,4,133,1,1154,5,10,0,0,
~30,5,15,40,12,23,0,0,0,3,0,5,6,4,25,20,10,90,170,0,300,0,18000,30,5,40,35,35,5,12,27,7,6,4,133,1,1162,5,10,0,0,
~30,5,15,40,12,23,0,0,0,3,0,5,6,4,25,20,10,90,170,0,300,0,18000,30,5,40,35,35,5,12,27,7,6,4,133,1,1162,5,10,0,0,
~30,5,15,40,12,23,0,0,0,3,0,5,6,4,25,20,10,90,170,0,300,0,18000,30,5,40,36,35,5,12,27,7,6,4,132,1,1153,5,10,0,0,
~30,5,15,40,12,23,0,0,0,3,0,5,6,4,25,20,10,90,170,0,300,0,18000,30,5,40,36,35,5,12,27,7,6,2,132,1,1153,5,10,0,0,
~30,5,15,40,12,23,0,0,0,3,0,5,6,4,25,20,10,90,170,0,300,0,18000,30,5,40,36,35,5,12,27,7,6,2,123,1,1173,5,10,0,0,
~30,5,15,40,12,23,0,0,0,3,0,5,6,4,25,20,10,90,170,0,300,0,18000,30,5,40,36,35,5,12,27,7,6,0,123,1,1173,5,10,0,0,
~30,5,15,40,12,23,0,0,0,3,0,5,6,4,25,20,10,90,170,0,300,0,18000,30,5,40,36,35,5,12,27,7,6,0,117,1,1190,5,11,0,0,
~30,5,15,40,12,23,0,0,0,3,0,5,6,4,25,20,10,90,170,0,300,0,18000,30,5,40,36,35,5,12,27,7,6,0,117,1,1190,5,11,0,0,
~30,5,15,40,12,23,0,0,0,3,0,5,6,4,25,20,10,90,170,0,300,0,18000,30,5,40,34,35,5,12,27,7,6,0,113,1,1197,5,10,0,0,
~30,5,15,40,12,23,0,0,0,3,0,5,6,4,25,20,10,90,170,0,300,0,18000,30,5,40,34,35,5,12,27,7,6,0,113,1,1197,5,10,0,0,
~30,5,15,40,12,23,0,0,0,3,0,5,6,4,25,20,10,90,170,0,300,0,18000,30,5,40,35,35,5,12,27,7,6,0,110,1,1206,5,10,0,0,
~30,5,15,40,12,23,0,0,0,3,0,5,6,4,25,20,10,90,170,0,300,0,18000,30,5,40,35,35,5,12,27,7,6,0,110,1,1206,5,10,0,0,
~30,5,15,40,12,23,0,0,0,3,0,5,6,4,25,20,10,90,170,0,300,0,18000,30,5,40,35,35,5,12,27,7,6,0,108,1,1188,5,10,0,0,
~30,5,15,40,12,23,0,0,0,3,0,5,6,4,25,20,10,90,170,0,300,0,18000,30,5,40,35,35,5,12,27,7,6,0,108,1,1188,5,10,0,0,
~30,5,15,40,12,23,0,0,0,3,0,5,6,4,25,20,10,90,170,0,300,0,18000,30,5,40,35,35,5,12,27,7,6,0,107,1,1174,5,10,0,0,
~30,5,15,40,12,23,0,0,0,3,0,5,6,4,25,20,10,90,170,0,300,0,18000,30,5,40,35,35,5,12,27,7,6,0,107,1,1174,5,10,0,0,
~30,5,15,40,12,23,0,0,0,3,0,5,6,4,25,20,10,90,170,0,300,0,18000,30,5,40,35,35,5,12,27,7,6,0,106,0,1165,5,10,0,0,
~30,5,15,40,12,23,0,0,0,3,0,5,6,4,25,20,10,90,170,0,300,0,18000,30,5,40,35,35,5,12,27,7,6,0,106,0,1173,5,10,0,0,
~30,5,15,40,12,23,0,0,0,3,0,5,6,4,25,20,10,90,170,0,300,0,18000,30,5,40,35,35,5,12,27,7,6,0,106,0,1173,5,10,0,0,
~30,5,15,40,12,23,0,0,0,3,0,5,6,4,25,20,10,90,170,0,300,0,18000,30,5,40,35,35,5,12,27,7,6,0,105,0,1201,5,10,0,0,
~30,5,15,40,12,23,0,0,0,3,0,5,6,4,25,20,10,90,170,0,300,0,18000,30,5,40,35,35,5,12,27,7,6,0,105,0,1201,5,10,0,0,
~30,5,15,40,12,23,0,0,0,3,0,5,6,4,25,20,10,90,170,0,300,0,18000,30,6,40,36,35,6,12,27,7,6,0,105,0,1137,5,10,0,0,
~30,5,15,40,12,23,0,0,0,3,0,5,6,4,25,20,10,90,170,0,300,0,18000,30,6,40,36,35,6,12,27,7,6,0,105,0,1137,5,10,0,0,
~30,5,15,40,12,23,0,0,0,3,0,5,6,4,25,20,10,90,170,0,300,0,18000,30,5,40,36,35,5,12,27,7,6,0,105,0,1150,5,10,0,0,
~30,5,15,40,12,23,0,0,0,3,0,5,6,4,25,20,10,90,170,0,300,0,18000,30,5,40,36,35,5,12,27,7,6,0,105,0,1150,5,10,0,0,
~30,5,15,40,12,23,0,0,0,3,0,5,6,4,25,20,10,90,170,0,300,0,18000,30,5,40,35,35,5,12,27,7,6,0,105,0,1160,5,10,0,0,
~30,5,15,40,12,23,0,0,0,3,0,5,6,4,25,20,10,90,170,0,300,0,18000,30,5,40,35,35,5,12,27,7,6,0,105,0,1160,5,10,0,0,
~30,5,15,40,12,23,0,0,0,3,0,5,6,4,25,20,10,90,170,0,300,0,18000,30,5,40,34,34,5,12,27,7,6,0,105,0,1190,5,10,0,0,
~30,5,15,40,12,23,0,0,0,3,0,5,6,4,25,20,10,90,170,0,300,0,18000,30,5,40,34,34,5,12,27,7,6,0,105,0,1190,5,10,0,0,
~30,5,15,40,12,23,0,0,0,3,0,5,6,4,25,20,10,90,170,0,300,0,18000,30,5,40,35,34,5,12,27,7,6,0,105,0,1186,5,10,0,0,
~30,5,15,40,12,23,0,0,0,3,0,5,6,4,25,20,10,90,170,0,300,0,18000,30,5,40,35,34,5,12,27,7,6,0,105,0,1186,5,10,0,0,
~30,5,15,40,12,23,0,0,0,3,0,5,6,4,25,20,10,90,170,0,300,0,18000,30,5,40,35,34,5,12,27,7,6,0,104,1,1183,5,10,0,0,
~30,5,15,40,12,23,0,0,0,3,0,5,6,4,25,20,10,90,170,0,300,0,18000,30,5,40,35,34,5,12,27,7,6,0,104,1,1183,5,10,0,0,
~30,5,15,40,12,23,0,0,0,3,0,5,6,4,25,20,10,90,170,0,300,0,18000,30,5,40,35,34,5,12,27,7,6,0,104,1,1189,5,10,0,0,
~30,5,15,40,12,23,0,0,0,3,0,5,6,4,25,20,10,90,170,0,300,0,18000,30,5,40,35,34,5,12,27,7,6,0,104,1,1189,5,10,0,0,
~30,5,15,40,12,23,0,0,0,3,0,5,6,4,25,20,10,90,170,0,300,0,18000,30,5,40,35,34,5,12,27,7,6,0,104,1,1193,5,10,0,0,
~30,5,15,40,12,23,0,0,0,3,0,5,6,4,25,20,10,90,170,0,300,0,18000,30,5,40,35,34,5,12,27,7,6,0,104,1,1193,5,10,0,0,
~30,5,15,40,12,23,0,0,0,3,0,5,6,4,25,20,10,90,170,0,300,0,18000,30,5,40,35,34,5,12,27,7,6,0,104,1,1192,5,10,0,0,
~30,5,15,40,12,23,0,0,0,3,0,5,6,4,25,20,10,90,170,0,300,0,18000,30,5,40,35,34,5,12,27,7,6,0,104,1,1192,5,10,0,0,
~30,5,15,40,12,23,0,0,0,3,0,5,6,4,25,20,10,90,170,0,300,0,18000,30,5,40,36,35,5,12,27,7,6,0,104,1,1177,5,10,0,0,
~30,5,15,40,12,23,0,0,0,3,0,5,6,4,25,20,10,90,170,0,300,0,18000,30,5,40,34,34,5,12,27,7,6,0,104,1,1158,5,10,0,0,
~30,5,15,40,12,23,0,0,0,3,0,5,6,4,25,20,10,90,170,0,300,0,18000,30,5,40,34,34,5,12,27,7,6,0,104,1,1158,5,10,0,0,
~30,5,15,40,12,23,0,0,0,3,0,5,6,4,25,20,10,90,170,0,300,0,18000,30,5,40,34,34,5,12,27,7,6,0,104,1,1160,5,10,0,0,
~30,5,15,40,12,23,0,0,0,3,0,5,6,4,25,20,10,90,170,0,300,0,18000,30,5,40,34,34,5,12,27,7,6,0,104,1,1160,5,10,0,0,
~30,5,15,40,12,23,0,0,0,3,0,5,6,4,25,20,10,90,170,0,300,0,18000,30,5,40,36,35,5,12,27,7,6,0,104,1,1147,5,10,0,0,
~30,5,15,40,12,23,0,0,0,3,0,5,6,4,25,20,10,90,170,0,300,0,18000,30,5,40,36,35,5,12,27,7,6,0,104,1,1147,5,10,0,0,
~30,5,15,40,12,23,0,0,0,3,0,5,6,4,25,20,10,90,170,0,300,0,18000,30,5,40,36,35,5,12,27,7,6,0,104,1,1157,5,10,0,0,
~30,5,15,40,12,23,0,0,0,3,0,5,6,4,25,20,10,90,170,0,300,0,18000,30,5,40,36,35,5,12,27,7,6,0,104,1,1157,5,10,0,0,
~30,5,15,40,12,23,0,0,0,3,0,5,6,4,25,20,10,90,170,0,300,0,18000,30,5,40,36,35,5,12,27,7,6,0,104,1,1162,5,11,0,0,
~30,5,15,40,12,23,0,0,0,3,0,5,6,4,25,20,10,90,170,0,300,0,18000,30,5,40,36,35,5,12,27,7,6,0,104,1,1162,5,11,0,0,
~30,5,15,40,12,23,0,0,0,3,0,5,6,4,25,20,10,90,170,0,300,0,18000,30,5,40,35,35,5,12,27,7,6,0,104,1,1171,5,10,0,0,
~30,5,15,40,12,23,0,0,0,3,0,5,6,4,25,20,10,90,170,0,300,0,18000,30,5,40,35,35,5,12,27,7,6,0,104,1,1171,5,10,0,0,
~30,5,15,40,12,23,0,0,0,3,0,5,6,4,25,20,10,90,170,0,300,0,18000,30,5,40,36,35,5,12,27,7,6,0,104,1,1186,5,10,0,0,
~30,5,15,40,12,23,0,0,0,3,0,5,6,4,25,20,10,90,170,0,300,0,18000,30,5,40,36,35,5,12,27,7,6,0,104,1,1186,5,10,0,0,
~30,5,15,40,12,23,0,0,0,3,0,5,6,4,25,20,10,90,170,0,300,0,18000,30,6,40,35,35,6,12,27,7,6,0,104,1,1118,5,10,0,0,
~30,5,15,40,12,23,0,0,0,3,0,5,6,4,25,20,10,90,170,0,300,0,18000,30,6,40,35,35,6,12,27,7,6,0,104,1,1118,5,10,0,0,
~30,5,15,40,12,23,0,0,0,3,0,5,6,4,25,20,10,90,170,0,300,0,18000,30,6,40,35,35,6,12,27,6,6,0,104,1,1075,5,10,0,0,
~30,5,15,40,12,23,0,0,0,3,0,5,6,4,25,20,10,90,170,0,300,0,18000,30,6,40,35,35,6,12,27,6,6,0,104,1,1075,5,10,0,0,
~30,5,15,40,12,23,0,0,0,3,0,5,6,4,25,20,10,90,170,0,300,0,18000,30,5,40,35,34,5,12,27,7,6,0,104,1,1129,5,10,0,0,
~30,5,15,40,12,23,0,0,0,3,0,5,6,4,25,20,10,90,170,0,300,0,18000,30,5,40,35,34,5,12,27,7,6,0,104,1,1129,5,10,0,0,
~30,5,15,40,12,23,0,0,0,3,0,5,6,4,25,20,10,90,170,0,300,0,18000,30,5,40,35,34,5,12,27,7,6,0,104,1,1147,5,10,0,0,
~30,5,15,40,12,23,0,0,0,3,0,5,6,4,25,20,10,90,170,0,300,0,18000,30,5,40,35,34,5,12,27,7,6,0,104,1,1147,5,10,0,0,
~30,5,15,40,12,23,0,0,0,3,0,5,6,4,25,20,10,90,170,0,300,0,18000,30,5,40,36,35,5,12,27,7,6,0,104,1,1166,5,10,0,0,
~30,5,15,40,12,23,0,0,0,3,0,5,6,4,25,20,10,90,170,0,300,0,18000,30,6,40,36,35,6,12,27,7,6,0,104,1,1166,5,10,0,0,
~30,5,15,40,12,23,0,0,0,3,0,5,6,4,25,20,10,90,170,0,300,0,18000,30,6,40,35,34,6,12,27,7,6,0,104,1,1112,5,10,0,0,
~30,5,15,40,12,23,0,0,0,3,0,5,6,4,25,20,10,90,170,0,300,0,18000,30,5,40,33,34,5,12,27,7,6,0,103,1,1126,5,9,0,0,
~30,5,15,40,12,23,0,0,0,3,0,5,6,4,25,20,10,90,170,0,300,0,18000,30,5,40,33,34,5,12,27,7,6,0,103,1,1126,5,9,0,0,
~30,5,15,40,12,23,0,0,0,3,0,5,6,4,25,20,10,90,170,0,300,0,18000,30,5,40,35,34,5,12,27,7,6,0,103,1,1172,5,9,0,0,
~30,5,15,40,12,23,0,0,0,3,0,5,6,4,25,20,10,90,170,0,300,0,18000,30,5,40,35,34,5,12,27,7,6,0,103,1,1172,5,9,0,0,
~30,5,15,40,12,23,0,0,0,3,0,5,6,4,25,20,10,90,170,0,300,0,18000,30,5,40,34,34,5,12,27,7,6,0,103,1,1180,5,10,0,0,
~30,5,15,40,12,23,0,0,0,3,0,5,6,4,25,20,10,90,170,0,300,0,18000,30,5,40,34,34,5,12,27,7,6,0,103,1,1180,5,10,0,0,
~30,5,15,40,12,23,0,0,0,3,0,5,6,4,25,20,10,90,170,0,300,0,18000,30,5,40,36,34,5,12,27,7,6,0,103,1,1179,5,10,0,0,
~30,5,15,40,12,23,0,0,0,3,0,5,6,4,25,20,10,90,170,0,300,0,18000,30,5,40,36,34,5,12,27,7,6,0,103,1,1179,5,10,0,0,
~30,5,15,40,12,23,0,0,0,3,0,5,6,4,25,20,10,90,170,0,300,0,18000,30,5,40,0,36,5,12,27,7,6,0,103,1,1179,5,10,0,0,
~30,5,15,40,12,23,0,0,0,3,0,5,6,4,25,20,10,90,170,0,300,0,18000,30,5,40,0,36,5,13,27,7,7,0,103,1,1179,5,10,0,0,
~30,5,15,40,12,23,0,0,0,3,0,5,6,4,25,20,10,90,170,0,300,0,18000,30,5,40,5,40,5,13,27,7,7,0,103,1,923,3,20,0,0,
~30,5,15,40,12,23,0,0,0,3,0,5,6,4,25,20,10,90,170,0,300,0,18000,30,5,40,5,40,5,13,27,7,7,0,103,1,923,3,20,0,0,
~30,5,15,40,12,23,0,0,0,3,0,5,6,4,25,20,10,90,170,0,300,0,18000,30,3,40,288,102,3,12,27,8,7,0,104,7,772,12,14,0,0,
~30,5,15,40,12,23,0,0,0,3,0,5,6,4,25,20,10,90,170,0,300,0,18000,30,3,40,288,102,3,12,27,8,7,2,104,7,772,12,14,0,0,
~30,5,15,40,12,23,0,0,0,3,0,5,6,4,25,20,10,90,170,0,300,0,18000,30,5,40,40,80,5,12,27,8,6,2,110,6,903,10,12,0,0,
~30,5,15,40,12,23,0,0,0,3,0,5,6,4,25,20,10,90,170,0,300,0,18000,30,5,40,40,80,5,12,27,8,6,2,110,6,903,10,12,0,0,
~30,5,15,40,12,23,0,0,0,3,0,5,6,4,25,20,10,90,170,0,300,0,18000,30,5,40,37,65,5,12,27,7,6,2,115,6,1005,9,10,0,0,
~30,5,15,40,12,23,0,0,0,3,0,5,6,4,25,20,10,90,170,0,300,0,18000,30,6,40,37,65,6,12,27,7,6,2,115,6,1005,9,10,0,0,
~30,5,15,40,12,23,0,0,0,3,0,5,6,4,25,20,10,90,170,0,300,0,18000,30,6,40,36,55,6,12,27,7,6,2,118,5,1017,8,8,0,0,
~30,5,15,40,12,23,0,0,0,3,0,5,6,4,25,20,10,90,170,0,300,0,18000,30,5,40,36,55,5,12,27,7,6,2,118,5,1017,8,8,0,0,
~30,5,15,40,12,23,0,0,0,3,0,5,6,4,25,20,10,90,170,0,300,0,18000,30,5,40,34,48,5,12,27,7,6,2,120,4,1099,7,8,0,0,
~30,5,15,40,12,23,0,0,0,3,0,5,6,4,25,20,10,90,170,0,300,0,18000,30,5,40,34,48,5,12,27,7,6,2,120,4,1099,7,8,0,0,
~30,5,15,40,12,23,0,0,0,3,0,5,6,4,25,20,10,90,170,0,300,0,18000,30,5,40,36,44,5,12,27,7,6,2,121,4,1115,6,8,0,0,
~30,5,15,40,12,23,0,0,0,3,0,5,6,4,25,20,10,90,170,0,300,0,18000,30,5,40,36,44,5,12,27,7,6,2,121,4,1115,6,8,0,0,
~30,5,15,40,12,23,0,0,0,3,0,5,6,4,25,20,10,90,170,0,300,0,18000,30,5,40,36,41,5,12,27,7,6,2,122,4,1141,5,9,0,0,
~30,5,15,40,12,23,0,0,0,3,0,5,6,4,25,20,10,90,170,0,300,0,18000,30,5,40,37,40,5,12,27,7,6,2,123,3,1151,5,10,0,0,
~30,5,15,40,12,23,0,0,0,3,0,5,6,4,25,20,10,90,170,0,300,0,18000,30,5,40,37,40,5,12,27,7,6,2,123,3,1151,5,10,0,0,
~30,5,15,40,12,23,0,0,0,3,0,5,6,4,25,20,10,90,170,0,300,0,18000,30,5,40,36,38,5,12,27,7,6,2,124,3,1180,5,10,0,0,
~30,5,15,40,12,23,0,0,0,3,0,5,6,4,25,20,10,90,170,0,300,0,18000,30,5,40,36,38,5,12,27,7,6,2,124,3,1180,5,10,0,0,
~30,5,15,40,12,23,0,0,0,3,0,5,6,4,25,20,10,90,170,0,300,0,18000,30,5,40,36,37,5,12,27,7,6,2,124,2,1188,5,10,0,0,
~30,5,15,40,12,23,0,0,0,3,0,5,6,4,25,20,10,90,170,0,300,0,18000,30,5,40,36,37,5,12,27,7,6,2,124,2,1188,5,10,0,0,
~30,5,15,40,12,23,0,0,0,3,0,5,6,4,25,20,10,90,170,0,300,0,18000,30,5,40,36,36,5,12,27,7,6,2,124,2,1188,5,10,0,0,
~30,5,15,40,12,23,0,0,0,3,0,5,6,4,25,20,10,90,170,0,300,0,18000,30,5,40,36,36,5,12,27,7,6,2,124,2,1188,5,10,0,0,
~30,5,15,40,12,23,0,0,0,3,0,5,6,4,25,20,10,90,170,0,300,0,18000,30,6,40,36,36,6,12,27,7,6,2,124,2,1142,5,10,0,0,
~30,5,15,40,12,23,0,0,0,3,0,5,6,4,25,20,10,90,170,0,300,0,18000,30,6,40,36,36,6,12,27,7,6,2,124,2,1142,5,10,0,0,
~30,5,15,40,12,23,0,0,0,3,0,5,6,4,25,20,10,90,170,0,300,0,18000,30,5,40,35,36,5,12,27,7,6,2,125,2,1160,5,10,0,0,
~30,5,15,40,12,23,0,0,0,3,0,5,6,4,25,20,10,90,170,0,300,0,18000,30,5,40,35,36,5,12,27,7,6,2,125,2,1160,5,10,0,0,
~30,5,15,40,12,23,0,0,0,3,0,5,6,4,25,20,10,90,170,0,300,0,18000,30,5,40,35,35,5,12,27,7,6,2,125,1,1156,5,10,0,0,
~30,5,15,40,12,23,0,0,0,3,0,5,6,4,25,20,10,90,170,0,300,0,18000,30,5,40,35,35,5,12,27,7,6,2,125,1,1156,5,10,0,0,
~30,5,15,40,12,23,0,0,0,3,0,5,6,4,25,20,10,90,170,0,300,0,18000,30,6,40,35,35,6,12,27,7,6,2,125,1,1127,5,10,0,0,
~30,5,15,40,12,23,0,0,0,3,0,5,6,4,25,20,10,90,170,0,300,0,18000,30,5,40,35,35,5,12,27,7,6,2,125,1,1127,5,10,0,0,
~30,5,15,40,12,23,0,0,0,3,0,5,6,4,25,20,10,90,170,0,300,0,18000,30,5,40,36,35,5,12,27,7,6,2,125,1,1134,5,10,0,0,
~30,5,15,40,12,23,0,0,0,3,0,5,6,4,25,20,10,90,170,0,300,0,18000,30,5,40,36,35,5,12,27,7,6,2,125,1,1134,5,10,0,0,
~30,5,15,40,12,23,0,0,0,3,0,5,6,4,25,20,10,90,170,0,300,0,18000,30,5,40,34,34,5,12,27,7,6,2,125,1,1166,5,10,0,0,
~30,5,15,40,12,23,0,0,0,3,0,5,6,4,25,20,10,90,170,0,300,0,18000,30,5,40,34,34,5,12,27,7,6,2,125,1,1166,5,10,0,0,
~30,5,15,40,12,23,0,0,0,3,0,5,6,4,25,20,10,90,170,0,300,0,18000,30,5,40,36,34,5,12,27,7,6,2,125,1,1173,5,10,0,0,
~30,5,15,40,12,23,0,0,0,3,0,5,6,4,25,20,10,90,170,0,300,0,18000,30,5,40,36,34,5,12,27,7,6,2,125,1,1173,5,10,0,0,
~30,5,15,40,12,23,0,0,0,3,0,5,6,4,25,20,10,90,170,0,300,0,18000,30,5,40,35,34,5,12,27,7,6,2,125,1,1166,5,10,0,0,
~30,5,15,40,12,23,0,0,0,3,0,5,6,4,25,20,10,90,170,0,300,0,18000,30,5,40,35,34,5,12,27,7,6,2,124,1,1162,5,10,0,0,
~30,5,15,40,12,23,0,0,0,3,0,5,6,4,25,20,10,90,170,0,300,0,18000,30,5,40,35,34,5,12,27,7,6,2,124,1,1162,5,10,0,0,
~30,5,15,40,12,23,0,0,0,3,0,5,6,4,25,20,10,90,170,0,300,0,18000,30,5,40,36,35,5,12,27,7,6,2,124,1,1167,5,10,0,0,
~30,5,15,40,12,23,0,0,0,3,0,5,6,4,25,20,10,90,170,0,300,0,18000,30,5,40,36,35,5,12,27,7,6,2,124,1,1167,5,10,0,0,
~30,5,15,40,12,23,0,0,0,3,0,5,6,4,25,20,10,90,170,0,300,0,18000,30,5,40,35,35,5,12,27,7,6,2,124,1,1186,5,10,0,0,
~30,5,15,40,12,23,0,0,0,3,0,5,6,4,25,20,10,90,170,0,300,0,18000,30,5,40,35,35,5,12,27,7,6,2,124,1,1186,5,10,0,0,
~30,5,15,40,12,23,0,0,0,3,0,5,6,4,25,20,10,90,170,0,300,0,18000,30,5,40,35,34,5,12,27,7,6,2,125,1,1192,5,10,0,0,
~30,5,15,40,12,23,0,0,0,3,0,5,6,4,25,20,10,90,170,0,300,0,18000,30,5,40,35,34,5,12,27,7,6,2,125,1,1192,5,10,0,0,
~30,5,15,40,12,23,0,0,0,3,0,5,6,4,25,20,10,90,170,0,300,0,18000,30,5,40,34,34,5,12,27,7,6,2,124,1,1187,5,10,0,0,
~30,5,15,40,12,23,0,0,0,3,0,5,6,4,25,20,10,90,170,0,300,0,18000,30,5,40,34,34,5,12,27,7,6,2,124,1,1187,5,10,0,0,
~30,5,15,40,12,23,0,0,0,3,0,5,6,4,25,20,10,90,170,0,300,0,18000,30,6,40,36,35,6,12,27,7,6,2,124,1,1126,5,10,0,0,
~30,5,15,40,12,23,0,0,0,3,0,5,6,4,25,20,10,90,170,0,300,0,18000,30,6,40,36,35,6,12,27,7,6,2,124,1,1126,5,10,0,0,
~30,5,15,40,12,23,0,0,0,3,0,5,6,4,25,20,10,90,170,0,300,0,18000,30,5,40,35,35,5,12,27,7,6,2,125,1,1147,5,10,0,0,
~30,5,15,40,12,23,0,0,0,3,0,5,6,4,25,20,10,90,170,0,300,0,18000,30,5,40,35,35,5,12,27,7,6,2,125,1,1147,5,10,0,0,
~30,5,15,40,12,23,0,0,0,3,0,5,6,4,25,20,10,90,170,0,300,0,18000,30,5,40,34,34,5,12,27,7,6,2,125,1,1177,5,10,0,0,
~30,5,15,40,12,23,0,0,0,3,0,5,6,4,25,20,10,90,170,0,300,0,18000,30,5,40,34,34,5,12,27,7,6,2,125,1,1177,5,10,0,0,
~30,5,15,40,12,23,0,0,0,3,0,5,6,4,25,20,10,90,170,0,300,0,18000,30,5,40,35,34,5,12,27,7,6,2,125,1,1178,5,10,0,0,
~30,5,15,40,12,23,0,0,0,3,0,5,6,4,25,20,10,90,170,0,300,0,18000,30,5,40,35,34,5,12,27,7,6,2,125,1,1178,5,10,0,0,
~30,5,15,40,12,23,0,0,0,3,0,5,6,4,25,20,10,90,170,0,300,0,18000,30,5,40,36,35,5,12,27,7,6,2,125,1,1178,5,10,0,0,
~30,5,15,40,12,23,0,0,0,3,0,5,6,4,25,20,10,90,170,0,300,0,18000,30,5,40,36,35,5,12,27,7,6,2,125,1,1178,5,10,0,0,
~30,5,15,40,12,23,0,0,0,3,0,5,6,4,25,20,10,90,170,0,300,0,18000,30,5,40,35,35,5,12,27,7,6,2,125,1,1178,5,10,0,0,
~30,5,15,40,12,23,0,0,0,3,0,5,6,4,25,20,10,90,170,0,300,0,18000,30,5,40,35,35,5,12,27,7,6,2,125,1,1178,5,10,0,0,
~30,5,15,40,12,23,0,0,0,3,0,5,6,4,25,20,10,90,170,0,300,0,18000,30,5,40,35,35,5,12,27,7,6,2,124,1,1176,5,10,0,0,
~30,5,15,40,12,23,0,0,0,3,0,5,6,4,25,20,10,90,170,0,300,0,18000,30,5,40,35,35,5,12,27,7,6,0,124,1,1176,5,10,0,0,
~30,5,15,40,12,23,0,0,0,3,0,5,6,4,25,20,10,90,170,0,300,0,18000,30,5,40,36,35,5,12,27,7,6,0,117,1,1186,5,10,0,0,
~30,5,15,40,12,23,0,0,0,3,0,5,6,4,25,20,10,90,170,0,300,0,18000,30,5,40,35,35,5,12,27,7,6,0,113,1,1173,5,10,0,0,
~30,5,15,40,12,23,0,0,0,3,0,5,6,4,25,20,10,90,170,0,300,0,18000,30,5,40,35,35,5,12,27,7,6,0,113,1,1173,5,10,0,0,
~30,5,15,40,12,23,0,0,0,3,0,5,6,4,25,20,10,90,170,0,300,0,18000,30,5,40,35,35,5,12,27,7,6,0,110,1,1166,5,10,0,0,
~30,5,15,40,12,23,0,0,0,3,0,5,6,4,25,20,10,90,170,0,300,0,18000,30,5,40,35,35,5,12,27,7,6,0,110,1,1166,5,10,0,0,
~30,5,15,40,12,23,0,0,0,3,0,5,6,4,25,20,10,90,170,0,300,0,18000,30,5,40,36,35,5,12,27,7,6,0,108,1,1166,5,10,0,0,
~30,5,15,40,12,23,0,0,0,3,0,5,6,4,25,20,10,90,170,0,300,0,18000,30,5,40,36,35,5,12,27,7,6,0,108,1,1166,5,10,0,0,
~30,5,15,40,12,23,0,0,0,3,0,5,6,4,25,20,10,90,170,0,300,0,18000,30,5,40,35,35,5,12,27,7,6,0,107,1,1167,5,10,0,0,
~30,5,15,40,12,23,0,0,0,3,0,5,6,4,25,20,10,90,170,0,300,0,18000,30,5,40,35,35,5,12,27,7,6,0,107,1,1167,5,10,0,0,
~30,5,15,40,12,23,0,0,0,3,0,5,6,4,25,20,10,90,170,0,300,0,18000,30,5,40,3,36,5,12,27,7,6,0,106,0,1180,5,10,0,0,
~30,5,15,40,12,23,0,0,0,3,0,5,6,4,25,20,10,90,170,0,300,0,18000,30,4,40,3,36,4,12,27,7,6,0,106,0,1180,5,10,0,0,
~30,5,15,40,12,23,0,0,0,3,0,5,6,4,25,20,10,90,170,0,300,0,18000,30,4,40,2,29,4,12,27,7,6,0,105,9,1437,18,7,0,0,
~30,5,15,40,12,23,0,0,0,3,0,5,6,4,25,20,10,90,170,0,300,0,18000,30,4,40,2,29,4,12,27,8,6,1,105,9,1437,18,7,0,0,
~30,5,15,40,12,23,0,0,0,3,0,5,6,4,25,20,10,90,170,0,300,0,18000,30,4,41,289,185,4,12,27,8,6,1,104,16,895,28,5,0,0,
~30,5,15,40,12,23,0,0,0,3,0,5,6,4,25,20,10,90,170,0,300,0,18000,30,4,40,289,185,4,12,27,8,6,3,104,16,895,28,5,0,0,
~30,5,15,40,12,23,0,0,0,3,0,5,6,4,25,20,10,90,170,0,300,0,18000,30,4,40,0,231,4,12,27,8,6,3,131,17,756,31,6,0,0,
~30,5,15,40,12,23,0,0,0,3,0,5,6,4,25,20,10,90,170,0,300,0,18000,31,4,40,0,231,4,12,27,8,6,5,131,17,756,31,6,0,0,
~30,5,15,40,12,23,0,0,0,3,0,5,6,4,25,20,10,90,170,0,300,0,18000,31,4,40,2,249,4,12,27,8,6,5,150,17,655,33,5,0,0,
~30,5,15,40,12,23,0,0,0,3,0,5,6,4,25,20,10,90,170,0,300,0,18000,31,4,40,2,249,4,12,27,8,6,8,150,17,655,33,5,0,0,
~30,5,15,40,12,23,0,0,0,3,0,5,6,4,25,20,10,90,170,0,300,0,18000,31,4,40,319,273,4,12,27,8,6,8,171,16,601,35,5,0,0,
~30,5,15,40,12,23,0,0,0,3,0,5,6,4,25,20,10,90,170,0,300,0,18000,31,5,40,319,273,5,12,27,8,6,10,171,16,601,35,5,0,0,
~30,5,15,40,12,23,0,0,0,3,0,5,6,4,25,20,10,90,170,0,300,0,18000,31,5,40,41,193,5,12,27,8,6,10,195,15,785,25,4,0,0,
~30,5,15,40,12,23,0,0,0,3,0,5,6,4,25,20,10,90,170,0,300,0,18000,31,5,40,41,193,5,12,27,7,6,10,195,15,785,25,4,0,0,
~30,5,15,40,12,23,0,0,0,3,0,5,6,4,25,20,10,90,170,0,300,0,18000,31,5,40,37,141,5,12,27,7,6,10,211,13,916,19,3,0,0,
~30,5,15,40,12,23,0,0,0,3,0,5,6,4,25,20,10,90,170,0,300,0,18000,31,5,40,37,141,5,12,27,7,6,10,211,13,916,19,3,0,0,
~30,5,15,40,12,23,0,0,0,3,0,5,6,4,25,20,10,90,170,0,300,0,18000,31,5,40,37,106,5,12,27,7,6,10,221,12,1015,14,3,0,0,
~30,5,15,40,12,23,0,0,0,3,0,5,6,4,25,20,10,90,170,0,300,0,18000,31,5,40,37,82,5,12,27,7,6,10,228,11,1080,11,3,0,0,
~30,5,15,40,12,23,0,0,0,3,0,5,6,4,25,20,10,90,170,0,300,0,18000,31,5,40,37,82,5,12,27,7,6,10,228,11,1080,11,3,0,0,
~30,5,15,40,12,23,0,0,0,3,0,5,6,4,25,20,10,90,170,0,300,0,18000,31,5,40,36,66,5,12,27,7,6,10,233,9,1132,9,4,0,0,
~30,5,15,40,12,23,0,0,0,3,0,5,6,4,25,20,10,90,170,0,300,0,18000,31,5,40,36,66,5,12,27,7,6,10,233,9,1132,9,4,0,0,
~30,5,15,40,12,23,0,0,0,3,0,5,6,4,25,20,10,90,170,0,300,0,18000,31,5,40,35,56,5,12,27,7,6,10,236,8,1158,8,4,0,0,
~30,5,15,40,12,23,0,0,0,3,0,5,6,4,25,20,10,90,170,0,300,0,18000,31,5,40,35,56,5,12,27,7,6,10,236,8,1158,8,4,0,0,
~30,5,15,40,12,23,0,0,0,3,0,5,6,4,25,20,10,90,170,0,300,0,18000,31,5,40,36,49,5,12,27,7,6,10,239,8,1168,7,5,0,0,
~30,5,15,40,12,23,0,0,0,3,0,5,6,4,25,20,10,90,170,0,300,0,18000,31,5,40,36,49,5,12,27,7,6,10,239,8,1168,7,5,0,0,
~30,5,15,40,12,23,0,0,0,3,0,5,6,4,25,20,10,90,170,0,300,0,18000,31,5,40,36,44,5,12,27,7,6,10,240,7,1173,6,6,0,0,
~30,5,15,40,12,23,0,0,0,3,0,5,6,4,25,20,10,90,170,0,300,0,18000,31,5,40,36,44,5,12,27,7,6,10,240,7,1173,6,6,0,0,
~30,5,15,40,12,23,0,0,0,3,0,5,6,4,25,20,10,90,170,0,300,0,18000,31,5,40,35,41,5,12,27,7,6,10,241,6,1174,5,7,0,0,
~30,5,15,40,12,23,0,0,0,3,0,5,6,4,25,20,10,90,170,0,300,0,18000,31,5,40,35,41,5,12,27,7,6,10,241,6,1174,5,7,0,0,
~30,5,15,40,12,23,0,0,0,3,0,5,6,4,25,20,10,90,170,0,300,0,18000,31,6,40,36,39,6,12,27,7,6,10,242,5,1132,5,8,0,0,
~30,5,15,40,12,23,0,0,0,3,0,5,6,4,25,20,10,90,170,0,300,0,18000,31,6,40,36,39,6,12,27,7,6,10,242,5,1132,5,8,0,0,
~30,5,15,40,12,23,0,0,0,3,0,5,6,4,25,20,10,90,170,0,300,0,18000,31,6,40,35,37,6,12,27,6,6,10,242,5,1084,5,9,0,0,
~30,5,15,40,12,23,0,0,0,3,0,5,6,4,25,20,10,90,170,0,300,0,18000,31,5,40,35,37,5,12,27,7,6,10,242,5,1084,5,9,0,0,
~30,5,15,40,12,23,0,0,0,3,0,5,6,4,25,20,10,90,170,0,300,0,18000,31,5,40,36,37,5,12,27,7,6,10,242,4,1110,5,9,0,0,
~30,5,15,40,12,23,0,0,0,3,0,5,6,4,25,20,10,90,170,0,300,0,18000,31,5,40,36,37,5,12,27,7,6,10,242,4,1110,5,9,0,0,
~30,5,15,40,12,23,0,0,0,3,0,5,6,4,25,20,10,90,170,0,300,0,18000,31,5,40,35,36,5,12,27,7,6,10,243,4,1144,5,9,0,0,
~30,5,15,40,12,23,0,0,0,3,0,5,6,4,25,20,10,90,170,0,300,0,18000,31,5,41,35,36,5,12,27,7,6,10,243,4,1144,5,9,0,0,
~30,5,15,40,12,23,0,0,0,3,0,5,6,4,25,20,10,90,170,0,300,0,18000,31,5,41,35,36,5,12,27,7,6,10,243,3,1156,5,9,0,0,
~30,5,15,40,12,23,0,0,0,3,0,5,6,4,25,20,10,90,170,0,300,0,18000,31,5,40,35,36,5,12,27,7,6,10,243,3,1156,5,9,0,0,
~30,5,15,40,12,23,0,0,0,3,0,5,6,4,25,20,10,90,170,0,300,0,18000,31,5,40,36,36,5,12,27,7,6,10,243,3,1183,5,10,0,0,
~30,5,15,40,12,23,0,0,0,3,0,5,6,4,25,20,10,90,170,0,300,0,18000,31,5,40,36,36,5,12,27,7,6,10,243,3,1193,5,10,0,0,
~30,5,15,40,12,23,0,0,0,3,0,5,6,4,25,20,10,90,170,0,300,0,18000,31,5,40,36,36,5,12,27,7,6,10,243,3,1193,5,10,0,0,
~30,5,15,40,12,23,0,0,0,3,0,5,6,4,25,20,10,90,170,0,300,0,18000,31,5,40,36,36,5,12,27,7,6,10,243,2,1196,5,10,0,0,
~30,5,15,40,12,23,0,0,0,3,0,5,6,4,25,20,10,90,170,0,300,0,18000,31,5,40,36,36,5,12,27,7,6,10,243,2,1196,5,10,0,0,
~30,5,15,40,12,23,0,0,0,3,0,5,6,4,25,20,10,90,170,0,300,0,18000,31,5,40,36,36,5,12,27,7,6,10,243,2,1190,5,10,0,0,
~30,5,15,40,12,23,0,0,0,3,0,5,6,4,25,20,10,90,170,0,300,0,18000,31,5,40,36,36,5,12,27,7,6,10,243,2,1190,5,10,0,0,
~30,5,15,40,12,23,0,0,0,3,0,5,6,4,25,20,10,90,170,0,300,0,18000,31,5,40,36,35,5,12,27,7,6,10,243,2,1191,5,10,0,0,
~30,5,15,40,12,23,0,0,0,3,0,5,6,4,25,20,10,90,170,0,300,0,18000,31,5,40,36,35,5,12,27,7,6,10,243,2,1191,5,10,0,0,
~30,5,15,40,12,23,0,0,0,3,0,5,6,4,25,20,10,90,170,0,300,0,18000,31,5,40,36,35,5,12,27,7,6,10,243,2,1197,5,10,0,0,
~30,5,15,40,12,23,0,0,0,3,0,5,6,4,25,20,10,90,170,0,300,0,18000,31,5,40,36,35,5,12,27,7,6,10,243,2,1197,5,10,0,0,
~30,5,15,40,12,23,0,0,0,3,0,5,6,4,25,20,10,90,170,0,300,0,18000,31,5,40,36,35,5,12,27,7,6,10,243,2,1206,5,10,0,0,
~30,5,15,40,12,23,0,0,0,3,0,5,6,4,25,20,10,90,170,0,300,0,18000,31,4,40,36,35,4,13,27,8,6,10,243,2,1206,5,10,0,0,
~30,5,15,40,12,23,0,0,0,3,0,5,6,4,25,20,10,90,170,0,300,0,18000,31,4,40,3,37,4,13,27,8,6,10,243,2,1205,5,10,0,0,
~30,5,15,40,12,23,0,0,0,3,0,5,6,4,25,20,10,90,170,0,300,0,18000,31,3,40,3,37,3,12,27,8,6,10,243,2,1205,5,10,0,0,
~30,5,15,40,12,23,0,0,0,3,0,5,6,4,25,20,10,90,170,0,300,0,18000,31,3,40,0,193,3,12,27,8,6,10,244,10,728,21,6,0,0,
~30,5,15,40,12,23,0,0,0,3,0,5,6,4,25,20,10,90,170,0,300,0,18000,31,3,40,0,193,3,12,27,8,6,12,244,10,728,21,6,0,0,
~30,5,15,40,12,23,0,0,0,3,0,5,6,4,25,20,10,90,170,0,300,0,18000,31,3,40,314,256,3,12,27,9,6,12,273,12,572,28,5,0,0,
~30,5,15,40,12,23,0,0,0,3,0,5,6,4,25,20,10,90,170,0,300,0,18000,32,3,40,314,256,3,12,27,9,6,15,273,12,572,28,5,0,0,
~30,5,15,40,12,23,0,0,0,3,0,5,6,4,25,20,10,90,170,0,300,0,18000,32,3,40,0,271,3,14,27,9,6,15,317,11,514,30,5,0,0,
~30,5,15,40,12,23,0,0,0,3,0,5,6,4,25,20,10,90,170,0,300,0,18000,33,3,40,0,271,3,14,27,9,6,17,317,11,514,30,5,0,0,
~30,5,15,40,12,23,0,0,0,3,0,5,6,4,25,20,10,90,170,0,300,0,18000,33,3,40,3,273,3,14,27,9,6,17,341,11,502,28,4,0,0,
~30,5,15,40,12,23,0,0,0,3,0,5,6,4,25,20,10,90,170,0,300,0,18000,33,3,40,3,273,3,12,27,9,6,19,341,11,502,28,4,0,0,
~30,5,15,40,12,23,0,0,0,3,0,5,6,4,25,20,10,90,170,0,300,0,18000,33,3,40,335,193,3,12,27,9,6,19,365,14,847,31,3,0,0,
~30,5,15,40,12,23,0,0,0,3,0,5,6,4,25,20,10,90,170,0,300,0,18000,33,5,40,335,193,5,12,27,9,6,18,365,14,847,31,3,0,0,
~30,5,15,40,12,23,0,0,0,3,0,5,6,4,25,20,10,90,170,0,300,0,18000,33,5,40,38,141,5,12,27,9,6,18,354,12,947,22,2,0,0,
~30,5,15,40,12,23,0,0,0,3,0,5,6,4,25,20,10,90,170,0,300,0,18000,32,5,40,37,106,5,12,27,8,6,16,345,11,1044,17,2,0,0,
~30,5,15,40,12,23,0,0,0,3,0,5,6,4,25,20,10,90,170,0,300,0,18000,32,5,40,37,106,5,12,27,8,6,13,345,11,1044,17,2,0,0,
~30,5,15,40,12,23,0,0,0,3,0,5,6,4,25,20,10,90,170,0,300,0,18000,32,5,40,35,82,5,12,27,8,6,13,331,10,1098,13,3,0,0,
~30,5,15,40,12,23,0,0,0,3,0,5,6,4,25,20,10,90,170,0,300,0,18000,32,5,40,35,82,5,12,27,8,6,11,331,10,1098,13,3,0,0,
~30,5,15,40,12,23,0,0,0,3,0,5,6,4,25,20,10,90,170,0,300,0,18000,32,5,40,37,67,5,12,27,7,6,11,311,9,1125,10,4,0,0,
~30,5,15,40,12,23,0,0,0,3,0,5,6,4,25,20,10,90,170,0,300,0,18000,32,5,40,37,67,5,12,27,7,6,11,311,9,1125,10,4,0,0,
~30,5,15,40,12,23,0,0,0,3,0,5,6,4,25,20,10,90,170,0,300,0,18000,32,5,40,37,57,5,12,27,7,6,11,299,8,1148,9,4,0,0,
~30,5,15,40,12,23,0,0,0,3,0,5,6,4,25,20,10,90,170,0,300,0,18000,32,5,40,37,57,5,12,27,7,6,11,299,8,1148,9,4,0,0,
~30,5,15,40,12,23,0,0,0,3,0,5,6,4,25,20,10,90,170,0,300,0,18000,32,5,40,35,49,5,12,27,7,6,11,290,7,1148,7,5,0,0,
~30,5,15,40,12,23,0,0,0,3,0,5,6,4,25,20,10,90,170,0,300,0,18000,32,5,40,35,49,5,12,27,7,6,11,290,7,1148,7,5,0,0,
~30,5,15,40,12,23,0,0,0,3,0,5,6,4,25,20,10,90,170,0,300,0,18000,32,5,40,37,45,5,12,27,7,6,11,285,6,1166,7,6,0,0,
~30,5,15,40,12,23,0,0,0,3,0,5,6,4,25,20,10,90,170,0,300,0,18000,32,5,40,37,45,5,12,27,7,6,11,285,6,1166,7,6,0,0,
~30,5,15,40,12,23,0,0,0,3,0,5,6,4,25,20,10,90,170,0,300,0,18000,32,5,40,36,42,5,12,27,7,6,11,281,6,1180,6,7,0,0,
~30,5,15,40,12,23,0,0,0,3,0,5,6,4,25,20,10,90,170,0,300,0,18000,32,5,40,36,42,5,12,27,7,6,11,281,6,1180,6,7,0,0,
~30,5,15,40,12,23,0,0,0,3,0,5,6,4,25,20,10,90,170,0,300,0,18000,32,5,40,36,40,5,12,27,7,6,11,279,5,1187,5,8,0,0,
~30,5,15,40,12,23,0,0,0,3,0,5,6,4,25,20,10,90,170,0,300,0,18000,32,5,40,36,40,5,12,27,7,6,11,279,5,1187,5,8,0,0,
~30,5,15,40,12,23,0,0,0,3,0,5,6,4,25,20,10,90,170,0,300,0,18000,32,5,40,35,38,5,12,27,7,6,11,277,4,1173,5,9,0,0,
~30,5,15,40,12,23,0,0,0,3,0,5,6,4,25,20,10,90,170,0,300,0,18000,32,5,40,35,38,5,12,27,7,6,11,277,4,1173,5,9,0,0,
~30,5,15,40,12,23,0,0,0,3,0,5,6,4,25,20,10,90,170,0,300,0,18000,32,5,40,35,36,5,12,27,7,6,11,276,4,1185,5,9,0,0,
~30,5,15,40,12,23,0,0,0,3,0,5,6,4,25,20,10,90,170,0,300,0,18000,32,5,40,35,36,5,12,27,7,6,11,276,4,1185,5,9,0,0,
~30,5,15,40,12,23,0,0,0,3,0,5,6,4,25,20,10,90,170,0,300,0,18000,32,5,40,36,36,5,12,27,7,6,11,275,4,1193,5,9,0,0,
~30,5,15,40,12,23,0,0,0,3,0,5,6,4,25,20,10,90,170,0,300,0,18000,32,5,40,36,36,5,12,27,7,6,11,275,4,1193,5,9,0,0,
~30,5,15,40,12,23,0,0,0,3,0,5,6,4,25,20,10,90,170,0,300,0,18000,32,5,40,35,36,5,12,27,7,6,11,275,3,1188,5,10,0,0,
~30,5,15,40,12,23,0,0,0,3,0,5,6,4,25,20,10,90,170,0,300,0,18000,32,5,40,35,36,5,12,27,7,6,11,275,3,1188,5,10,0,0,
~30,5,15,40,12,23,0,0,0,3,0,5,6,4,25,20,10,90,170,0,300,0,18000,32,5,40,36,35,5,12,27,7,6,11,274,3,1205,5,10,0,0,
~30,5,15,40,12,23,0,0,0,3,0,5,6,4,25,20,10,90,170,0,300,0,18000,32,5,40,36,35,5,12,27,7,6,11,274,3,1185,5,10,0,0,
~30,5,15,40,12,23,0,0,0,3,0,5,6,4,25,20,10,90,170,0,300,0,18000,32,5,40,36,35,5,12,27,7,6,11,274,3,1185,5,10,0,0,
~30,5,15,40,12,23,0,0,0,3,0,5,6,4,25,20,10,90,170,0,300,0,18000,32,5,40,35,34,5,12,27,7,6,11,274,3,1193,5,10,0,0,
~30,5,15,40,12,23,0,0,0,3,0,5,6,4,25,20,10,90,170,0,300,0,18000,32,5,40,35,34,5,12,27,7,6,11,274,3,1193,5,10,0,0,
~30,5,15,40,12,23,0,0,0,3,0,5,6,4,25,20,10,90,170,0,300,0,18000,32,5,40,35,34,5,12,27,7,6,11,274,3,1178,5,10,0,0,
~30,5,15,40,12,23,0,0,0,3,0,5,6,4,25,20,10,90,170,0,300,0,18000,32,5,40,35,34,5,12,27,7,6,11,274,3,1178,5,10,0,0,
~30,5,15,40,12,23,0,0,0,3,0,5,6,4,25,20,10,90,170,0,300,0,18000,32,5,40,36,34,5,12,27,7,6,11,274,3,1173,5,10,0,0,
~30,5,15,40,12,23,0,0,0,3,0,5,6,4,25,20,10,90,170,0,300,0,18000,32,5,40,36,34,5,12,27,7,6,11,274,3,1173,5,10,0,0,
~30,5,15,40,12,23,0,0,0,3,0,5,6,4,25,20,10,90,170,0,300,0,18000,32,5,40,35,34,5,12,27,7,6,11,273,3,1166,5,10,0,0,
~30,5,15,40,12,23,0,0,0,3,0,5,6,4,25,20,10,90,170,0,300,0,18000,32,5,40,35,34,5,12,27,7,6,11,273,3,1166,5,10,0,0,
~30,5,15,40,12,23,0,0,0,3,0,5,6,4,25,20,10,90,170,0,300,0,18000,32,5,40,35,34,5,12,27,7,6,11,273,3,1180,5,10,0,0,
~30,5,15,40,12,23,0,0,0,3,0,5,6,4,25,20,10,90,170,0,300,0,18000,32,5,40,35,34,5,12,27,7,6,11,273,3,1180,5,10,0,0,
~30,5,15,40,12,23,0,0,0,3,0,5,6,4,25,20,10,90,170,0,300,0,18000,32,5,40,36,34,5,12,27,7,6,11,273,3,1169,5,11,0,0,
~30,5,15,40,12,23,0,0,0,3,0,5,6,4,25,20,10,90,170,0,300,0,18000,32,5,40,36,34,5,12,27,7,6,11,273,3,1169,5,11,0,0,
~30,5,15,40,12,23,0,0,0,3,0,5,6,4,25,20,10,90,170,0,300,0,18000,32,5,40,36,34,5,12,27,7,6,11,273,3,1162,5,10,0,0,
~30,5,15,40,12,23,0,0,0,3,0,5,6,4,25,20,10,90,170,0,300,0,18000,32,5,40,36,34,5,12,27,7,6,11,273,3,1162,5,10,0,0,
~30,5,15,40,12,23,0,0,0,3,0,5,6,4,25,20,10,90,170,0,300,0,18000,32,5,40,35,34,5,12,27,7,6,11,273,3,1164,5,10,0,0,
~30,5,15,40,12,23,0,0,0,3,0,5,6,4,25,20,10,90,170,0,300,0,18000,32,5,40,35,34,5,12,27,7,6,11,273,3,1164,5,10,0,0,
~30,5,15,40,12,23,0,0,0,3,0,5,6,4,25,20,10,90,170,0,300,0,18000,32,5,40,36,34,5,12,27,7,6,11,273,3,1158,5,10,0,0,
~30,5,15,40,12,23,0,0,0,3,0,5,6,4,25,20,10,90,170,0,300,0,18000,32,5,40,36,34,5,12,27,7,6,11,273,3,1158,5,10,0,0,
~30,5,15,40,12,23,0,0,0,3,0,5,6,4,25,20,10,90,170,0,300,0,18000,32,5,40,36,35,5,12,27,7,6,11,272,3,1154,5,10,0,0,
~30,5,15,40,12,23,0,0,0,3,0,5,6,4,25,20,10,90,170,0,300,0,18000,32,5,40,36,35,5,12,27,7,6,11,272,3,1154,5,10,0,0,
~30,5,15,40,12,23,0,0,0,3,0,5,6,4,25,20,10,90,170,0,300,0,18000,32,5,40,36,35,5,12,27,7,6,11,272,3,1175,5,10,0,0,
~30,5,15,40,12,23,0,0,0,3,0,5,6,4,25,20,10,90,170,0,300,0,18000,32,5,40,36,35,5,12,27,7,6,9,272,3,1175,5,10,0,0,
~30,5,15,40,12,23,0,0,0,3,0,5,6,4,25,20,10,90,170,0,300,0,18000,31,5,40,35,35,5,12,27,7,6,6,243,2,1191,5,10,0,0,
~30,5,15,40,12,23,0,0,0,3,0,5,6,4,25,20,10,90,170,0,300,0,18000,31,5,40,35,35,5,12,27,7,6,6,199,2,1178,5,10,0,0,
~30,5,15,40,12,23,0,0,0,3,0,5,6,4,25,20,10,90,170,0,300,0,18000,30,5,40,35,35,5,12,27,7,6,4,199,2,1178,5,10,0,0,
~30,5,15,40,12,23,0,0,0,3,0,5,6,4,25,20,10,90,170,0,300,0,18000,30,5,40,36,35,5,12,27,7,6,4,175,2,1189,5,10,0,0,
~30,5,15,40,12,23,0,0,0,3,0,5,6,4,25,20,10,90,170,0,300,0,18000,30,5,40,36,35,5,12,27,7,6,1,175,2,1189,5,10,0,0,
~30,5,15,40,12,23,0,0,0,3,0,5,6,4,25,20,10,90,170,0,300,0,18000,30,5,40,35,35,5,12,27,7,6,1,151,2,1185,5,10,0,0,
~30,5,15,40,12,23,0,0,0,3,0,5,6,4,25,20,10,90,170,0,300,0,18000,30,5,40,35,35,5,12,27,7,6,0,151,2,1185,5,10,0,0,
~30,5,15,40,12,23,0,0,0,3,0,5,6,4,25,20,10,90,170,0,300,0,18000,30,5,40,36,35,5,12,27,7,6,0,136,2,1183,5,10,0,0,
~30,5,15,40,12,23,0,0,0,3,0,5,6,4,25,20,10,90,170,0,300,0,18000,30,5,40,36,35,5,12,27,7,6,0,136,2,1183,5,10,0,0,
~30,5,15,40,12,23,0,0,0,3,0,5,6,4,25,20,10,90,170,0,300,0,18000,30,5,40,36,35,5,12,27,7,6,0,125,2,1183,5,10,0,0,
~30,5,15,40,12,23,0,0,0,3,0,5,6,4,25,20,10,90,170,0,300,0,18000,30,5,40,36,35,5,12,27,7,6,0,125,2,1183,5,10,0,0,
~30,5,15,40,12,23,0,0,0,3,0,5,6,4,25,20,10,90,170,0,300,0,18000,30,5,40,36,35,5,12,27,7,6,0,118,2,1186,5,10,0,0,
~30,5,15,40,12,23,0,0,0,3,0,5,6,4,25,20,10,90,170,0,300,0,18000,30,5,40,36,35,5,12,27,7,6,0,118,2,1186,5,10,0,0,
~30,5,15,40,12,23,0,0,0,3,0,5,6,4,25,20,10,90,170,0,300,0,18000,30,5,40,35,35,5,12,27,7,6,0,113,1,1194,5,10,0,0,
~30,5,15,40,12,23,0,0,0,3,0,5,6,4,25,20,10,90,170,0,300,0,18000,30,5,40,35,35,5,12,27,7,6,0,113,1,1194,5,10,0,0,
~30,5,15,40,12,23,0,0,0,3,0,5,6,4,25,20,10,90,170,0,300,0,18000,30,5,40,35,35,5,12,27,7,6,0,110,1,1180,5,10,0,0,
~30,5,15,40,12,23,0,0,0,3,0,5,6,4,25,20,10,90,170,0,300,0,18000,30,5,40,35,35,5,12,27,7,6,0,110,1,1180,5,10,0,0,
~30,5,15,40,12,23,0,0,0,3,0,5,6,4,25,20,10,90,170,0,300,0,18000,30,5,40,36,35,5,12,27,7,6,0,108,1,1185,5,10,0,0,
~30,5,15,40,12,23,0,0,0,3,0,5,6,4,25,20,10,90,170,0,300,0,18000,30,5,40,36,35,5,12,27,7,6,0,108,1,1185,5,10,0,0,
~30,5,15,40,12,23,0,0,0,3,0,5,6,4,25,20,10,90,170,0,300,0,18000,30,5,40,34,34,5,12,27,7,6,0,106,1,1183,5,10,0,0,
~30,5,15,40,12,23,0,0,0,3,0,5,6,4,25,20,10,90,170,0,300,0,18000,30,5,40,34,34,5,12,27,7,6,0,106,1,1183,5,10,0,0,
~30,5,15,40,12,23,0,0,0,3,0,5,6,4,25,20,10,90,170,0,300,0,18000,30,5,40,35,34,5,12,27,7,6,0,105,1,1181,5,10,0,0,
~30,5,15,40,12,23,0,0,0,3,0,5,6,4,25,20,10,90,170,0,300,0,18000,30,5,40,35,34,5,12,27,7,6,0,105,1,1181,5,10,0,0,
~30,5,15,40,12,23,0,0,0,3,0,5,6,4,25,20,10,90,170,0,300,0,18000,30,5,40,33,34,5,12,27,7,6,0,105,1,1192,5,10,0,0,
~30,5,15,40,12,23,0,0,0,3,0,5,6,4,25,20,10,90,170,0,300,0,18000,30,5,40,35,34,5,12,27,7,6,0,104,1,1186,5,10,0,0,
~30,5,15,40,12,23,0,0,0,3,0,5,6,4,25,20,10,90,170,0,300,0,18000,30,5,40,35,34,5,12,27,7,6,0,104,1,1186,5,10,0,0,
~30,5,15,40,12,23,0,0,0,3,0,5,6,4,25,20,10,90,170,0,300,0,18000,30,5,40,36,34,5,12,27,7,6,0,104,1,1184,5,10,0,0,
~30,5,15,40,12,23,0,0,0,3,0,5,6,4,25,20,10,90,170,0,300,0,18000,30,5,40,36,34,5,12,27,7,6,0,104,1,1184,5,10,0,0,
~30,5,15,40,12,23,0,0,0,3,0,5,6,4,25,20,10,90,170,0,300,0,18000,30,5,40,36,35,5,12,27,7,6,0,103,1,1180,5,10,0,0,
~30,5,15,40,12,23,0,0,0,3,0,5,6,4,25,20,10,90,170,0,300,0,18000,30,5,40,36,35,5,12,27,7,6,0,103,1,1180,5,10,0,0,
~30,5,15,40,12,23,0,0,0,3,0,5,6,4,25,20,10,90,170,0,300,0,18000,30,5,40,36,35,5,12,27,7,6,0,103,1,1196,5,11,0,0,
~30,5,15,40,12,23,0,0,0,3,0,5,6,4,25,20,10,90,170,0,300,0,18000,30,5,40,36,35,5,12,27,7,6,0,103,1,1196,5,11,0,0,
~30,5,15,40,12,23,0,0,0,3,0,5,6,4,25,20,10,90,170,0,300,0,18000,30,5,40,34,34,5,12,27,7,6,0,103,1,1186,5,10,0,0,
~30,5,15,40,12,23,0,0,0,3,0,5,6,4,25,20,10,90,170,0,300,0,18000,30,5,40,34,34,5,12,27,7,6,0,103,1,1186,5,10,0,0,
~30,5,15,40,12,23,0,0,0,3,0,5,6,4,25,20,10,90,170,0,300,0,18000,30,5,40,35,34,5,12,27,7,6,0,103,1,1173,5,9,0,0,
~30,5,15,40,12,23,0,0,0,3,0,5,6,4,25,20,10,90,170,0,300,0,18000,30,5,40,35,34,5,12,27,7,6,0,103,1,1173,5,9,0,0,
~30,5,15,40,12,23,0,0,0,3,0,5,6,4,25,20,10,90,170,0,300,0,18000,30,5,40,35,34,5,12,27,7,6,0,103,1,1166,5,9,0,0,
~30,5,15,40,12,23,0,0,0,3,0,5,6,4,25,20,10,90,170,0,300,0,18000,30,5,40,35,34,5,12,27,7,6,0,103,1,1166,5,9,0,0,
~30,5,15,40,12,23,0,0,0,3,0,5,6,4,25,20,10,90,170,0,300,0,18000,30,5,40,35,34,5,12,27,7,6,0,103,1,1180,5,10,0,0,
~30,5,15,40,12,23,0,0,0,3,0,5,6,4,25,20,10,90,170,0,300,0,18000,30,5,40,35,34,5,12,27,7,6,0,103,1,1180,5,10,0,0,
~30,5,15,40,12,23,0,0,0,3,0,5,6,4,25,20,10,90,170,0,300,0,18000,30,5,40,35,34,5,12,27,7,6,0,103,1,1161,5,9,0,0,
~30,5,15,40,12,23,0,0,0,3,0,5,6,4,25,20,10,90,170,0,300,0,18000,30,5,40,35,34,5,12,27,7,6,0,103,1,1161,5,9,0,0,
~30,5,15,40,12,23,0,0,0,3,0,5,6,4,25,20,10,90,170,0,300,0,18000,30,5,40,34,34,5,12,27,7,6,0,103,1,1172,5,9,0,0,
~30,5,15,40,12,23,0,0,0,3,0,5,6,4,25,20,10,90,170,0,300,0,18000,30,5,40,34,34,5,12,27,7,6,0,103,1,1172,5,9,0,0,
~30,5,15,40,12,23,0,0,0,3,0,5,6,4,25,20,10,90,170,0,300,0,18000,30,5,40,35,34,5,12,27,7,6,0,103,1,1174,5,9,0,0,
~30,5,15,40,12,23,0,0,0,3,0,5,6,4,25,20,10,90,170,0,300,0,18000,30,5,40,35,34,5,12,27,7,6,0,103,1,1174,5,9,0,0,
~30,5,15,40,12,23,0,0,0,3,0,5,6,4,25,20,10,90,170,0,300,0,18000,30,5,40,35,34,5,12,27,7,6,0,103,1,1184,5,9,0,0,
~30,5,15,40,12,23,0,0,0,3,0,5,6,4,25,20,10,90,170,0,300,0,18000,30,5,40,35,34,5,12,27,7,6,0,103,1,1184,5,9,0,0,
~30,5,15,40,12,23,0,0,0,3,0,5,6,4,25,20,10,90,170,0,300,0,18000,30,5,40,36,35,5,12,27,7,6,0,103,1,1163,5,10,0,0,
~30,5,15,40,12,23,0,0,0,3,0,5,6,4,25,20,10,90,170,0,300,0,18000,30,5,40,34,34,5,12,27,7,6,0,103,1,1168,5,9,0,0,
~30,5,15,40,12,23,0,0,0,3,0,5,6,4,25,20,10,90,170,0,300,0,18000,30,5,40,34,34,5,12,27,7,6,0,103,1,1168,5,9,0,0,
~30,5,15,40,12,23,0,0,0,3,0,5,6,4,25,20,10,90,170,0,300,0,18000,30,5,40,35,34,5,12,27,7,6,0,103,1,1182,5,9,0,0,
~30,5,15,40,12,23,0,0,0,3,0,5,6,4,25,20,10,90,170,0,300,0,18000,30,5,40,35,34,5,12,27,7,6,0,103,1,1182,5,9,0,0,
~30,5,15,40,12,23,0,0,0,3,0,5,6,4,25,20,10,90,170,0,300,0,18000,30,5,40,34,34,5,12,27,7,6,0,103,1,1197,5,9,0,0,
~30,5,15,40,12,23,0,0,0,3,0,5,6,4,25,20,10,90,170,0,300,0,18000,30,5,40,34,34,5,12,27,7,6,0,103,1,1197,5,9,0,0,
~30,5,15,40,12,23,0,0,0,3,0,5,6,4,25,20,10,90,170,0,300,0,18000,30,5,40,35,34,5,12,27,7,6,0,103,1,1194,5,10,0,0,
~30,5,15,40,12,23,0,0,0,3,0,5,6,4,25,20,10,90,170,0,300,0,18000,30,5,40,35,34,5,12,27,7,6,0,103,1,1194,5,10,0,0,
~30,5,15,40,12,23,0,0,0,3,0,5,6,4,25,20,10,90,170,0,300,0,18000,30,5,40,35,34,5,12,27,7,6,0,103,1,1218,5,10,0,0,
~30,5,15,40,12,23,0,0,0,3,0,5,6,4,25,20,10,90,170,0,300,0,18000,30,5,40,35,34,5,12,27,7,6,0,103,1,1218,5,10,0,0,
~30,5,15,40,12,23,0,0,0,3,0,5,6,4,25,20,10,90,170,0,300,0,18000,30,5,40,34,34,5,12,27,7,6,0,103,1,1205,5,10,0,0,
~30,5,15,40,12,23,0,0,0,3,0,5,6,4,25,20,10,90,170,0,300,0,18000,30,6,40,34,34,6,12,27,7,6,0,103,1,1205,5,10,0,0,
~30,5,15,40,12,23,0,0,0,3,0,5,6,4,25,20,10,90,170,0,300,0,18000,30,6,40,34,34,6,12,27,7,6,0,103,1,1140,5,10,0,0,
~30,5,15,40,12,23,0,0,0,3,0,5,6,4,25,20,10,90,170,0,300,0,18000,30,6,40,34,34,6,12,27,6,6,0,103,1,1140,5,10,0,0,
~30,5,15,40,12,23,0,0,0,3,0,5,6,4,25,20,10,90,170,0,300,0,18000,30,6,40,36,34,6,12,27,6,6,0,103,1,1096,5,10,0,0,
~30,5,15,40,12,23,0,0,0,3,0,5,6,4,25,20,10,90,170,0,300,0,18000,30,5,40,36,34,5,12,27,7,6,0,103,1,1096,5,10,0,0,
~30,5,15,40,12,23,0,0,0,3,0,5,6,4,25,20,10,90,170,0,300,0,18000,30,5,40,35,34,5,12,27,7,6,0,102,1,1123,5,10,0,0,
~30,5,15,40,12,23,0,0,0,3,0,5,6,4,25,20,10,90,170,0,300,0,18000,30,5,40,35,34,5,12,27,7,6,0,102,1,1123,5,10,0,0,
~30,5,15,40,12,23,0,0,0,3,0,5,6,4,25,20,10,90,170,0,300,0,18000,30,5,40,35,34,5,12,27,7,6,0,102,1,1140,5,10,0,0,
~30,5,15,40,12,23,0,0,0,3,0,5,6,4,25,20,10,90,170,0,300,0,18000,30,5,40,35,34,5,12,27,7,6,0,102,1,1140,5,10,0,0,30,5,15,40,12,23,0,0,0,3,0,5,6,4,25,20,10,90,170,0,300,0,18000,30,5,40,35,34,5,12,27,7,6,0,102,1,1153,5,10,0,0,
~30,5,15,40,12,23,0,0,0,3,0,5,6,4,25,20,10,90,170,0,300,0,18000,30,5,40,35,34,5,12,27,7,6,0,102,1,1153,5,10,0,0,
~30,5,15,40,12,23,0,0,0,3,0,5,6,4,25,20,10,90,170,0,300,0,18000,30,5,40,35,34,5,12,27,7,6,0,102,1,1151,5,10,0,0,
~30,5,15,40,12,23,0,0,0,3,0,5,6,4,25,20,10,90,170,0,300,0,18000,30,5,40,35,34,5,12,27,7,6,0,102,1,1151,5,10,0,0,
~30,5,15,40,12,23,0,0,0,3,0,5,6,4,25,20,10,90,170,0,300,0,18000,30,5,40,35,34,5,12,27,7,6,0,102,1,1169,5,10,0,0,
~30,5,15,40,12,23,0,0,0,3,0,5,6,4,25,20,10,90,170,0,300,0,18000,30,5,40,35,34,5,12,27,7,6,0,102,1,1185,5,10,0,0,
~30,5,15,40,12,23,0,0,0,3,0,5,6,4,25,20,10,90,170,0,300,0,18000,30,5,40,35,34,5,12,27,7,6,0,102,1,1185,5,10,0,0,
~30,5,15,40,12,23,0,0,0,3,0,5,6,4,25,20,10,90,170,0,300,0,18000,30,5,40,35,34,5,12,27,7,6,0,102,1,1183,5,10,0,0,
~30,5,15,40,12,23,0,0,0,3,0,5,6,4,25,20,10,90,170,0,300,0,18000,30,5,40,35,34,5,12,27,7,6,0,102,1,1183,5,10,0,0,
~30,5,15,40,12,23,0,0,0,3,0,5,6,4,25,20,10,90,170,0,300,0,18000,30,5,40,35,34,5,12,27,7,6,0,102,1,1173,5,10,0,0,
~30,5,15,40,12,23,0,0,0,3,0,5,6,4,25,20,10,90,170,0,300,0,18000,30,5,40,35,34,5,12,27,7,6,0,102,1,1173,5,10,0,0,
~30,5,15,40,12,23,0,0,0,3,0,5,6,4,25,20,10,90,170,0,300,0,18000,30,5,40,35,34,5,12,27,7,6,0,102,1,1184,5,10,0,0,
~30,5,15,40,12,23,0,0,0,3,0,5,6,4,25,20,10,90,170,0,300,0,18000,30,5,40,35,34,5,12,27,7,6,0,102,1,1184,5,10,0,0,
~30,5,15,40,12,23,0,0,0,3,0,5,6,4,25,20,10,90,170,0,300,0,18000,30,5,40,35,34,5,12,27,7,6,0,102,1,1183,5,10,0,0,
~30,5,15,40,12,23,0,0,0,3,0,5,6,4,25,20,10,90,170,0,300,0,18000,30,5,40,35,34,5,12,27,7,6,0,102,1,1183,5,10,0,0,
~30,5,15,40,12,23,0,0,0,3,0,5,6,4,25,20,10,90,170,0,300,0,18000,30,5,40,35,34,5,12,27,7,6,0,102,1,1177,5,10,0,0,
~30,5,15,40,12,23,0,0,0,3,0,5,6,4,25,20,10,90,170,0,300,0,18000,30,5,40,35,34,5,12,27,7,6,0,102,1,1177,5,10,0,0,
~30,5,15,40,12,23,0,0,0,3,0,5,6,4,25,20,10,90,170,0,300,0,18000,30,5,40,36,35,5,12,27,7,6,0,102,1,1183,5,10,0,0,
~30,5,15,40,12,23,0,0,0,3,0,5,6,4,25,20,10,90,170,0,300,0,18000,30,5,40,36,35,5,12,27,7,6,0,102,1,1183,5,10,0,0,
~30,5,15,40,12,23,0,0,0,3,0,5,6,4,25,20,10,90,170,0,300,0,18000,30,5,40,34,34,5,12,27,7,6,0,102,1,1182,5,10,0,0,
~30,5,15,40,12,23,0,0,0,3,0,5,6,4,25,20,10,90,170,0,300,0,18000,30,5,40,34,34,5,12,27,7,6,0,102,1,1182,5,10,0,0,
~30,5,15,40,12,23,0,0,0,3,0,5,6,4,25,20,10,90,170,0,300,0,18000,30,5,40,35,34,5,12,27,7,6,0,102,1,1181,5,10,0,0,
~30,5,15,40,12,23,0,0,0,3,0,5,6,4,25,20,10,90,170,0,300,0,18000,30,5,40,35,34,5,12,27,7,6,0,102,1,1181,5,10,0,0,
~30,5,15,40,12,23,0,0,0,3,0,5,6,4,25,20,10,90,170,0,300,0,18000,30,5,40,36,35,5,12,27,7,6,0,102,1,1180,5,10,0,0,
~30,5,15,40,12,23,0,0,0,3,0,5,6,4,25,20,10,90,170,0,300,0,18000,30,5,40,36,35,5,12,27,7,6,0,102,1,1180,5,10,0,0,
~30,5,15,40,12,23,0,0,0,3,0,5,6,4,25,20,10,90,170,0,300,0,18000,30,5,40,34,34,5,12,27,7,6,0,102,1,1179,5,10,0,0,
~30,5,15,40,12,23,0,0,0,3,0,5,6,4,25,20,10,90,170,0,300,0,18000,30,5,40,34,34,5,12,27,7,6,0,102,1,1179,5,10,0,0,
~30,5,15,40,12,23,0,0,0,3,0,5,6,4,25,20,10,90,170,0,300,0,18000,30,5,40,33,34,5,12,27,7,6,0,102,1,1198,5,9,0,0,
~30,5,15,40,12,23,0,0,0,3,0,5,6,4,25,20,10,90,170,0,300,0,18000,30,5,40,35,34,5,12,27,7,6,0,102,1,1202,5,10,0,0,
~30,5,15,40,12,23,0,0,0,3,0,5,6,4,25,20,10,90,170,0,300,0,18000,30,5,40,35,34,5,12,27,7,6,0,102,1,1202,5,10,0,0,
~30,5,15,40,12,23,0,0,0,3,0,5,6,4,25,20,10,90,170,0,300,0,18000,30,5,40,35,34,5,12,27,7,6,0,102,1,1183,5,10,0,0,
~30,5,15,40,12,23,0,0,0,3,0,5,6,4,25,20,10,90,170,0,300,0,18000,30,5,40,35,34,5,12,27,7,6,0,102,1,1183,5,10,0,0,
~30,5,15,40,12,23,0,0,0,3,0,5,6,4,25,20,10,90,170,0,300,0,18000,30,5,40,36,34,5,12,27,7,6,0,102,1,1194,5,10,0,0,
~30,5,15,40,12,23,0,0,0,3,0,5,6,4,25,20,10,90,170,0,300,0,18000,30,5,40,36,34,5,12,27,7,6,0,102,1,1194,5,10,0,0,
~30,5,15,40,12,23,0,0,0,3,0,5,6,4,25,20,10,90,170,0,300,0,18000,30,5,40,33,34,5,12,27,7,6,0,102,1,1188,5,10,0,0,
~30,5,15,40,12,23,0,0,0,3,0,5,6,4,25,20,10,90,170,0,300,0,18000,30,5,40,33,34,5,12,27,7,6,0,102,1,1188,5,10,0,0,
~30,5,15,40,12,23,0,0,0,3,0,5,6,4,25,20,10,90,170,0,300,0,18000,30,5,40,35,34,5,12,27,7,6,0,102,1,1183,5,10,0,0,
~30,5,15,40,12,23,0,0,0,3,0,5,6,4,25,20,10,90,170,0,300,0,18000,30,5,40,35,34,5,12,27,7,6,0,102,1,1183,5,10,0,0,
~30,5,15,40,12,23,0,0,0,3,0,5,6,4,25,20,10,90,170,0,300,0,18000,30,5,40,36,34,5,12,27,7,6,0,102,2,1206,5,10,0,0,
~30,5,15,40,12,23,0,0,0,3,0,5,6,4,25,20,10,90,170,0,300,0,18000,30,5,40,36,34,5,12,27,7,6,0,102,2,1206,5,10,0,0,
~30,5,15,40,12,23,0,0,0,3,0,5,6,4,25,20,10,90,170,0,300,0,18000,30,5,40,35,34,5,12,27,7,6,0,102,2,1217,5,10,0,0,
~30,5,15,40,12,23,0,0,0,3,0,5,6,4,25,20,10,90,170,0,300,0,18000,30,5,40,35,34,5,12,27,7,6,0,102,2,1217,5,10,0,0,
~30,5,15,40,12,23,0,0,0,3,0,5,6,4,25,20,10,90,170,0,300,0,18000,30,5,40,34,34,5,12,27,7,6,0,102,1,1193,5,10,0,0,
~30,5,15,40,12,23,0,0,0,3,0,5,6,4,25,20,10,90,170,0,300,0,18000,30,5,40,34,34,5,12,27,7,6,0,102,1,1193,5,10,0,0,
~30,5,15,40,12,23,0,0,0,3,0,5,6,4,25,20,10,90,170,0,300,0,18000,30,5,40,34,34,5,12,27,7,6,0,102,1,1188,5,10,0,0,
~30,5,15,40,12,23,0,0,0,3,0,5,6,4,25,20,10,90,170,0,300,0,18000,30,5,40,34,34,5,12,27,7,6,0,102,1,1188,5,10,0,0,
~30,5,15,40,12,23,0,0,0,3,0,5,6,4,25,20,10,90,170,0,300,0,18000,30,5,40,34,34,5,12,27,7,6,0,102,1,1201,5,10,0,0,
~30,5,15,40,12,23,0,0,0,3,0,5,6,4,25,20,10,90,170,0,300,0,18000,30,5,40,34,34,5,12,27,7,6,0,102,1,1201,5,10,0,0,
~30,5,15,40,12,23,0,0,0,3,0,5,6,4,25,20,10,90,170,0,300,0,18000,30,5,40,33,33,5,12,27,7,6,0,102,1,1204,5,10,0,0,
~30,5,15,40,12,23,0,0,0,3,0,5,6,4,25,20,10,90,170,0,300,0,18000,30,5,40,33,33,5,12,27,7,6,0,102,1,1204,5,10,0,0,
~30,5,15,40,12,23,0,0,0,3,0,5,6,4,25,20,10,90,170,0,300,0,18000,30,5,40,35,34,5,12,27,7,6,0,102,1,1204,5,10,0,0,
~30,5,15,40,12,23,0,0,0,3,0,5,6,4,25,20,10,90,170,0,300,0,18000,30,5,40,35,34,5,12,27,7,6,0,102,1,1204,5,10,0,0,
~30,5,15,40,12,23,0,0,0,3,0,5,6,4,25,20,10,90,170,0,300,0,18000,30,5,40,34,34,5,12,27,7,6,0,102,1,1203,5,9,0,0,
~30,5,15,40,12,23,0,0,0,3,0,5,6,4,25,20,10,90,170,0,300,0,18000,30,5,40,35,34,5,12,26,7,6,0,102,1,1206,5,9,0,0,
~30,5,15,40,12,23,0,0,0,3,0,5,6,4,25,20,10,90,170,0,300,0,18000,30,5,40,35,34,5,12,26,7,6,0,102,1,1206,5,9,0,0,
~30,5,15,40,12,23,0,0,0,3,0,5,6,4,25,20,10,90,170,0,300,0,18000,30,5,40,35,34,5,12,27,7,6,0,102,1,1197,5,9,0,0,
~30,5,15,40,12,23,0,0,0,3,0,5,6,4,25,20,10,90,170,0,300,0,18000,30,5,40,35,34,5,12,27,7,6,0,102,1,1197,5,9,0,0,
~30,5,15,40,12,23,0,0,0,3,0,5,6,4,25,20,10,90,170,0,300,0,18000,30,5,40,35,34,5,12,27,7,6,0,102,1,1200,5,10,0,0,
~30,5,15,40,12,23,0,0,0,3,0,5,6,4,25,20,10,90,170,0,300,0,18000,30,5,40,35,34,5,12,27,7,6,0,102,1,1200,5,10,0,0,
~30,5,15,40,12,23,0,0,0,3,0,5,6,4,25,20,10,90,170,0,300,0,18000,30,5,40,34,34,5,12,27,7,6,0,102,1,1202,5,10,0,0,
~30,5,15,40,12,23,0,0,0,3,0,5,6,4,25,20,10,90,170,0,300,0,18000,30,5,40,34,34,5,12,27,7,6,0,102,1,1202,5,10,0,0,
~30,5,15,40,12,23,0,0,0,3,0,5,6,4,25,20,10,90,170,0,300,0,18000,30,5,40,35,34,5,12,27,7,6,0,102,1,1210,5,9,0,0,
~30,5,15,40,12,23,0,0,0,3,0,5,6,4,25,20,10,90,170,0,300,0,18000,30,5,40,35,34,5,12,27,7,6,0,102,1,1210,5,9,0,0,
~30,5,15,40,12,23,0,0,0,3,0,5,6,4,25,20,10,90,170,0,300,0,18000,30,5,40,35,34,5,12,27,7,6,0,102,1,1194,5,9,0,0,
~30,5,15,40,12,23,0,0,0,3,0,5,6,4,25,20,10,90,170,0,300,0,18000,30,5,40,35,34,5,12,27,7,6,0,102,1,1194,5,9,0,0,
~30,5,15,40,12,23,0,0,0,3,0,5,6,4,25,20,10,90,170,0,300,0,18000,30,5,40,36,34,5,12,27,7,6,0,102,1,1178,5,10,0,0,
~30,5,15,40,12,23,0,0,0,3,0,5,6,4,25,20,10,90,170,0,300,0,18000,30,5,40,36,34,5,12,27,7,6,0,102,1,1178,5,10,0,0,
~30,5,15,40,12,23,0,0,0,3,0,5,6,4,25,20,10,90,170,0,300,0,18000,30,5,40,35,34,5,12,27,7,6,0,102,1,1180,5,10,0,0,
~30,5,15,40,12,23,0,0,0,3,0,5,6,4,25,20,10,90,170,0,300,0,18000,30,5,40,35,34,5,12,27,7,6,0,102,1,1180,5,10,0,0,
~30,5,15,40,12,23,0,0,0,3,0,5,6,4,25,20,10,90,170,0,300,0,18000,30,5,40,35,34,5,12,27,7,6,0,102,1,1202,5,10,0,0,
~30,5,15,40,12,23,0,0,0,3,0,5,6,4,25,20,10,90,170,0,300,0,18000,30,5,40,35,34,5,12,27,7,6,0,102,1,1202,5,10,0,0,
~30,5,15,40,12,23,0,0,0,3,0,5,6,4,25,20,10,90,170,0,300,0,18000,30,5,40,35,34,5,12,27,7,6,0,102,1,1191,5,11,0,0,
~30,5,15,40,12,23,0,0,0,3,0,5,6,4,25,20,10,90,170,0,300,0,18000,30,5,40,35,34,5,12,27,7,6,0,102,1,1191,5,11,0,0,
~30,5,15,40,12,23,0,0,0,3,0,5,6,4,25,20,10,90,170,0,300,0,18000,30,5,40,35,34,5,12,27,7,6,0,102,1,1199,5,11,0,0,
~30,5,15,40,12,23,0,0,0,3,0,5,6,4,25,20,10,90,170,0,300,0,18000,30,5,40,35,34,5,12,27,7,6,0,102,1,1199,5,11,0,0,
~30,5,15,40,12,23,0,0,0,3,0,5,6,4,25,20,10,90,170,0,300,0,18000,30,5,40,33,34,5,12,27,7,6,0,102,1,1218,5,10,0,0,
~30,5,15,40,12,23,0,0,0,3,0,5,6,4,25,20,10,90,170,0,300,0,18000,30,5,40,33,34,5,12,27,7,6,0,102,1,1218,5,10,0,0,
~30,5,15,40,12,23,0,0,0,3,0,5,6,4,25,20,10,90,170,0,300,0,18000,30,5,40,35,33,5,12,27,7,6,0,102,2,1194,5,10,0,0,
~30,5,15,40,12,23,0,0,0,3,0,5,6,4,25,20,10,90,170,0,300,0,18000,30,5,40,35,34,5,12,27,7,6,0,101,2,1178,5,10,0,0,
~30,5,15,40,12,23,0,0,0,3,0,5,6,4,25,20,10,90,170,0,300,0,18000,30,5,40,35,34,5,12,27,7,6,0,101,2,1178,5,10,0,0,
~30,5,15,40,12,23,0,0,0,3,0,5,6,4,25,20,10,90,170,0,300,0,18000,30,5,40,35,34,5,12,27,7,6,0,101,2,1170,5,10,0,0,
~30,5,15,40,12,23,0,0,0,3,0,5,6,4,25,20,10,90,170,0,300,0,18000,30,5,40,35,34,5,12,27,7,6,0,101,2,1170,5,10,0,0,
~30,5,15,40,12,23,0,0,0,3,0,5,6,4,25,20,10,90,170,0,300,0,18000,30,5,40,34,34,5,12,27,7,6,0,101,1,1162,5,10,0,0,
~30,5,15,40,12,23,0,0,0,3,0,5,6,4,25,20,10,90,170,0,300,0,18000,30,5,40,34,34,5,12,27,7,6,0,101,1,1162,5,10,0,0,
~30,5,15,40,12,23,0,0,0,3,0,5,6,4,25,20,10,90,170,0,300,0,18000,30,5,40,35,34,5,12,27,7,6,0,101,1,1149,5,10,0,0,
~30,5,15,40,12,23,0,0,0,3,0,5,6,4,25,20,10,90,170,0,300,0,18000,30,5,40,35,34,5,12,27,7,6,0,101,1,1149,5,10,0,0,
~30,5,15,40,12,23,0,0,0,3,0,5,6,4,25,20,10,90,170,0,300,0,18000,30,5,40,35,34,5,12,27,7,6,0,101,1,1178,5,10,0,0,
~30,5,15,40,12,23,0,0,0,3,0,5,6,4,25,20,10,90,170,0,300,0,18000,30,5,40,35,34,5,12,27,7,6,0,101,1,1178,5,10,0,0,
~30,5,15,40,12,23,0,0,0,3,0,5,6,4,25,20,10,90,170,0,300,0,18000,30,5,40,36,35,5,12,27,7,6,0,101,1,1178,5,10,0,0,
~30,5,15,40,12,23,0,0,0,3,0,5,6,4,25,20,10,90,170,0,300,0,18000,30,5,40,36,35,5,12,27,7,6,0,101,1,1178,5,10,0,0,
~30,5,15,40,12,23,0,0,0,3,0,5,6,4,25,20,10,90,170,0,300,0,18000,30,5,40,33,34,5,12,27,7,6,0,101,1,1189,5,10,0,0,
~30,5,15,40,12,23,0,0,0,3,0,5,6,4,25,20,10,90,170,0,300,0,18000,30,5,40,33,34,5,12,27,7,6,0,101,1,1189,5,10,0,0,
~30,5,15,40,12,23,0,0,0,3,0,5,6,4,25,20,10,90,170,0,300,0,18000,30,5,40,35,34,5,12,27,7,6,0,101,1,1166,5,10,0,0,
~30,5,15,40,12,23,0,0,0,3,0,5,6,4,25,20,10,90,170,0,300,0,18000,30,6,40,35,34,6,12,27,7,6,0,101,1,1166,5,10,0,0,
~30,5,15,40,12,23,0,0,0,3,0,5,6,4,25,20,10,90,170,0,300,0,18000,30,6,40,35,34,6,12,27,7,6,0,101,1,1123,5,10,0,0,
~30,5,15,40,12,23,0,0,0,3,0,5,6,4,25,20,10,90,170,0,300,0,18000,30,5,40,35,34,5,12,27,7,6,0,101,1,1123,5,10,0,0,
~30,5,15,40,12,23,0,0,0,3,0,5,6,4,25,20,10,90,170,0,300,0,18000,30,5,40,34,34,5,12,27,7,6,0,101,1,1154,5,10,0,0,
~30,5,15,40,12,23,0,0,0,3,0,5,6,4,25,20,10,90,170,0,300,0,18000,30,5,40,34,34,5,12,27,7,6,0,101,1,1154,5,10,0,0,
~30,5,15,40,12,23,0,0,0,3,0,5,6,4,25,20,10,90,170,0,300,0,18000,30,5,40,35,34,5,12,27,7,6,0,101,1,1162,5,10,0,0,
~30,5,15,40,12,23,0,0,0,3,0,5,6,4,25,20,10,90,170,0,300,0,18000,30,5,40,35,34,5,12,27,7,6,0,101,1,1162,5,10,0,0,
~30,5,15,40,12,23,0,0,0,3,0,5,6,4,25,20,10,90,170,0,300,0,18000,30,5,40,35,34,5,12,27,7,6,0,101,1,1162,5,10,0,0,
~30,5,15,40,12,23,0,0,0,3,0,5,6,4,25,20,10,90,170,0,300,0,18000,30,5,40,36,35,5,12,27,7,6,0,101,1,1169,5,11,0,0,
~30,5,15,40,12,23,0,0,0,3,0,5,6,4,25,20,10,90,170,0,300,0,18000,30,5,40,36,35,5,12,27,7,6,0,101,1,1169,5,11,0,0,
~30,5,15,40,12,23,0,0,0,3,0,5,6,4,25,20,10,90,170,0,300,0,18000,30,5,40,34,34,5,12,27,7,6,0,102,1,1156,5,10,0,0,
~30,5,15,40,12,23,0,0,0,3,0,5,6,4,25,20,10,90,170,0,300,0,18000,30,5,40,34,34,5,12,27,7,6,0,102,1,1156,5,10,0,0,
~30,5,15,40,12,23,0,0,0,3,0,5,6,4,25,20,10,90,170,0,300,0,18000,30,5,40,34,34,5,12,27,7,6,0,102,1,1171,5,10,0,0,
~30,5,15,40,12,23,0,0,0,3,0,5,6,4,25,20,10,90,170,0,300,0,18000,30,5,40,34,34,5,12,27,7,6,0,102,1,1171,5,10,0,0,
~30,5,15,40,12,23,0,0,0,3,0,5,6,4,25,20,10,90,170,0,300,0,18000,30,5,40,34,34,5,12,27,7,6,0,102,1,1184,5,10,0,0,
~30,5,15,40,12,23,0,0,0,3,0,5,6,4,25,20,10,90,170,0,300,0,18000,30,6,40,34,34,6,12,27,7,6,0,102,1,1184,5,10,0,0,
~30,5,15,40,12,23,0,0,0,3,0,5,6,4,25,20,10,90,170,0,300,0,18000,30,6,40,34,34,6,12,27,7,6,0,102,1,1119,5,10,0,0,
~30,5,15,40,12,23,0,0,0,3,0,5,6,4,25,20,10,90,170,0,300,0,18000,30,5,40,34,34,5,12,27,7,6,0,102,1,1119,5,10,0,0,
~30,5,15,40,12,23,0,0,0,3,0,5,6,4,25,20,10,90,170,0,300,0,18000,30,5,40,34,34,5,12,27,7,6,0,102,0,1139,5,10,0,0,
~30,5,15,40,12,23,0,0,0,3,0,5,6,4,25,20,10,90,170,0,300,0,18000,30,5,40,34,34,5,12,27,7,6,0,102,0,1139,5,10,0,0,
~30,5,15,40,12,23,0,0,0,3,0,5,6,4,25,20,10,90,170,0,300,0,18000,30,5,40,34,34,5,12,27,7,6,0,102,0,1188,5,10,0,0,
~30,5,15,40,12,23,0,0,0,3,0,5,6,4,25,20,10,90,170,0,300,0,18000,30,5,40,34,34,5,12,27,7,6,0,102,0,1188,5,10,0,0,
~30,5,15,40,12,23,0,0,0,3,0,5,6,4,25,20,10,90,170,0,300,0,18000,30,5,40,34,34,5,12,27,7,6,0,102,0,1185,5,9,0,0,
~30,5,15,40,12,23,0,0,0,3,0,5,6,4,25,20,10,90,170,0,300,0,18000,30,5,40,34,34,5,12,27,7,6,0,102,0,1185,5,9,0,0,
~30,5,15,40,12,23,0,0,0,3,0,5,6,4,25,20,10,90,170,0,300,0,18000,30,5,40,35,34,5,12,27,7,6,0,102,0,1183,5,10,0,0,
~30,5,15,40,12,23,0,0,0,3,0,5,6,4,25,20,10,90,170,0,300,0,18000,30,5,40,35,34,5,12,27,7,6,0,102,0,1183,5,10,0,0,
~30,5,15,40,12,23,0,0,0,3,0,5,6,4,25,20,10,90,170,0,300,0,18000,30,5,40,35,34,5,12,27,7,6,0,102,1,1198,5,10,0,0,
~30,5,15,40,12,23,0,0,0,3,0,5,6,4,25,20,10,90,170,0,300,0,18000,30,5,40,35,34,5,12,27,7,6,0,102,1,1198,5,10,0,0,
~30,5,15,40,12,23,0,0,0,3,0,5,6,4,25,20,10,90,170,0,300,0,18000,30,5,40,35,34,5,12,27,7,6,0,102,1,1193,5,10,0,0,
~30,5,15,40,12,23,0,0,0,3,0,5,6,4,25,20,10,90,170,0,300,0,18000,30,5,40,35,34,5,12,27,7,6,0,102,1,1193,5,10,0,0,
~30,5,15,40,12,23,0,0,0,3,0,5,6,4,25,20,10,90,170,0,300,0,18000,30,5,40,34,34,5,12,27,7,6,0,102,1,1193,5,9,0,0,
~30,5,15,40,12,23,0,0,0,3,0,5,6,4,25,20,10,90,170,0,300,0,18000,30,5,40,34,34,5,12,27,7,6,0,102,1,1193,5,9,0,0,
~30,5,15,40,12,23,0,0,0,3,0,5,6,4,25,20,10,90,170,0,300,0,18000,30,5,40,34,34,5,12,27,7,6,0,102,0,1185,5,9,0,0,
~30,5,15,40,12,23,0,0,0,3,0,5,6,4,25,20,10,90,170,0,300,0,18000,30,5,40,34,34,5,12,27,7,6,0,102,0,1191,5,9,0,0,
~30,5,15,40,12,23,0,0,0,3,0,5,6,4,25,20,10,90,170,0,300,0,18000,30,5,40,34,34,5,12,27,7,6,0,102,0,1191,5,9,0,0,
~30,5,15,40,12,23,0,0,0,3,0,5,6,4,25,20,10,90,170,0,300,0,18000,30,5,40,33,33,5,12,27,7,6,0,102,0,1187,5,9,0,0,
~30,5,15,40,12,23,0,0,0,3,0,5,6,4,25,20,10,90,170,0,300,0,18000,30,5,40,33,33,5,12,27,7,6,0,102,0,1187,5,9,0,0,
~30,5,15,40,12,23,0,0,0,3,0,5,6,4,25,20,10,90,170,0,300,0,18000,30,5,40,35,34,5,12,27,7,6,0,102,0,1184,5,10,0,0,
~30,5,15,40,12,23,0,0,0,3,0,5,6,4,25,20,10,90,170,0,300,0,18000,30,5,40,35,34,5,12,27,7,6,0,102,0,1184,5,10,0,0,
~30,5,15,40,12,23,0,0,0,3,0,5,6,4,25,20,10,90,170,0,300,0,18000,30,5,40,35,34,5,12,27,7,6,0,102,0,1197,5,10,0,0,
~30,5,15,40,12,23,0,0,0,3,0,5,6,4,25,20,10,90,170,0,300,0,18000,30,5,40,35,34,5,12,27,7,6,0,102,0,1197,5,10,0,0,
~30,5,15,40,12,23,0,0,0,3,0,5,6,4,25,20,10,90,170,0,300,0,18000,30,5,40,35,34,5,12,27,7,6,0,102,1,1191,5,10,0,0,
~30,5,15,40,12,23,0,0,0,3,0,5,6,4,25,20,10,90,170,0,300,0,18000,30,5,40,35,34,5,12,27,7,6,0,102,1,1191,5,10,0,0,
~30,5,15,40,12,23,0,0,0,3,0,5,6,4,25,20,10,90,170,0,300,0,18000,30,5,40,34,34,5,12,27,7,6,0,102,0,1182,5,9,0,0,
~30,5,15,40,12,23,0,0,0,3,0,5,6,4,25,20,10,90,170,0,300,0,18000,30,5,40,34,34,5,12,27,7,6,0,102,0,1182,5,9,0,0,
~30,5,15,40,12,23,0,0,0,3,0,5,6,4,25,20,10,90,170,0,300,0,18000,30,5,40,36,34,5,12,27,7,6,0,102,1,1170,5,10,0,0,
~30,5,15,40,12,23,0,0,0,3,0,5,6,4,25,20,10,90,170,0,300,0,18000,30,5,40,36,34,5,12,27,7,6,0,102,1,1170,5,10,0,0,
~30,5,15,40,12,23,0,0,0,3,0,5,6,4,25,20,10,90,170,0,300,0,18000,30,5,40,35,34,5,12,27,7,6,0,102,1,1183,5,10,0,0,
~30,5,15,40,12,23,0,0,0,3,0,5,6,4,25,20,10,90,170,0,300,0,18000,30,5,40,35,34,5,12,27,7,6,0,102,1,1183,5,10,0,0,
~30,5,15,40,12,23,0,0,0,3,0,5,6,4,25,20,10,90,170,0,300,0,18000,30,5,40,35,34,5,12,27,7,6,0,102,1,1191,5,10,0,0,
~30,5,15,40,12,23,0,0,0,3,0,5,6,4,25,20,10,90,170,0,300,0,18000,30,5,40,35,34,5,12,27,7,6,0,102,1,1191,5,10,0,0,
~30,5,15,40,12,23,0,0,0,3,0,5,6,4,25,20,10,90,170,0,300,0,18000,30,5,40,34,34,5,12,27,7,6,0,102,1,1187,5,9,0,0,
~30,5,15,40,12,23,0,0,0,3,0,5,6,4,25,20,10,90,170,0,300,0,18000,30,5,40,34,34,5,12,27,7,6,0,102,1,1187,5,9,0,0,
~30,5,15,40,12,23,0,0,0,3,0,5,6,4,25,20,10,90,170,0,300,0,18000,30,5,40,35,34,5,12,27,7,6,0,102,1,1184,5,10,0,0,
~30,5,15,40,12,23,0,0,0,3,0,5,6,4,25,20,10,90,170,0,300,0,18000,30,5,40,35,34,5,12,27,7,6,0,102,1,1184,5,10,0,0,
~30,5,15,40,12,23,0,0,0,3,0,5,6,4,25,20,10,90,170,0,300,0,18000,30,5,40,35,34,5,12,27,7,6,0,102,1,1192,5,10,0,0,
~30,5,15,40,12,23,0,0,0,3,0,5,6,4,25,20,10,90,170,0,300,0,18000,30,5,40,35,34,5,12,27,7,6,0,102,1,1192,5,10,0,0,
~30,5,15,40,12,23,0,0,0,3,0,5,6,4,25,20,10,90,170,0,300,0,18000,30,5,40,35,34,5,12,27,7,6,0,102,1,1180,5,10,0,0,
~30,5,15,40,12,23,0,0,0,3,0,5,6,4,25,20,10,90,170,0,300,0,18000,30,5,40,35,34,5,12,27,7,6,0,102,1,1169,5,9,0,0,
~30,5,15,40,12,23,0,0,0,3,0,5,6,4,25,20,10,90,170,0,300,0,18000,30,5,40,35,34,5,12,27,7,6,0,102,1,1169,5,9,0,0,
~30,5,15,40,12,23,0,0,0,3,0,5,6,4,25,20,10,90,170,0,300,0,18000,30,5,40,35,34,5,12,27,7,6,0,102,1,1162,5,10,0,0,
~30,5,15,40,12,23,0,0,0,3,0,5,6,4,25,20,10,90,170,0,300,0,18000,30,5,40,35,34,5,12,27,7,6,0,102,1,1162,5,10,0,0,
~30,5,15,40,12,23,0,0,0,3,0,5,6,4,25,20,10,90,170,0,300,0,18000,30,5,40,35,34,5,12,27,7,6,0,102,1,1159,5,10,0,0,
~30,5,15,40,12,23,0,0,0,3,0,5,6,4,25,20,10,90,170,0,300,0,18000,30,5,40,35,34,5,12,27,7,6,0,102,1,1159,5,10,0,0,
~30,5,15,40,12,23,0,0,0,3,0,5,6,4,25,20,10,90,170,0,300,0,18000,30,5,40,36,38,5,12,27,7,7,0,102,1,1155,5,10,0,0,
~30,5,15,40,12,23,0,0,0,3,0,5,6,4,25,20,10,90,170,0,300,0,18000,30,5,40,36,38,5,12,27,7,7,0,102,1,1155,5,10,0,0,
~30,5,15,40,12,23,0,0,0,3,0,5,6,4,25,20,10,90,170,0,300,0,18000,30,3,40,0,52,3,13,27,8,6,0,105,1,873,5,8,0,0,
~30,5,15,40,12,23,0,0,0,3,0,5,6,4,25,20,10,90,170,0,300,0,18000,31,3,40,0,52,3,13,27,8,6,1,105,1,873,5,8,0,0,
~30,5,15,40,12,23,0,0,0,3,0,5,6,4,25,20,10,90,170,0,300,0,18000,31,3,40,329,57,3,13,27,8,6,1,107,9,1213,14,6,0,0,
~30,5,15,40,12,23,0,0,0,3,0,5,6,4,25,20,10,90,170,0,300,0,18000,31,4,40,329,57,4,12,27,8,6,2,107,9,1213,14,6,0,0,
~30,5,15,40,12,23,0,0,0,3,0,5,6,4,25,20,10,90,170,0,300,0,18000,31,4,41,2,57,4,12,27,8,6,2,109,9,1213,14,6,0,0,
~30,5,15,40,12,23,0,0,0,3,0,5,6,4,25,20,10,90,170,0,300,0,18000,31,4,40,2,57,4,12,27,8,6,4,109,9,1213,14,6,0,0,
~30,5,15,40,12,23,0,0,0,3,0,5,6,4,25,20,10,90,170,0,300,0,18000,31,3,40,4,113,3,12,27,8,6,4,106,18,1163,28,6,0,0,
~30,5,15,40,12,23,0,0,0,3,0,5,6,4,25,20,10,90,170,0,300,0,18000,30,3,40,4,113,3,12,27,8,6,5,106,18,1163,28,6,0,0,
~30,5,15,40,12,23,0,0,0,3,0,5,6,4,25,20,10,90,170,0,300,0,18000,30,4,40,303,83,4,12,27,8,6,5,129,24,1513,30,6,0,0,
~30,5,15,40,12,23,0,0,0,3,0,5,6,4,25,20,10,90,170,0,300,0,18000,31,4,40,303,83,4,12,27,8,6,8,129,24,1513,30,6,0,53,
~30,5,15,40,12,23,0,0,0,3,0,5,6,4,25,20,10,90,170,0,300,0,18000,31,4,40,4,71,4,12,27,8,6,8,133,29,1672,33,6,0,53,
~30,5,15,40,12,23,0,0,0,3,0,5,6,4,25,20,10,90,170,0,300,0,18000,31,4,40,4,71,4,12,27,8,6,8,133,29,1672,33,6,0,53,
~30,5,15,40,12,23,0,0,0,3,0,5,6,4,25,20,10,90,170,0,300,0,18000,31,4,40,290,153,4,12,27,8,6,8,137,31,1332,34,6,0,53,
~30,5,15,40,12,23,0,0,0,3,0,5,6,4,25,20,10,90,170,0,300,0,18000,31,4,40,290,153,4,12,27,8,6,10,137,31,1332,34,6,0,53,
~30,5,15,40,12,23,0,0,0,3,0,5,6,4,25,20,10,90,170,0,300,0,18000,31,4,40,314,208,4,12,27,8,6,10,149,31,1041,36,6,0,53,
~30,5,15,40,12,23,0,0,0,3,0,5,6,4,25,20,10,90,170,0,300,0,18000,31,4,40,314,208,4,12,27,8,6,11,166,31,1041,36,6,0,53,
~30,5,15,40,12,23,0,0,0,3,0,5,6,4,25,20,10,90,170,0,300,0,18000,31,4,40,314,208,4,12,27,8,6,13,166,31,1041,36,6,0,53,
~30,5,15,40,12,23,0,0,0,3,0,5,6,4,25,20,10,90,170,0,300,0,18000,31,5,40,71,151,5,12,27,8,6,13,163,28,1097,27,5,0,53,
~30,5,15,40,12,23,0,0,0,3,0,5,6,4,25,20,10,90,170,0,300,0,18000,30,5,40,71,151,5,12,27,8,6,13,163,28,1097,27,5,0,53,
~30,5,15,40,12,23,0,0,0,3,0,5,6,4,25,20,10,90,170,0,300,0,18000,30,5,40,37,113,5,12,27,7,6,13,175,25,1130,20,4,0,0,
~30,5,15,40,12,23,0,0,0,3,0,5,6,4,25,20,10,90,170,0,300,0,18000,30,5,40,37,113,5,12,27,7,6,13,175,25,1130,20,4,0,0,
~30,5,15,40,12,23,0,0,0,3,0,5,6,4,25,20,10,90,170,0,300,0,18000,30,5,40,36,87,5,12,27,7,6,13,183,22,1154,15,4,0,0,
~30,5,15,40,12,23,0,0,0,3,0,5,6,4,25,20,10,90,170,0,300,0,18000,30,5,40,36,87,5,12,27,7,6,13,183,22,1154,15,4,0,0,
~30,5,15,40,12,23,0,0,0,3,0,5,6,4,25,20,10,90,170,0,300,0,18000,30,5,40,36,70,5,12,27,7,6,13,188,20,1162,11,4,0,0,
~30,5,15,40,12,23,0,0,0,3,0,5,6,4,25,20,10,90,170,0,300,0,18000,30,5,40,36,70,5,12,27,7,6,13,188,20,1162,11,4,0,0,
~30,5,15,40,12,23,0,0,0,3,0,5,6,4,25,20,10,90,170,0,300,0,18000,30,5,40,36,58,5,12,27,7,6,13,192,18,1166,9,4,0,0,
~30,5,15,40,12,23,0,0,0,3,0,5,6,4,25,20,10,90,170,0,300,0,18000,30,5,40,36,58,5,12,27,7,6,13,192,18,1166,9,4,0,0,
~30,5,15,40,12,23,0,0,0,3,0,5,6,4,25,20,10,90,170,0,300,0,18000,30,5,40,36,49,5,12,27,7,6,13,194,16,1170,8,5,0,0,
~30,5,15,40,12,23,0,0,0,3,0,5,6,4,25,20,10,90,170,0,300,0,18000,30,5,40,36,49,5,12,27,7,6,13,194,16,1170,8,5,0,0,
~30,5,15,40,12,23,0,0,0,3,0,5,6,4,25,20,10,90,170,0,300,0,18000,30,5,40,36,45,5,12,27,7,6,13,196,15,1168,7,5,0,0,
~30,5,15,40,12,23,0,0,0,3,0,5,6,4,25,20,10,90,170,0,300,0,18000,30,5,40,36,45,5,12,27,7,6,13,196,15,1168,7,5,0,0,
~30,5,15,40,12,23,0,0,0,3,0,5,6,4,25,20,10,90,170,0,300,0,18000,30,5,40,36,42,5,12,27,7,6,13,197,13,1182,6,6,0,0,
~30,5,15,40,12,23,0,0,0,3,0,5,6,4,25,20,10,90,170,0,300,0,18000,30,5,40,36,42,5,12,27,7,6,13,197,13,1182,6,6,0,0,
~30,5,15,40,12,23,0,0,0,3,0,5,6,4,25,20,10,90,170,0,300,0,18000,30,5,40,35,39,5,12,27,7,6,13,197,12,1192,5,7,0,0,
~30,5,15,40,12,23,0,0,0,3,0,5,6,4,25,20,10,90,170,0,300,0,18000,30,5,40,35,39,5,12,27,7,6,13,197,12,1192,5,7,0,0,
~30,5,15,40,12,23,0,0,0,3,0,5,6,4,25,20,10,90,170,0,300,0,18000,30,5,40,36,38,5,12,27,7,6,13,198,10,1183,5,8,0,0,
~30,5,15,40,12,23,0,0,0,3,0,5,6,4,25,20,10,90,170,0,300,0,18000,30,5,40,36,38,5,12,27,7,6,13,198,10,1183,5,8,0,0,
~30,5,15,40,12,23,0,0,0,3,0,5,6,4,25,20,10,90,170,0,300,0,18000,30,5,40,36,37,5,12,27,7,6,13,198,9,1182,5,9,0,0,
~30,5,15,40,12,23,0,0,0,3,0,5,6,4,25,20,10,90,170,0,300,0,18000,30,5,40,36,37,5,12,27,7,6,13,198,9,1182,5,9,0,0,
~30,5,15,40,12,23,0,0,0,3,0,5,6,4,25,20,10,90,170,0,300,0,18000,30,5,40,35,36,5,12,27,7,6,13,199,8,1186,5,9,0,0,
~30,5,15,40,12,23,0,0,0,3,0,5,6,4,25,20,10,90,170,0,300,0,18000,30,5,40,35,35,5,12,27,7,6,13,199,8,1173,5,9,0,0,
~30,5,15,40,12,23,0,0,0,3,0,5,6,4,25,20,10,90,170,0,300,0,18000,30,5,40,35,35,5,12,27,7,6,13,199,8,1173,5,9,0,0,
~30,5,15,40,12,23,0,0,0,3,0,5,6,4,25,20,10,90,170,0,300,0,18000,30,5,40,35,35,5,12,27,7,6,13,199,7,1166,5,10,0,0,
~30,5,15,40,12,23,0,0,0,3,0,5,6,4,25,20,10,90,170,0,300,0,18000,30,5,40,35,35,5,12,27,7,6,13,199,7,1166,5,10,0,0,
~30,5,15,40,12,23,0,0,0,3,0,5,6,4,25,20,10,90,170,0,300,0,18000,30,5,40,36,35,5,12,27,7,6,13,199,6,1183,5,10,0,0,
~30,5,15,40,12,23,0,0,0,3,0,5,6,4,25,20,10,90,170,0,300,0,18000,30,5,40,36,35,5,12,27,7,6,13,199,6,1183,5,10,0,0,
~30,5,15,40,12,23,0,0,0,3,0,5,6,4,25,20,10,90,170,0,300,0,18000,30,5,40,35,35,5,12,27,7,6,13,199,6,1201,5,10,0,0,
~30,5,15,40,12,23,0,0,0,3,0,5,6,4,25,20,10,90,170,0,300,0,18000,30,5,40,35,35,5,12,27,7,6,13,199,6,1201,5,10,0,0,
~30,5,15,40,12,23,0,0,0,3,0,5,6,4,25,20,10,90,170,0,300,0,18000,30,5,40,34,35,5,12,27,7,6,13,199,5,1204,5,10,0,0,
~30,5,15,40,12,23,0,0,0,3,0,5,6,4,25,20,10,90,170,0,300,0,18000,30,5,40,34,35,5,12,27,7,6,13,199,5,1204,5,10,0,0,
~30,5,15,40,12,23,0,0,0,3,0,5,6,4,25,20,10,90,170,0,300,0,18000,30,5,40,36,35,5,12,27,7,6,13,199,5,1180,5,10,0,0,
~30,5,15,40,12,23,0,0,0,3,0,5,6,4,25,20,10,90,170,0,300,0,18000,30,5,40,36,35,5,12,27,7,6,13,199,5,1180,5,10,0,0,
~30,5,15,40,12,23,0,0,0,3,0,5,6,4,25,20,10,90,170,0,300,0,18000,30,5,40,3,36,5,12,27,7,6,13,199,4,1187,5,10,0,0,
~30,5,15,40,12,23,0,0,0,3,0,5,6,4,25,20,10,90,170,0,300,0,18000,30,4,40,3,36,4,12,27,7,6,13,199,4,1187,5,10,0,0,
~30,5,15,40,12,23,0,0,0,3,0,5,6,4,25,20,10,90,170,0,300,0,18000,30,4,40,0,30,4,12,27,7,6,13,200,13,1428,17,8,0,0,
~30,5,15,40,12,23,0,0,0,3,0,5,6,4,25,20,10,90,170,0,300,0,18000,30,5,40,0,30,5,12,27,7,6,14,200,13,1428,17,8,0,0,
~30,5,15,40,12,23,0,0,0,3,0,5,6,4,25,20,10,90,170,0,300,0,18000,30,5,40,36,48,5,12,27,7,6,14,199,11,1101,13,8,0,0,30,5,15,40,12,23,0,0,0,3,0,5,6,4,25,20,10,90,170,0,300,0,18000,30,3,40,36,48,3,12,27,8,6,14,199,11,1101,13,8,0,0,
~30,5,15,40,12,23,0,0,0,3,0,5,6,4,25,20,10,90,170,0,300,0,18000,30,3,40,0,43,3,12,27,8,6,14,197,19,1243,23,8,0,0,
~30,5,15,40,12,23,0,0,0,3,0,5,6,4,25,20,10,90,170,0,300,0,18000,29,5,40,0,43,5,15,27,9,6,14,197,19,1243,23,8,0,0,
~30,5,15,40,12,23,0,0,0,3,0,5,6,4,25,20,10,90,170,0,300,0,18000,29,5,40,5,39,5,12,27,8,7,14,196,17,1909,15,6,0,0,
~30,5,15,40,12,23,0,0,0,3,0,5,6,4,25,20,10,90,170,0,300,0,18000,29,5,40,5,39,5,12,27,8,7,13,196,17,1909,15,6,0,0,
~30,5,15,40,12,23,0,0,0,3,0,5,6,4,25,20,10,90,170,0,300,0,18000,29,5,40,0,34,5,12,27,8,7,13,194,24,1755,23,6,0,0,
~30,5,15,40,12,23,0,0,0,3,0,5,6,4,25,20,10,90,170,0,300,0,18000,29,3,40,0,34,3,12,27,8,7,12,194,24,1755,23,6,0,53,
~30,5,15,40,12,23,0,0,0,3,0,5,6,4,25,20,10,90,170,0,300,0,18000,30,3,40,276,27,3,12,27,8,7,12,198,30,3392,26,7,0,53,
~30,5,15,40,12,23,0,0,0,3,0,5,6,4,25,20,10,90,170,0,300,0,18000,30,5,40,37,47,5,12,27,8,7,12,174,27,2375,19,6,0,53,
~30,5,15,40,12,23,0,0,0,3,0,5,6,4,25,20,10,90,170,0,300,0,18000,29,4,40,37,47,4,12,27,8,7,9,174,27,2375,19,6,0,53,
~30,5,15,40,12,23,0,0,0,3,0,5,6,4,25,20,10,90,170,0,300,0,18000,29,4,40,316,140,4,12,27,8,7,9,171,30,1726,26,6,0,53,
~30,5,15,40,12,23,0,0,0,3,0,5,6,4,25,20,10,90,170,0,300,0,18000,29,4,40,316,140,4,12,27,8,6,10,171,30,1726,26,6,0,53,
~30,5,15,40,12,23,0,0,0,3,0,5,6,4,25,20,10,90,170,0,300,0,18000,29,4,40,295,98,4,12,27,8,6,10,178,33,1993,29,6,0,53,
~30,5,15,40,12,23,0,0,0,3,0,5,6,4,25,20,10,90,170,0,300,0,18000,29,5,40,295,98,5,12,27,8,6,9,178,33,1993,29,6,0,53,
~30,5,15,40,12,23,0,0,0,3,0,5,6,4,25,20,10,90,170,0,300,0,18000,29,5,40,41,77,5,12,27,8,6,9,172,30,1738,21,5,0,53,
~30,5,15,40,12,23,0,0,0,3,0,5,6,4,25,20,10,90,170,0,300,0,18000,29,5,40,41,77,5,12,27,7,6,8,172,30,1738,21,5,0,53,
~30,5,15,40,12,23,0,0,0,3,0,5,6,4,25,20,10,90,170,0,300,0,18000,29,5,40,37,63,5,12,27,7,6,8,159,27,1560,16,4,0,53,
~30,5,15,40,12,23,0,0,0,3,0,5,6,4,25,20,10,90,170,0,300,0,18000,29,5,40,37,63,5,12,27,7,6,6,159,27,1560,16,4,0,0,
~30,5,15,40,12,23,0,0,0,3,0,5,6,4,25,20,10,90,170,0,300,0,18000,29,5,40,37,54,5,12,27,7,6,6,165,24,1457,13,4,0,0,
~30,5,15,40,12,23,0,0,0,3,0,5,6,4,25,20,10,90,170,0,300,0,18000,30,5,40,37,54,5,12,27,7,6,6,165,24,1457,13,4,0,0,
~30,5,15,40,12,23,0,0,0,3,0,5,6,4,25,20,10,90,170,0,300,0,18000,30,5,40,36,48,5,12,27,7,6,6,156,22,1355,10,4,0,0,
~30,5,15,40,12,23,0,0,0,3,0,5,6,4,25,20,10,90,170,0,300,0,18000,30,5,40,36,48,5,12,27,7,6,6,156,22,1355,10,4,0,0,
~30,5,15,40,12,23,0,0,0,3,0,5,6,4,25,20,10,90,170,0,300,0,18000,30,5,40,36,44,5,12,27,7,6,6,149,20,1296,8,5,0,0,
~30,5,15,40,12,23,0,0,0,3,0,5,6,4,25,20,10,90,170,0,300,0,18000,30,5,40,36,44,5,12,27,7,6,6,149,20,1296,8,5,0,0,
~30,5,15,40,12,23,0,0,0,3,0,5,6,4,25,20,10,90,170,0,300,0,18000,30,5,40,36,41,5,12,27,7,6,6,145,18,1257,7,5,0,0,
~30,5,15,40,12,23,0,0,0,3,0,5,6,4,25,20,10,90,170,0,300,0,18000,30,5,40,36,41,5,12,27,7,6,6,145,18,1257,7,5,0,0,
~30,5,15,40,12,23,0,0,0,3,0,5,6,4,25,20,10,90,170,0,300,0,18000,30,5,40,36,38,5,12,27,7,6,6,142,16,1234,6,6,0,0,
~30,5,15,40,12,23,0,0,0,3,0,5,6,4,25,20,10,90,170,0,300,0,18000,30,5,40,36,38,5,12,27,7,6,6,142,16,1234,6,6,0,0,
~30,5,15,40,12,23,0,0,0,3,0,5,6,4,25,20,10,90,170,0,300,0,18000,30,5,40,34,37,5,12,27,7,6,6,140,14,1221,6,6,0,0,
~30,5,15,40,12,23,0,0,0,3,0,5,6,4,25,20,10,90,170,0,300,0,18000,30,5,40,34,37,5,12,27,7,6,6,140,14,1221,6,6,0,0,
~30,5,15,40,12,23,0,0,0,3,0,5,6,4,25,20,10,90,170,0,300,0,18000,30,5,40,36,36,5,12,27,7,6,6,139,13,1217,5,8,0,0,
~30,5,15,40,12,23,0,0,0,3,0,5,6,4,25,20,10,90,170,0,300,0,18000,30,5,40,36,36,5,12,27,7,6,6,138,11,1210,5,9,0,0,
~30,5,15,40,12,23,0,0,0,3,0,5,6,4,25,20,10,90,170,0,300,0,18000,30,5,40,36,36,5,12,27,7,6,6,138,11,1210,5,9,0,0,
~30,5,15,40,12,23,0,0,0,3,0,5,6,4,25,20,10,90,170,0,300,0,18000,30,5,40,35,36,5,12,27,7,6,6,137,10,1210,5,9,0,0,
~30,5,15,40,12,23,0,0,0,3,0,5,6,4,25,20,10,90,170,0,300,0,18000,30,5,40,35,36,5,12,27,7,6,6,137,10,1210,5,9,0,0,
~30,5,15,40,12,23,0,0,0,3,0,5,6,4,25,20,10,90,170,0,300,0,18000,30,5,40,35,35,5,12,27,7,6,6,137,9,1189,5,9,0,0,
~30,5,15,40,12,23,0,0,0,3,0,5,6,4,25,20,10,90,170,0,300,0,18000,30,5,40,35,35,5,12,27,7,6,6,137,9,1189,5,9,0,0,
~30,5,15,40,12,23,0,0,0,3,0,5,6,4,25,20,10,90,170,0,300,0,18000,30,5,40,35,35,5,12,27,7,6,6,137,8,1181,5,9,0,0,
~30,5,15,40,12,23,0,0,0,3,0,5,6,4,25,20,10,90,170,0,300,0,18000,30,5,40,35,35,5,12,27,7,6,6,137,8,1181,5,9,0,0,
~30,5,15,40,12,23,0,0,0,3,0,5,6,4,25,20,10,90,170,0,300,0,18000,30,5,40,35,35,5,12,27,7,6,6,136,7,1201,5,9,0,0,
~30,5,15,40,12,23,0,0,0,3,0,5,6,4,25,20,10,90,170,0,300,0,18000,30,5,40,35,35,5,12,27,7,6,6,136,7,1201,5,9,0,0,
~30,5,15,40,12,23,0,0,0,3,0,5,6,4,25,20,10,90,170,0,300,0,18000,30,5,40,35,34,5,12,27,7,6,6,136,7,1203,5,9,0,0,
~30,7,15,40,12,23,0,0,0,3,0,5,6,4,25,20,20,100,170,0,300,0,18000,30,5,40,35,34,5,12,27,7,6,6,136,7,1203,5,9,0,0,
~30,6,15,40,12,23,0,0,0,3,0,5,6,4,25,20,10,100,170,0,300,0,18000,30,5,40,35,31,5,12,27,7,6,6,136,7,1279,5,11,0,0,
~30,6,15,40,12,23,0,0,0,3,0,5,6,4,25,20,10,100,170,0,300,0,18000,30,6,40,35,31,6,13,27,7,6,6,136,7,1279,5,11,0,0,
~30,6,15,40,12,23,0,0,0,3,0,5,6,4,25,20,10,100,170,0,300,0,18000,30,6,40,-4,31,6,13,27,7,6,6,139,7,1279,5,11,0,0,
~30,6,15,40,12,23,0,0,0,3,0,5,6,4,25,20,10,100,170,0,300,0,18000,31,6,40,-4,31,6,12,27,7,7,7,139,7,1279,5,11,0,0,
~30,7,15,40,12,23,0,0,0,3,0,5,6,4,25,20,20,100,170,0,300,0,18000,31,6,40,30,31,6,12,27,6,7,7,136,6,1230,5,9,0,0,30,7,15,40,12,23,0,0,0,3,0,5,6,4,25,20,20,100,170,0,300,0,18000,30,6,40,30,31,6,12,27,6,7,7,136,6,1230,5,9,0,0,
~30,7,15,40,12,23,0,0,0,3,0,5,6,4,25,20,20,100,170,0,300,0,18000,30,6,40,29,30,6,12,27,6,7,7,135,5,1200,5,10,0,0,
~30,7,15,40,12,23,0,0,0,3,0,5,6,4,25,20,20,100,170,0,300,0,18000,30,7,40,29,30,7,12,27,6,7,7,135,5,1200,5,10,0,0,
~30,7,15,40,11,23,0,0,0,3,0,5,6,4,25,20,20,90,160,0,300,0,18000,30,7,40,26,28,7,12,27,6,7,7,135,5,1179,5,10,0,0,
~30,7,15,40,11,23,0,0,0,3,0,5,6,4,25,20,20,90,160,0,300,0,18000,30,5,40,26,28,5,12,27,6,7,8,135,5,1179,5,10,0,0,
~30,6,15,40,11,23,0,0,0,3,0,5,6,4,25,20,10,90,160,0,300,0,18000,30,5,40,22,26,5,12,27,6,7,8,134,4,1359,4,10,0,0,
~30,6,15,40,11,23,0,0,0,3,0,5,6,4,25,20,10,90,160,0,300,0,18000,30,6,40,22,26,6,11,27,6,7,8,134,4,1359,4,10,0,0,
~30,6,15,40,11,23,0,0,0,3,0,5,6,4,25,20,10,90,160,0,300,0,18000,30,6,40,17,23,6,11,27,6,7,8,133,4,1408,4,9,0,0,
~30,6,15,40,11,23,0,0,0,3,0,5,6,4,25,20,10,90,160,0,300,0,18000,30,6,40,23,23,6,11,27,6,7,7,132,3,1326,4,10,0,0,
~30,6,15,40,11,23,0,0,0,3,0,5,6,4,25,20,10,90,160,0,300,0,18000,30,6,40,23,23,6,11,27,6,7,7,132,3,1326,4,10,0,0,
~30,6,15,40,11,23,0,0,0,3,0,5,6,4,25,20,10,90,160,0,300,0,18000,30,6,40,23,23,6,11,27,5,7,7,130,3,1247,4,10,0,0,
~30,6,15,40,11,23,0,0,0,3,0,5,6,4,25,20,10,90,160,0,300,0,18000,30,6,40,23,23,6,11,27,5,7,6,130,3,1247,4,10,0,0,
~30,6,15,40,11,23,0,0,0,3,0,5,6,4,25,20,10,90,160,0,300,0,18000,30,6,40,23,23,6,11,27,5,7,6,128,3,1214,4,11,0,0,
~30,6,15,40,11,23,0,0,0,3,0,5,6,4,25,20,10,90,160,0,300,0,18000,30,6,40,23,23,6,11,27,5,7,6,128,3,1214,4,11,0,0,
~30,5,15,40,11,23,0,0,0,3,0,5,6,4,25,20,10,90,160,0,300,0,18000,30,6,40,23,23,6,11,27,5,7,6,126,2,1168,4,11,0,0,
~30,5,15,40,11,23,0,0,0,3,0,5,6,4,25,20,10,90,160,0,300,0,18000,30,5,40,23,23,5,11,27,5,7,5,126,2,1168,4,11,0,0,
~30,5,15,40,11,23,0,0,0,3,0,5,6,4,25,20,10,90,160,0,300,0,18000,30,5,40,23,25,5,11,27,5,7,5,125,2,1228,4,12,0,0,
~30,5,15,40,11,23,0,0,0,3,0,5,6,4,25,20,10,90,160,0,300,0,18000,30,5,40,23,25,5,11,27,6,6,4,125,2,1228,4,12,0,0,
~30,5,15,40,11,23,0,0,0,3,0,5,6,4,25,20,10,90,160,0,300,0,18000,30,5,40,29,26,5,11,27,6,6,4,125,3,1186,4,12,0,0,
~30,5,15,40,10,23,0,0,0,3,0,5,6,4,25,20,10,80,150,0,300,0,18000,30,5,40,29,26,5,11,27,6,6,4,125,3,1186,4,12,0,0,
~30,5,15,40,10,23,0,0,0,3,0,5,6,4,25,20,10,80,150,0,300,0,18000,30,5,40,29,27,5,11,27,6,6,4,123,3,1174,4,12,0,0,
~30,5,15,40,10,23,0,0,0,3,0,5,6,4,25,20,10,80,150,0,300,0,18000,30,5,40,29,27,5,10,27,6,6,3,123,3,1174,4,12,0,0,
~30,5,15,40,10,23,0,0,0,3,0,5,6,4,25,20,10,80,150,0,300,0,18000,30,5,40,23,25,5,10,27,6,6,3,112,3,1166,4,10,0,0,
~30,6,15,40,10,23,0,0,0,3,0,5,6,4,25,20,10,80,150,0,300,0,18000,30,5,40,23,25,5,10,27,5,6,2,112,3,1166,4,10,0,0,
~30,6,15,40,10,23,0,0,0,3,0,5,6,4,25,20,10,80,150,0,300,0,18000,30,5,40,23,24,5,10,27,5,6,2,104,2,1167,4,11,0,0,
~30,6,15,40,10,23,0,0,0,3,0,5,6,4,25,20,10,80,150,0,300,0,18000,30,5,40,23,24,5,11,27,6,6,2,104,2,1167,4,11,0,0,
~30,6,15,40,12,23,0,0,0,3,0,5,6,4,25,20,10,100,170,0,300,0,18000,30,5,40,26,23,5,11,27,6,6,2,99,3,1270,4,14,0,0,
~30,6,15,40,12,23,0,0,0,3,0,5,6,4,25,20,10,100,170,0,300,0,18000,30,6,40,26,23,6,10,27,5,6,2,99,3,1270,4,14,0,0,
~30,6,15,40,12,23,0,0,0,3,0,5,6,4,25,20,10,100,170,0,300,0,18000,30,6,40,17,21,6,10,27,5,6,2,95,3,1200,4,11,0,0,
~30,6,15,40,12,23,0,0,0,3,0,5,6,4,25,20,10,100,170,0,300,0,18000,30,6,40,17,21,6,12,27,5,6,2,95,3,1200,4,11,0,0,
~30,6,15,40,13,23,0,0,0,3,0,5,6,4,25,20,10,100,180,0,300,0,18000,30,6,40,27,23,6,12,27,5,6,2,92,4,1189,4,21,0,0,
~30,6,15,40,13,23,0,0,0,3,0,5,6,4,25,20,10,100,180,0,300,0,18000,30,6,40,27,23,6,12,27,6,6,2,92,4,1189,4,21,0,0,
~30,6,15,40,13,23,0,0,0,3,0,5,6,4,25,20,10,100,180,0,300,0,18000,30,6,40,29,25,6,12,27,6,6,2,89,5,1194,4,18,0,0,
~30,6,15,40,13,23,0,0,0,3,0,5,6,4,25,20,10,100,180,0,300,0,18000,30,6,40,34,28,6,13,27,6,7,2,87,6,1178,4,18,0,0,
~30,6,15,40,15,23,0,0,0,3,0,5,6,4,25,20,10,120,200,0,300,0,18000,30,6,40,34,28,6,13,27,6,7,2,87,6,1178,4,18,0,0,
~30,6,15,40,15,23,0,0,0,3,0,5,6,4,25,20,10,120,200,0,300,0,18000,30,6,40,34,30,6,13,27,6,7,2,86,6,1202,4,16,0,0,
~30,6,15,40,15,23,0,0,0,3,0,5,6,4,25,20,10,120,200,0,300,0,18000,30,6,40,34,30,6,15,27,7,7,2,86,6,1202,4,16,0,0,
~30,6,15,40,15,23,0,0,0,3,0,5,6,4,25,20,10,120,200,0,300,0,18000,30,6,40,46,34,6,15,27,7,7,2,85,8,1209,4,19,0,0,
~30,5,15,40,15,23,0,0,0,3,0,5,6,4,25,20,10,120,200,0,300,0,18000,30,5,40,46,34,5,15,27,8,7,2,85,8,1209,4,19,0,0,
~30,5,15,40,15,23,0,0,0,3,0,5,6,4,25,20,10,120,200,0,300,0,18000,30,5,40,46,40,5,15,27,8,7,2,85,9,1250,4,17,0,0,
~30,5,15,40,15,23,0,0,0,3,0,5,6,4,25,20,10,120,200,0,300,0,18000,30,5,40,46,40,5,15,27,9,7,2,85,9,1250,4,17,0,0,
~30,5,15,40,15,23,0,0,0,3,0,5,6,4,25,20,10,120,200,0,300,0,18000,30,5,40,51,42,5,15,27,9,7,2,85,9,1232,4,15,0,0,
~30,5,15,40,14,23,0,0,0,3,0,5,6,4,25,20,10,110,190,0,300,0,18000,30,5,40,51,42,5,15,27,9,7,2,85,9,1232,4,15,0,0,
~30,5,15,40,14,23,0,0,0,3,0,5,6,4,25,20,10,110,190,0,300,0,18000,30,5,40,52,45,5,15,27,9,7,2,86,10,1222,4,15,0,0,
~30,5,15,40,14,23,0,0,0,3,0,5,6,4,25,20,10,110,190,0,300,0,18000,30,5,40,52,45,5,14,27,9,7,2,86,10,1222,4,15,0,0,
~30,5,15,40,15,23,0,0,0,3,0,5,6,4,25,20,10,120,200,0,300,0,18000,30,5,40,46,45,5,14,27,9,7,2,87,9,1220,4,12,0,0,
~30,5,15,40,15,23,0,0,0,3,0,5,6,4,25,20,10,120,200,0,300,0,18000,30,5,40,46,45,5,14,27,9,7,2,87,9,1220,4,12,0,0,
~30,5,15,40,15,23,0,0,0,3,0,5,6,4,25,20,10,120,200,0,300,0,18000,30,5,40,46,45,5,14,27,9,7,2,88,8,1213,4,12,0,0,
~30,5,15,40,15,23,0,0,0,3,0,5,6,4,25,20,10,120,200,0,300,0,18000,30,5,40,46,45,5,15,27,9,7,2,88,8,1213,4,12,0,0,
~30,5,15,40,15,23,0,0,0,3,0,5,6,4,25,20,10,120,200,0,300,0,18000,30,5,40,52,47,5,15,27,9,7,2,89,8,1208,4,15,0,0,
~30,4,15,40,15,23,0,0,0,3,0,5,6,4,25,20,10,110,200,0,300,0,18000,30,5,40,52,47,5,15,27,10,7,2,89,8,1208,4,15,0,0,
~30,4,15,40,15,23,0,0,0,3,0,5,6,4,25,20,10,110,200,0,300,0,18000,30,5,40,53,49,5,15,27,10,7,2,90,8,1202,4,14,0,0,
~30,4,15,40,15,23,0,0,0,3,0,5,6,4,25,20,10,110,200,0,300,0,18000,30,4,40,53,49,4,15,27,10,7,2,90,8,1202,4,14,0,0,
~30,4,15,40,15,23,0,0,0,3,0,5,6,4,25,20,10,110,200,0,300,0,18000,30,4,40,52,50,4,15,27,10,7,2,91,8,1207,4,13,0,0,
~30,4,15,40,17,23,0,0,0,3,0,5,6,4,25,20,10,130,220,0,300,0,18000,30,4,40,52,50,4,15,27,10,7,2,91,8,1207,4,13,0,0,
~30,4,15,40,17,23,0,0,0,3,0,5,6,4,25,20,10,130,220,0,300,0,18000,30,4,40,58,52,4,15,27,10,7,2,90,8,1218,4,13,0,0,
~30,4,15,40,17,23,0,0,0,3,0,5,6,4,25,20,10,130,220,0,300,0,18000,29,4,40,58,52,4,16,27,11,6,1,90,8,1218,4,13,0,0,
~30,4,15,40,17,23,0,0,0,3,0,5,6,4,25,20,10,130,220,0,300,0,18000,30,4,40,63,55,4,17,27,12,6,1,95,8,1224,4,14,0,0,
~30,4,15,40,17,23,0,0,0,3,0,5,6,4,25,20,10,130,220,0,300,0,18000,30,4,40,69,60,4,17,27,12,6,1,98,9,1256,4,16,0,0,
~30,4,15,40,17,23,0,0,0,3,0,5,6,4,25,20,10,130,220,0,300,0,18000,30,4,40,69,60,4,17,27,12,6,1,98,9,1256,4,16,0,0,
~30,4,15,40,17,23,0,0,0,3,0,5,6,4,25,20,10,130,220,0,300,0,18000,30,4,40,69,63,4,17,27,12,6,1,101,8,1279,4,15,0,0,
~30,4,15,40,17,23,0,0,0,3,0,5,6,4,25,20,10,130,220,0,300,0,18000,30,4,40,69,63,4,17,27,12,6,0,101,8,1279,4,15,0,0,
~30,4,15,40,17,23,0,0,0,3,0,5,6,4,25,20,10,130,220,0,300,0,18000,30,4,40,69,64,4,17,27,12,6,0,104,8,1299,4,14,0,0,
~30,4,15,40,17,23,0,0,0,3,0,5,6,4,25,20,10,130,220,0,300,0,18000,30,4,40,69,64,4,17,27,13,6,0,104,8,1299,4,14,0,0,
~30,4,15,40,17,23,0,0,0,3,0,5,6,4,25,20,10,130,220,0,300,0,18000,30,4,40,70,66,4,17,27,13,6,0,108,8,1313,4,13,0,0,
~30,4,15,40,17,23,0,0,0,3,0,5,6,4,25,20,10,130,220,0,300,0,18000,30,4,40,70,66,4,17,27,13,6,0,108,8,1313,4,13,0,0,
~30,4,15,40,17,23,0,0,0,3,0,5,6,4,25,20,10,130,220,0,300,0,18000,30,4,40,67,67,4,17,27,13,7,0,112,7,1318,4,12,0,0,
~30,4,15,40,17,23,0,0,0,3,0,5,6,4,25,20,10,130,220,0,300,0,18000,30,4,40,67,67,4,17,27,13,7,0,112,7,1318,4,12,0,0,
~30,4,15,40,17,23,0,0,0,3,0,5,6,4,25,20,10,130,220,0,300,0,18000,30,2,41,2,79,2,17,27,14,7,0,123,14,1424,12,12,0,0,
~30,4,15,40,17,23,0,0,0,3,0,5,6,4,25,20,10,130,220,0,300,0,18000,31,2,41,2,79,2,17,27,14,7,0,123,14,1424,12,12,0,0,
~30,4,15,40,17,23,0,0,0,3,0,5,6,4,25,20,10,130,220,0,300,0,18000,31,3,41,346,166,3,17,27,14,7,0,129,17,1206,16,13,0,0,
~30,4,15,40,17,23,0,0,0,3,0,5,6,4,25,20,10,130,220,0,300,0,18000,31,3,40,346,166,3,17,27,14,7,3,129,17,1206,16,13,0,0,
~30,4,15,40,17,23,0,0,0,3,0,5,6,4,25,20,10,130,220,0,300,0,18000,31,3,40,347,221,3,17,27,14,6,3,143,19,1132,19,12,0,0,
~30,4,15,40,17,23,0,0,0,3,0,5,6,4,25,20,10,130,220,0,300,0,18000,31,3,40,347,221,3,17,27,14,6,4,143,19,1132,19,12,0,0,
~30,4,15,40,17,23,0,0,0,3,0,5,6,4,25,20,10,130,220,0,300,0,18000,31,3,40,3,221,3,17,27,14,6,4,163,19,1132,19,12,0,0,
~30,4,15,40,17,23,0,0,0,3,0,5,6,4,25,20,10,130,220,0,300,0,18000,31,3,40,3,221,3,17,27,14,6,6,163,19,1132,19,12,0,0,
~30,4,15,40,17,23,0,0,0,3,0,5,6,4,25,20,10,130,220,0,300,0,18000,31,3,40,335,290,3,17,27,14,7,6,160,19,940,21,5,0,0,
~30,4,15,40,17,23,0,0,0,3,0,5,6,4,25,20,10,130,220,0,300,0,18000,30,3,40,335,290,3,17,27,14,7,8,160,19,940,21,5,0,0,
~30,4,15,40,17,23,0,0,0,3,0,5,6,4,25,20,10,130,220,0,300,0,18000,30,3,40,335,290,3,17,27,14,7,8,213,19,940,21,5,0,0,
~30,4,15,40,17,23,0,0,0,3,0,5,6,4,25,20,10,130,220,0,300,0,18000,31,3,40,335,290,3,17,27,14,6,10,213,19,940,21,5,0,0,
~30,4,15,40,17,23,0,0,0,3,0,5,6,4,25,20,10,130,220,0,300,0,18000,31,3,40,322,308,3,17,27,14,6,10,210,17,925,22,4,0,0,
~30,4,15,40,17,23,0,0,0,3,0,5,6,4,25,20,10,130,220,0,300,0,18000,30,4,40,81,228,4,17,27,14,6,11,238,15,1045,16,4,0,0,
~30,4,15,40,17,23,0,0,0,3,0,5,6,4,25,20,10,130,220,0,300,0,18000,30,4,40,81,228,4,17,27,13,6,11,238,15,1045,16,4,0,0,
~30,4,15,40,17,23,0,0,0,3,0,5,6,4,25,20,10,130,220,0,300,0,18000,30,4,40,72,176,4,17,27,13,6,11,259,14,1143,12,4,0,0,
~30,4,15,40,17,23,0,0,0,3,0,5,6,4,25,20,10,130,220,0,300,0,18000,30,4,40,72,176,4,17,27,13,6,11,259,14,1143,12,4,0,0,
~30,4,15,40,17,23,0,0,0,3,0,5,6,4,25,20,10,130,220,0,300,0,18000,30,4,40,71,139,4,17,27,13,6,11,274,12,1195,10,4,0,0,
~30,4,15,40,17,23,0,0,0,3,0,5,6,4,25,20,10,130,220,0,300,0,18000,30,4,40,71,139,4,17,27,13,6,11,274,12,1195,10,4,0,0,
~30,4,15,40,17,23,0,0,0,3,0,5,6,4,25,20,10,130,220,0,300,0,18000,30,4,40,71,116,4,17,27,13,6,11,286,11,1228,8,5,0,0,
~30,4,15,40,17,23,0,0,0,3,0,5,6,4,25,20,10,130,220,0,300,0,18000,30,4,40,71,116,4,17,27,13,6,11,286,11,1228,8,5,0,0,
~30,4,15,40,17,23,0,0,0,3,0,5,6,4,25,20,10,130,220,0,300,0,18000,30,4,40,69,100,4,17,27,13,6,11,295,10,1252,7,5,0,0,
~30,4,15,40,17,23,0,0,0,3,0,5,6,4,25,20,10,130,220,0,300,0,18000,30,4,40,69,100,4,17,27,13,6,11,295,10,1252,7,5,0,0,
~30,4,15,40,17,23,0,0,0,3,0,5,6,4,25,20,10,130,220,0,300,0,18000,30,4,40,69,90,4,17,27,13,6,11,303,9,1279,6,7,0,0,
~30,4,15,40,17,23,0,0,0,3,0,5,6,4,25,20,10,130,220,0,300,0,18000,30,4,40,69,90,4,17,27,13,6,11,303,9,1279,6,7,0,0,
~30,4,15,40,17,23,0,0,0,3,0,5,6,4,25,20,10,130,220,0,300,0,18000,30,4,40,70,83,4,17,27,13,6,11,309,8,1288,6,7,0,0,
~30,4,15,40,17,23,0,0,0,3,0,5,6,4,25,20,10,130,220,0,300,0,18000,30,4,40,70,83,4,17,27,13,7,11,309,8,1288,6,7,0,0,
~30,4,15,40,17,23,0,0,0,3,0,5,6,4,25,20,10,130,220,0,300,0,18000,30,4,40,69,78,4,17,27,13,7,11,314,7,1296,5,8,0,0,
~30,4,15,40,17,23,0,0,0,3,0,5,6,4,25,20,10,130,220,0,300,0,18000,30,4,40,69,78,4,17,27,13,6,11,314,7,1296,5,8,0,0,
~30,4,15,40,17,23,0,0,0,3,0,5,6,4,25,20,10,130,220,0,300,0,18000,30,4,40,69,75,4,17,26,13,6,11,319,6,1297,5,8,0,0,
~30,4,15,40,17,23,0,0,0,3,0,5,6,4,25,20,10,130,220,0,300,0,18000,30,4,40,69,75,4,17,26,13,6,11,319,6,1297,5,8,0,0,
~30,4,15,40,17,23,0,0,0,3,0,5,6,4,25,20,10,130,220,0,300,0,18000,30,4,40,70,73,4,17,26,13,6,11,322,6,1311,5,9,0,0,
~30,4,15,40,17,23,0,0,0,3,0,5,6,4,25,20,10,130,220,0,300,0,18000,30,4,40,70,73,4,17,26,13,6,11,322,6,1311,5,9,0,0,
~30,4,15,40,17,23,0,0,0,3,0,5,6,4,25,20,10,130,220,0,300,0,18000,30,4,40,72,71,4,17,26,13,6,11,325,5,1307,5,9,0,0,
~30,4,15,40,17,23,0,0,0,3,0,5,6,4,25,20,10,130,220,0,300,0,18000,30,4,40,72,71,4,17,26,13,6,11,325,5,1307,5,9,0,0,
~30,4,15,40,17,23,0,0,0,3,0,5,6,4,25,20,10,130,220,0,300,0,18000,30,4,40,70,71,4,17,26,13,6,11,328,5,1320,5,9,0,0,
~30,5,15,40,17,23,0,0,0,3,0,5,6,4,25,20,10,130,220,0,300,0,18000,30,4,40,70,71,4,17,26,13,6,11,328,5,1320,5,9,0,0,
~30,5,15,40,17,23,0,0,0,3,0,5,6,4,25,20,10,130,220,0,300,0,18000,30,4,40,71,70,4,17,26,13,6,11,330,4,1313,5,9,0,0,
~30,5,15,40,17,23,0,0,0,3,0,5,6,4,25,20,10,130,220,0,300,0,18000,30,4,40,73,67,4,17,27,13,6,11,333,4,1329,5,10,0,0,
~30,5,15,40,17,23,0,0,0,3,0,5,6,4,25,20,10,130,220,0,300,0,18000,30,5,40,73,67,5,17,27,13,7,11,333,4,1329,5,10,0,0,
~30,5,15,40,17,23,0,0,0,3,0,5,6,4,25,20,10,130,220,0,300,0,18000,30,5,40,63,66,5,17,27,13,7,11,335,4,1325,5,10,0,0,
~30,5,15,40,17,23,0,0,0,3,0,5,6,4,25,20,10,130,220,0,300,0,18000,30,5,40,63,66,5,17,27,12,7,11,335,4,1325,5,10,0,0,
~30,5,15,40,17,23,0,0,0,3,0,5,6,4,25,20,10,130,220,0,300,0,18000,30,5,40,64,65,5,17,27,12,7,11,337,4,1305,5,10,0,0,
~30,5,15,40,17,23,0,0,0,3,0,5,6,4,25,20,10,130,220,0,300,0,18000,30,5,40,64,65,5,17,27,12,7,11,337,4,1305,5,10,0,0,
~30,5,15,40,17,23,0,0,0,3,0,5,6,4,25,20,10,130,220,0,300,0,18000,30,5,40,62,63,5,17,27,12,7,11,338,3,1289,5,10,0,0,
~30,5,15,40,17,23,0,0,0,3,0,5,6,4,25,20,10,130,220,0,300,0,18000,30,5,40,62,63,5,17,27,12,7,11,338,3,1289,5,10,0,0,
~30,5,15,40,17,23,0,0,0,3,0,5,6,4,25,20,10,130,220,0,300,0,18000,30,5,40,62,62,5,17,27,12,7,11,339,3,1300,5,10,0,0,
~30,5,15,40,17,23,0,0,0,3,0,5,6,4,25,20,10,130,220,0,300,0,18000,30,5,40,62,62,5,17,27,12,7,11,339,3,1300,5,10,0,0,
~30,5,15,40,17,23,0,0,0,3,0,5,6,4,25,20,10,130,220,0,300,0,18000,30,5,40,63,62,5,17,27,12,7,11,340,3,1295,5,10,0,0,
~30,5,15,40,17,23,0,0,0,3,0,5,6,4,25,20,10,130,220,0,300,0,18000,30,5,40,63,62,5,17,27,12,7,11,340,3,1295,5,10,0,0,
~30,5,15,40,17,23,0,0,0,3,0,5,6,4,25,20,10,130,220,0,300,0,18000,30,5,40,63,62,5,17,27,12,7,11,340,2,1311,5,10,0,0,
~30,5,15,40,17,23,0,0,0,3,0,5,6,4,25,20,10,130,220,0,300,0,18000,30,6,40,63,62,6,17,27,12,7,11,340,2,1311,5,10,0,0,
~30,5,15,40,17,23,0,0,0,3,0,5,6,4,25,20,10,130,220,0,300,0,18000,30,6,40,61,61,6,17,27,12,7,11,340,2,1271,5,10,0,0,
~30,5,15,40,17,23,0,0,0,3,0,5,6,4,25,20,10,130,220,0,300,0,18000,30,5,40,61,61,5,17,27,12,7,11,340,2,1271,5,10,0,0,
~30,5,15,40,17,23,0,0,0,3,0,5,6,4,25,20,10,130,220,0,300,0,18000,30,5,40,62,62,5,17,27,12,7,11,340,2,1261,5,10,0,0,
~30,5,15,40,17,23,0,0,0,3,0,5,6,4,25,20,10,130,220,0,300,0,18000,30,5,40,62,62,5,17,27,12,7,11,340,2,1261,5,10,0,0,
~30,5,15,40,17,23,0,0,0,3,0,5,6,4,25,20,10,130,220,0,300,0,18000,30,5,40,63,61,5,17,27,12,7,11,339,2,1262,5,10,0,0,
~30,5,15,40,17,23,0,0,0,3,0,5,6,4,25,20,10,130,220,0,300,0,18000,30,5,40,63,61,5,17,27,12,7,11,339,2,1262,5,10,0,0,
~30,5,15,40,17,23,0,0,0,3,0,5,6,4,25,20,10,130,220,0,300,0,18000,30,5,40,63,61,5,17,27,12,7,11,332,2,1276,5,10,0,0,
~30,5,15,40,17,23,0,0,0,3,0,5,6,4,25,20,10,130,220,0,300,0,18000,29,5,40,63,61,5,17,27,12,7,11,332,2,1276,5,10,0,0,
~30,5,15,40,17,23,0,0,0,3,0,5,6,4,25,20,10,130,220,0,300,0,18000,29,5,40,63,62,5,17,27,12,7,11,330,2,1289,5,10,0,0,
~30,5,15,40,17,23,0,0,0,3,0,5,6,4,25,20,10,130,220,0,300,0,18000,29,5,40,64,62,5,17,27,12,7,8,320,2,1284,5,10,0,0,
~30,5,15,40,17,23,0,0,0,3,0,5,6,4,25,20,10,130,220,0,300,0,18000,29,5,40,64,62,5,17,27,12,7,7,320,2,1284,5,10,0,0,
~30,5,15,40,17,23,0,0,0,3,0,5,6,4,25,20,10,130,220,0,300,0,18000,29,5,40,65,62,5,17,27,12,7,7,304,2,1281,5,10,0,0,
~30,5,15,40,17,23,0,0,0,3,0,5,6,4,25,20,10,130,220,0,300,0,18000,29,5,40,65,62,5,17,27,12,7,5,304,2,1281,5,10,0,0,
~30,5,15,40,17,23,0,0,0,3,0,5,6,4,25,20,10,130,220,0,300,0,18000,29,5,40,62,62,5,17,27,12,7,5,310,2,1289,5,10,0,0,
~30,5,15,40,17,23,0,0,0,3,0,5,6,4,25,20,10,130,220,0,300,0,18000,30,5,40,62,62,5,17,27,12,7,3,310,2,1289,5,10,0,0,
~30,5,15,40,17,23,0,0,0,3,0,5,6,4,25,20,10,130,220,0,300,0,18000,30,5,40,63,62,5,17,27,12,7,3,261,2,1287,5,10,0,0,
~30,5,15,40,17,23,0,0,0,3,0,5,6,4,25,20,10,130,220,0,300,0,18000,29,6,40,63,62,6,17,27,12,7,1,261,2,1287,5,10,0,0,
~30,5,15,40,17,23,0,0,0,3,0,5,6,4,25,20,10,130,220,0,300,0,18000,29,6,40,61,61,6,17,27,12,7,1,268,1,1248,5,10,0,0,
~30,5,15,40,17,23,0,0,0,3,0,5,6,4,25,20,10,130,220,0,300,0,18000,30,5,40,61,61,5,17,27,12,7,0,268,1,1248,5,10,0,0,
~30,5,15,40,17,23,0,0,0,3,0,5,6,4,25,20,10,130,220,0,300,0,18000,30,5,40,64,61,5,17,27,12,7,0,243,2,1261,5,10,0,0,
~30,5,15,40,17,23,0,0,0,3,0,5,6,4,25,20,10,130,220,0,300,0,18000,30,5,40,64,61,5,17,27,12,7,0,243,2,1261,5,10,0,0,
~30,5,15,40,17,23,0,0,0,3,0,5,6,4,25,20,10,130,220,0,300,0,18000,30,5,40,61,61,5,17,27,12,7,0,226,1,1255,5,10,0,0,
~30,5,15,40,17,23,0,0,0,3,0,5,6,4,25,20,10,130,220,0,300,0,18000,30,5,40,61,61,5,17,27,12,7,0,226,1,1255,5,10,0,0,
~30,5,15,40,17,23,0,0,0,3,0,5,6,4,25,20,10,130,220,0,300,0,18000,30,5,40,60,61,5,17,27,12,7,0,215,1,1256,5,9,0,0,
~30,5,15,40,17,23,0,0,0,3,0,5,6,4,25,20,10,130,220,0,300,0,18000,30,5,40,60,61,5,17,27,12,7,0,215,1,1256,5,9,0,0,
~30,5,15,40,17,23,0,0,0,3,0,5,6,4,25,20,10,130,220,0,300,0,18000,30,5,40,62,61,5,17,27,12,7,0,207,1,1276,5,9,0,0,
~30,5,15,40,17,23,0,0,0,3,0,5,6,4,25,20,10,130,220,0,300,0,18000,30,6,40,62,61,6,17,27,12,7,0,207,1,1276,5,9,0,0,
~30,5,15,40,17,23,0,0,0,3,0,5,6,4,25,20,10,130,220,0,300,0,18000,30,6,40,62,61,6,17,27,12,7,0,201,1,1252,5,9,0,0,
~30,5,15,40,17,23,0,0,0,3,0,5,6,4,25,20,10,130,220,0,300,0,18000,30,5,40,62,61,5,17,27,12,7,0,201,1,1252,5,9,0,0,
~30,5,15,40,17,23,0,0,0,3,0,5,6,4,25,20,10,130,220,0,300,0,18000,30,5,40,63,62,5,17,27,12,7,0,197,1,1263,5,9,0,0,
~30,5,15,40,17,23,0,0,0,3,0,5,6,4,25,20,10,130,220,0,300,0,18000,30,6,40,63,62,6,17,27,12,7,0,197,1,1263,5,9,0,0,
~30,5,15,40,17,23,0,0,0,3,0,5,6,4,25,20,10,130,220,0,300,0,18000,30,6,40,61,61,6,17,27,12,7,0,195,1,1226,5,9,0,0,
~30,5,15,40,17,23,0,0,0,3,0,5,6,4,25,20,10,130,220,0,300,0,18000,30,5,40,61,61,5,17,27,12,7,0,195,1,1226,5,9,0,0,
~30,5,15,40,17,23,0,0,0,3,0,5,6,4,25,20,10,130,220,0,300,0,18000,30,5,40,64,61,5,17,27,12,7,0,192,1,1236,5,9,0,0,
~30,5,15,40,17,23,0,0,0,3,0,5,6,4,25,20,10,130,220,0,300,0,18000,30,5,40,62,60,5,17,27,12,7,0,191,1,1253,5,10,0,0,
~30,5,15,40,17,23,0,0,0,3,0,5,6,4,25,20,10,130,220,0,300,0,18000,30,5,40,62,60,5,17,27,12,7,0,191,1,1253,5,10,0,0,
~30,5,15,40,17,23,0,0,0,3,0,5,6,4,25,20,10,130,220,0,300,0,18000,30,5,40,63,61,5,17,27,12,7,0,189,1,1262,5,10,0,0,
~30,5,15,40,17,23,0,0,0,3,0,5,6,4,25,20,10,130,220,0,300,0,18000,30,5,40,63,61,5,17,27,12,7,0,189,1,1262,5,10,0,0,
~30,5,15,40,17,23,0,0,0,3,0,5,6,4,25,20,10,130,220,0,300,0,18000,30,5,40,63,61,5,17,27,12,7,0,188,2,1268,5,10,0,0,
~30,5,15,40,17,23,0,0,0,3,0,5,6,4,25,20,10,130,220,0,300,0,18000,30,5,40,63,61,5,17,27,12,7,0,188,2,1268,5,10,0,0,
~30,5,15,40,17,23,0,0,0,3,0,5,6,4,25,20,10,130,220,0,300,0,18000,30,5,40,62,61,5,17,27,12,7,0,187,1,1267,5,10,0,0,
~30,5,15,40,17,23,0,0,0,3,0,5,6,4,25,20,10,130,220,0,300,0,18000,30,5,40,62,61,5,17,27,12,7,0,187,1,1267,5,10,0,0,
~30,5,15,40,17,23,0,0,0,3,0,5,6,4,25,20,10,130,220,0,300,0,18000,30,5,40,61,61,5,17,27,12,7,0,186,1,1264,5,10,0,0,
~30,5,15,40,17,23,0,0,0,3,0,5,6,4,25,20,10,130,220,0,300,0,18000,30,5,40,61,61,5,17,27,12,7,0,186,1,1264,5,10,0,0,
~30,5,15,40,17,23,0,0,0,3,0,5,6,4,25,20,10,130,220,0,300,0,18000,30,5,40,63,61,5,17,27,12,7,0,185,1,1275,5,10,0,0,
~30,5,15,40,17,23,0,0,0,3,0,5,6,4,25,20,10,130,220,0,300,0,18000,30,5,40,63,61,5,17,27,12,7,0,185,1,1275,5,10,0,0,
~30,5,15,40,17,23,0,0,0,3,0,5,6,4,25,20,10,130,220,0,300,0,18000,30,5,40,61,61,5,17,27,12,7,0,185,1,1279,5,10,0,0,
~30,5,15,40,17,23,0,0,0,3,0,5,6,4,25,20,10,130,220,0,300,0,18000,30,5,40,61,61,5,17,27,12,7,0,185,1,1279,5,10,0,0,
~30,5,15,40,17,23,0,0,0,3,0,5,6,4,25,20,10,130,220,0,300,0,18000,30,5,40,62,61,5,17,27,12,7,0,184,1,1287,5,10,0,0,
~30,5,15,40,17,23,0,0,0,3,0,5,6,4,25,20,10,130,220,0,300,0,18000,30,5,40,62,61,5,17,27,12,7,0,184,1,1287,5,10,0,0,
~30,5,15,40,17,23,0,0,0,3,0,5,6,4,25,20,10,130,220,0,300,0,18000,30,5,40,62,61,5,17,27,12,7,0,184,1,1297,5,10,0,0,
~30,5,15,40,17,23,0,0,0,3,0,5,6,4,25,20,10,130,220,0,300,0,18000,30,5,40,62,61,5,17,27,12,7,0,184,1,1297,5,10,0,0,
~30,5,15,40,17,23,0,0,0,3,0,5,6,4,25,20,10,130,220,0,300,0,18000,30,5,40,63,60,5,17,27,12,7,0,183,1,1294,5,10,0,0,
~30,5,15,40,17,23,0,0,0,3,0,5,6,4,25,20,10,130,220,0,300,0,18000,30,5,40,63,60,5,17,27,12,7,0,183,1,1294,5,10,0,0,
~30,5,15,40,17,23,0,0,0,3,0,5,6,4,25,20,10,130,220,0,300,0,18000,30,5,40,63,60,5,17,27,12,7,0,183,2,1284,5,10,0,0,
~30,5,15,40,17,23,0,0,0,3,0,5,6,4,25,20,10,130,220,0,300,0,18000,30,5,40,63,60,5,17,27,12,7,0,183,2,1284,5,10,0,0,
~30,5,15,40,17,23,0,0,0,3,0,5,6,4,25,20,10,130,220,0,300,0,18000,30,5,40,62,60,5,17,27,12,7,0,183,2,1289,5,10,0,0,
~30,5,15,40,17,23,0,0,0,3,0,5,6,4,25,20,10,130,220,0,300,0,18000,30,5,40,62,60,5,17,27,12,7,0,183,2,1289,5,10,0,0,
~30,5,15,40,17,23,0,0,0,3,0,5,6,4,25,20,10,130,220,0,300,0,18000,30,5,40,62,60,5,17,27,12,7,0,183,2,1289,5,10,0,0,
~30,5,15,40,17,23,0,0,0,3,0,5,6,4,25,20,10,130,220,0,300,0,18000,30,5,40,62,61,5,17,27,12,7,0,183,2,1303,5,10,0,0,
~30,5,15,40,17,23,0,0,0,3,0,5,6,4,25,20,10,130,220,0,300,0,18000,30,5,40,62,61,5,17,27,12,7,0,183,2,1303,5,10,0,0,
~30,5,15,40,17,23,0,0,0,3,0,5,6,4,25,20,10,130,220,0,300,0,18000,30,5,40,62,61,5,17,27,12,7,0,183,1,1298,5,10,0,0,
~30,5,15,40,17,23,0,0,0,3,0,5,6,4,25,20,10,130,220,0,300,0,18000,30,5,40,62,61,5,17,27,12,7,0,183,1,1298,5,10,0,0,
~30,5,15,40,17,23,0,0,0,3,0,5,6,4,25,20,10,130,220,0,300,0,18000,30,5,40,63,60,5,17,27,12,7,0,183,2,1304,5,10,0,0,
~30,5,15,40,17,23,0,0,0,3,0,5,6,4,25,20,10,130,220,0,300,0,18000,30,5,40,63,60,5,17,27,12,7,0,183,2,1304,5,10,0,0,
~30,5,15,40,17,23,0,0,0,3,0,5,6,4,25,20,10,130,220,0,300,0,18000,30,5,40,61,60,5,17,27,12,7,0,183,2,1291,5,10,0,0,
~30,5,15,40,17,23,0,0,0,3,0,5,6,4,25,20,10,130,220,0,300,0,18000,30,5,40,61,60,5,17,27,12,7,0,183,2,1291,5,10,0,0,
~30,5,15,40,17,23,0,0,0,3,0,5,6,4,25,20,10,130,220,0,300,0,18000,30,5,40,63,61,5,17,27,12,7,0,182,2,1286,5,10,0,0,
~30,5,15,40,17,23,0,0,0,3,0,5,6,4,25,20,10,130,220,0,300,0,18000,30,5,40,63,61,5,17,27,12,7,0,182,2,1286,5,10,0,0,
~30,5,15,40,17,23,0,0,0,3,0,5,6,4,25,20,10,130,220,0,300,0,18000,30,5,40,61,61,5,17,27,12,7,0,182,1,1286,5,9,0,0,
~30,5,15,40,15,23,0,0,0,3,0,5,6,4,25,20,10,120,200,0,300,0,18000,30,6,40,61,61,6,17,27,12,7,0,182,1,1286,5,9,0,0,
~30,5,15,40,15,23,0,0,0,3,0,5,6,4,25,20,10,120,200,0,300,0,18000,30,6,40,63,60,6,17,27,12,7,0,182,2,1243,5,9,0,0,
~30,5,15,40,15,23,0,0,0,3,0,5,6,4,25,20,10,120,200,0,300,0,18000,30,5,40,63,60,5,16,27,11,7,0,182,2,1243,5,9,0,0,
~30,5,15,40,15,23,0,0,0,3,0,5,6,4,25,20,10,120,200,0,300,0,18000,30,5,40,56,57,5,16,27,11,7,0,182,1,1249,5,7,0,0,
~30,5,15,40,15,23,0,0,0,3,0,5,6,4,25,20,10,120,200,0,300,0,18000,30,6,40,56,57,6,15,27,11,7,0,182,1,1249,5,7,0,0,
~30,5,15,40,15,23,0,0,0,3,0,5,6,4,25,20,10,120,200,0,300,0,18000,30,6,40,51,55,6,15,27,11,7,0,181,1,1191,5,7,0,0,
~30,5,15,40,15,23,0,0,0,3,0,5,6,4,25,20,10,120,200,0,300,0,18000,30,5,40,51,55,5,15,27,10,7,0,181,1,1191,5,7,0,0,
~30,5,15,40,15,23,0,0,0,3,0,5,6,4,25,20,10,120,200,0,300,0,18000,30,5,40,52,53,5,15,27,10,7,0,181,1,1200,5,8,0,0,
~30,5,15,40,15,23,0,0,0,3,0,5,6,4,25,20,10,120,200,0,300,0,18000,30,5,40,52,53,5,15,27,10,7,0,181,1,1200,5,8,0,0,
~30,5,15,40,15,23,0,0,0,3,0,5,6,4,25,20,10,120,200,0,300,0,18000,30,5,40,52,53,5,15,27,10,7,0,180,1,1214,5,8,0,0,
~30,5,15,40,15,23,0,0,0,3,0,5,6,4,25,20,10,120,200,0,300,0,18000,30,5,40,52,53,5,15,27,10,7,0,180,1,1214,5,8,0,0,
~30,5,15,40,15,23,0,0,0,3,0,5,6,4,25,20,10,120,200,0,300,0,18000,30,5,40,51,52,5,15,27,10,7,0,179,1,1221,5,9,0,0,
~30,5,15,40,15,23,0,0,0,3,0,5,6,4,25,20,10,120,200,0,300,0,18000,30,5,40,52,52,5,15,27,10,7,0,178,1,1228,5,10,0,0,
~30,5,15,40,14,23,0,0,0,3,0,5,6,4,25,20,10,110,190,0,300,0,18000,30,5,40,52,52,5,15,27,10,7,0,178,1,1228,5,10,0,0,
~30,5,15,40,14,23,0,0,0,3,0,5,6,4,25,20,10,110,190,0,300,0,18000,30,5,40,52,52,5,15,27,10,7,0,177,1,1217,5,10,0,0,
~30,5,15,40,14,23,0,0,0,3,0,5,6,4,25,20,10,110,190,0,300,0,18000,30,6,40,52,52,6,14,27,9,7,0,177,1,1217,5,10,0,0,
~30,5,15,40,14,23,0,0,0,3,0,5,6,4,25,20,10,110,190,0,300,0,18000,30,6,40,47,50,6,14,27,9,7,0,177,0,1184,5,8,0,0,
~30,5,15,40,14,23,0,0,0,3,0,5,6,4,25,20,10,110,190,0,300,0,18000,30,5,40,47,50,5,14,27,9,7,0,177,0,1184,5,8,0,0,
~30,5,15,40,14,23,0,0,0,3,0,5,6,4,25,20,10,110,190,0,300,0,18000,30,5,40,47,48,5,14,27,9,7,0,175,0,1199,5,9,0,0,
~30,5,15,40,14,23,0,0,0,3,0,5,6,4,25,20,10,110,190,0,300,0,18000,30,5,40,47,48,5,14,27,9,7,0,175,0,1199,5,9,0,0,
~30,5,15,40,14,23,0,0,0,3,0,5,6,4,25,20,10,110,190,0,300,0,18000,30,5,40,46,47,5,14,27,9,7,0,174,0,1199,5,9,0,0,
~30,5,15,40,14,23,0,0,0,3,0,5,6,4,25,20,10,110,190,0,300,0,18000,30,5,40,46,47,5,14,27,9,7,0,174,0,1199,5,9,0,0,
~30,5,15,40,14,23,0,0,0,3,0,5,6,4,25,20,10,110,190,0,300,0,18000,30,5,40,45,46,5,14,27,9,7,0,173,0,1207,5,9,0,0,
~30,5,15,40,13,23,0,0,0,3,0,5,6,4,25,20,10,100,180,0,300,0,18000,30,5,40,45,46,5,14,27,9,7,0,173,0,1207,5,9,0,0,
~30,5,15,40,13,23,0,0,0,3,0,5,6,4,25,20,10,100,180,0,300,0,18000,30,5,40,45,46,5,14,27,9,7,0,171,0,1213,5,10,0,0,
~30,5,15,40,13,23,0,0,0,3,0,5,6,4,25,20,10,100,180,0,300,0,18000,30,5,40,45,46,5,13,27,9,7,0,171,0,1213,5,10,0,0,
~30,5,15,40,13,23,0,0,0,3,0,5,6,4,25,20,10,100,180,0,300,0,18000,30,5,40,41,44,5,13,27,9,7,0,170,0,1213,5,8,0,0,
~30,5,15,40,13,23,0,0,0,3,0,5,6,4,25,20,10,100,180,0,300,0,18000,30,5,40,41,44,5,13,27,8,7,0,170,0,1213,5,8,0,0,
~30,5,15,40,13,23,0,0,0,3,0,5,6,4,25,20,10,100,180,0,300,0,18000,30,5,40,42,43,5,13,27,8,7,0,168,0,1215,5,9,0,0,
~30,5,15,40,13,23,0,0,0,3,0,5,6,4,25,20,10,100,180,0,300,0,18000,30,5,40,42,43,5,13,27,8,7,0,168,0,1215,5,9,0,0,
~30,5,15,40,13,23,0,0,0,3,0,5,6,4,25,20,10,100,180,0,300,0,18000,30,5,40,42,42,5,13,27,8,7,0,166,0,1217,5,10,0,0,
~30,5,15,40,13,23,0,0,0,3,0,5,6,4,25,20,10,100,180,0,300,0,18000,30,5,40,42,42,5,13,27,8,7,0,166,0,1217,5,10,0,0,
~30,5,15,40,13,23,0,0,0,3,0,5,6,4,25,20,10,100,180,0,300,0,18000,30,5,40,40,41,5,13,27,8,7,0,164,0,1215,5,10,0,0,
~30,5,15,40,13,23,0,0,0,3,0,5,6,4,25,20,10,100,180,0,300,0,18000,30,5,40,40,41,5,13,27,8,7,0,164,0,1215,5,10,0,0,
~30,5,15,40,15,23,0,0,0,3,0,5,6,4,25,20,10,120,200,0,300,0,18000,30,5,40,41,41,5,13,27,8,7,0,162,0,1218,5,10,0,0,
~30,5,15,40,15,23,0,0,0,3,0,5,6,4,25,20,10,120,200,0,300,0,18000,30,5,40,41,41,5,13,27,8,7,0,162,0,1218,5,10,0,0,
~30,5,15,40,15,23,0,0,0,3,0,5,6,4,25,20,10,120,200,0,300,0,18000,30,6,40,41,41,6,15,27,8,7,0,160,0,1210,5,10,0,0,
~30,5,15,40,15,23,0,0,0,3,0,5,6,4,25,20,10,120,200,0,300,0,18000,30,6,40,52,44,6,15,27,8,7,0,158,1,1180,5,14,0,0,
~30,5,15,40,15,23,0,0,0,3,0,5,6,4,25,20,10,120,200,0,300,0,18000,30,5,40,52,44,5,15,27,9,7,0,158,1,1180,5,14,0,0,
~30,5,15,40,15,23,0,0,0,3,0,5,6,4,25,20,10,120,200,0,300,0,18000,30,5,40,53,47,5,15,27,9,7,0,157,2,1180,5,13,0,0,
~30,5,15,40,15,23,0,0,0,3,0,5,6,4,25,20,10,120,200,0,300,0,18000,30,5,40,53,47,5,15,27,9,7,0,157,2,1180,5,13,0,0,
~30,5,15,40,15,23,0,0,0,3,0,5,6,4,25,20,10,120,200,0,300,0,18000,30,5,40,52,48,5,15,27,9,7,0,155,3,1193,5,12,0,0,
~30,5,15,40,17,23,0,0,0,3,0,5,6,4,25,20,10,130,220,0,300,0,18000,30,6,40,52,48,6,15,27,9,7,0,155,3,1193,5,12,0,0,
~30,5,15,40,17,23,0,0,0,3,0,5,6,4,25,20,10,130,220,0,300,0,18000,30,6,40,51,49,6,15,27,9,7,0,154,3,1165,5,11,0,0,
~30,5,15,40,17,23,0,0,0,3,0,5,6,4,25,20,10,130,220,0,300,0,18000,30,5,40,51,49,5,17,27,10,7,0,154,3,1165,5,11,0,0,
~30,5,15,40,17,23,0,0,0,3,0,5,6,4,25,20,10,130,220,0,300,0,18000,30,5,40,62,53,5,17,27,10,7,0,153,4,1210,5,14,0,0,
~30,5,15,40,17,23,0,0,0,3,0,5,6,4,25,20,10,130,220,0,300,0,18000,30,5,40,62,53,5,17,27,11,7,0,153,4,1210,5,14,0,0,
~30,5,15,40,17,23,0,0,0,3,0,5,6,4,25,20,10,130,220,0,300,0,18000,30,5,40,61,55,5,17,27,11,7,0,152,4,1233,5,13,0,0,
~30,5,15,40,17,23,0,0,0,3,0,5,6,4,25,20,10,130,220,0,300,0,18000,30,5,40,61,55,5,17,27,11,7,0,152,4,1233,5,13,0,0,
~30,5,15,40,15,23,0,0,0,3,0,5,6,4,25,20,10,120,200,0,300,0,18000,30,5,40,60,56,5,17,27,11,7,0,152,4,1237,5,12,0,0,
~30,5,15,40,15,23,0,0,0,3,0,5,6,4,25,20,10,120,200,0,300,0,18000,30,6,40,60,56,6,17,27,11,7,0,152,4,1237,5,12,0,0,
~30,5,15,40,15,23,0,0,0,3,0,5,6,4,25,20,10,120,200,0,300,0,18000,30,6,40,62,58,6,17,27,11,7,0,151,4,1221,5,11,0,0,
~30,5,15,40,15,23,0,0,0,3,0,5,6,4,25,20,10,120,200,0,300,0,18000,30,6,40,62,58,6,15,27,10,7,0,151,4,1221,5,11,0,0,
~30,5,15,40,15,23,0,0,0,3,0,5,6,4,25,20,10,120,200,0,300,0,18000,30,6,40,52,56,6,15,27,10,7,0,151,4,1180,5,8,0,0,
~30,5,15,40,15,23,0,0,0,3,0,5,6,4,25,20,10,120,200,0,300,0,18000,30,5,40,52,56,5,15,27,10,7,0,151,4,1180,5,8,0,0,
~30,5,15,40,15,23,0,0,0,3,0,5,6,4,25,20,10,120,200,0,300,0,18000,30,5,40,53,54,5,15,27,10,7,0,151,4,1174,5,9,0,0,
~30,5,15,40,15,23,0,0,0,3,0,5,6,4,25,20,10,120,200,0,300,0,18000,30,5,40,53,54,5,15,27,10,7,0,151,4,1174,5,9,0,0,
~30,5,15,40,13,23,0,0,0,3,0,5,6,4,25,20,10,100,180,0,300,0,18000,30,5,40,52,53,5,15,27,10,7,0,150,3,1188,5,9,0,0,
~30,5,15,40,13,23,0,0,0,3,0,5,6,4,25,20,10,100,180,0,300,0,18000,30,5,40,52,53,5,15,27,10,7,0,150,3,1188,5,9,0,0,
~30,5,15,40,13,23,0,0,0,3,0,5,6,4,25,20,10,100,180,0,300,0,18000,30,5,40,52,53,5,13,27,9,7,0,149,3,1194,5,10,0,0,
~30,5,15,40,13,23,0,0,0,3,0,5,6,4,25,20,10,100,180,0,300,0,18000,30,5,40,52,53,5,13,27,9,7,0,149,3,1194,5,10,0,0,
~30,5,15,40,13,23,0,0,0,3,0,5,6,4,25,20,10,100,180,0,300,0,18000,30,5,40,41,49,5,13,27,9,7,0,148,2,1193,5,6,0,0,
~30,5,15,40,12,23,0,0,0,3,0,5,6,4,25,20,10,90,170,0,300,0,18000,30,5,40,41,46,5,13,27,9,7,0,148,2,1234,5,8,0,0,
~30,5,15,40,12,23,0,0,0,3,0,5,6,4,25,20,10,90,170,0,300,0,18000,30,5,40,41,46,5,13,27,9,7,0,148,2,1234,5,8,0,0,
~30,5,15,40,12,23,0,0,0,3,0,5,6,4,25,20,10,90,170,0,300,0,18000,30,5,40,40,43,5,13,27,9,7,0,147,2,1235,5,8,0,0,
~30,5,15,40,12,23,0,0,0,3,0,5,6,4,25,20,10,90,170,0,300,0,18000,30,6,40,40,43,6,12,27,8,6,0,147,2,1235,5,8,0,0,
~30,5,15,40,12,23,0,0,0,3,0,5,6,4,25,20,10,90,170,0,300,0,18000,30,6,40,35,40,6,12,27,8,6,0,146,2,1154,5,7,0,0,
~30,5,15,40,12,23,0,0,0,3,0,5,6,4,25,20,10,90,170,0,300,0,18000,30,5,40,35,40,5,12,27,8,6,0,146,2,1154,5,7,0,0,
~30,5,15,40,12,23,0,0,0,3,0,5,6,4,25,20,10,90,170,0,300,0,18000,30,5,40,35,38,5,12,27,8,6,0,144,1,1171,5,8,0,0,
~30,5,15,40,11,23,0,0,0,3,0,5,6,4,25,20,10,90,160,0,300,0,18000,30,5,40,35,38,5,12,27,7,6,0,144,1,1171,5,8,0,0,
~30,5,15,40,11,23,0,0,0,3,0,5,6,4,25,20,10,90,160,0,300,0,18000,30,5,40,33,36,5,12,27,7,6,0,143,1,1185,5,9,0,0,
~30,5,15,40,11,23,0,0,0,3,0,5,6,4,25,20,10,90,160,0,300,0,18000,30,5,40,33,36,5,11,27,7,6,0,143,1,1185,5,9,0,0,
~30,5,15,40,11,23,0,0,0,3,0,5,6,4,25,20,10,90,160,0,300,0,18000,30,5,40,29,34,5,11,27,7,6,0,141,1,1190,5,7,0,0,
~30,5,15,40,11,23,0,0,0,3,0,5,6,4,25,20,10,90,160,0,300,0,18000,30,5,40,29,34,5,11,27,7,6,0,141,1,1190,5,7,0,0,
~30,5,15,40,11,23,0,0,0,3,0,5,6,4,25,20,10,90,160,0,300,0,18000,30,5,40,28,32,5,11,27,7,6,0,140,1,1171,5,8,0,0,
~30,5,15,40,13,23,0,0,0,3,0,5,6,4,25,20,10,100,180,0,300,0,18000,30,5,40,28,32,5,11,27,6,6,0,140,1,1171,5,8,0,0,
~30,5,15,40,13,23,0,0,0,3,0,5,6,4,25,20,10,100,180,0,300,0,18000,30,5,40,28,30,5,11,27,6,6,0,138,1,1153,5,8,0,0,
~30,5,15,40,13,23,0,0,0,3,0,5,6,4,25,20,10,100,180,0,300,0,18000,30,5,40,28,30,5,11,27,6,6,0,138,1,1153,5,8,0,0,
~30,5,15,40,13,23,0,0,0,3,0,5,6,4,25,20,10,100,180,0,300,0,18000,30,5,40,29,30,5,11,27,6,6,0,136,1,1163,5,9,0,0,
~30,5,15,40,13,23,0,0,0,3,0,5,6,4,25,20,10,100,180,0,300,0,18000,30,5,40,29,30,5,13,27,7,6,0,136,1,1163,5,9,0,0,
~30,5,15,40,13,23,0,0,0,3,0,5,6,4,25,20,10,100,180,0,300,0,18000,30,6,40,41,33,6,13,27,7,6,0,134,2,1195,5,13,0,0,
~30,5,15,40,13,23,0,0,0,3,0,5,6,4,25,20,10,100,180,0,300,0,18000,30,6,40,41,33,6,13,27,7,6,0,134,2,1195,5,13,0,0,
~30,5,15,40,13,23,0,0,0,3,0,5,6,4,25,20,10,100,180,0,300,0,18000,30,5,40,41,35,5,13,27,7,7,0,133,4,1144,5,12,0,0,
~30,5,15,40,13,23,0,0,0,3,0,5,6,4,25,20,10,100,180,0,300,0,18000,30,5,40,41,35,5,13,27,7,7,0,133,4,1144,5,12,0,0,
~30,5,15,40,13,23,0,0,0,3,0,5,6,4,25,20,10,100,180,0,300,0,18000,30,5,40,41,37,5,13,27,8,6,0,132,4,1176,5,12,0,0,
~30,5,15,40,13,23,0,0,0,3,0,5,6,4,25,20,10,100,180,0,300,0,18000,30,5,40,41,37,5,13,27,8,6,0,132,4,1176,5,12,0,0,
~30,5,15,40,13,23,0,0,0,3,0,5,6,4,25,20,10,100,180,0,300,0,18000,30,5,40,41,38,5,13,27,8,7,0,131,4,1197,5,12,0,0,
~30,5,15,40,13,23,0,0,0,3,0,5,6,4,25,20,10,100,180,0,300,0,18000,30,5,40,40,38,5,13,27,8,7,0,131,4,1212,5,11,0,0,
~30,5,15,40,13,23,0,0,0,3,0,5,6,4,25,20,10,100,180,0,300,0,18000,30,5,40,40,38,5,13,27,8,6,0,131,4,1212,5,11,0,0,
~30,5,15,40,13,23,0,0,0,3,0,5,6,4,25,20,10,100,180,0,300,0,18000,30,5,40,41,39,5,13,27,8,6,0,130,4,1219,5,11,0,0,
~30,5,15,40,13,23,0,0,0,3,0,5,6,4,25,20,10,100,180,0,300,0,18000,30,5,40,41,39,5,13,27,8,7,0,130,4,1219,5,11,0,0,
~30,5,15,40,13,23,0,0,0,3,0,5,6,4,25,20,10,100,180,0,300,0,18000,30,5,40,41,39,5,13,27,8,7,0,130,4,1220,5,10,0,0,
~30,5,15,40,13,23,0,0,0,3,0,5,6,4,25,20,10,100,180,0,300,0,18000,30,6,40,41,39,6,13,27,8,7,0,130,4,1220,5,10,0,0,
~30,5,15,40,13,23,0,0,0,3,0,5,6,4,25,20,10,100,180,0,300,0,18000,30,6,40,41,39,6,13,27,8,7,0,130,4,1173,5,10,0,0,
~30,5,15,40,13,23,0,0,0,3,0,5,6,4,25,20,10,100,180,0,300,0,18000,30,5,40,41,39,5,13,27,8,7,0,130,4,1173,5,10,0,0,
~30,5,15,40,13,23,0,0,0,3,0,5,6,4,25,20,10,100,180,0,300,0,18000,30,5,40,41,39,5,13,27,8,7,0,130,4,1180,5,11,0,0,
~30,5,15,40,13,23,0,0,0,3,0,5,6,4,25,20,10,100,180,0,300,0,18000,30,5,40,41,39,5,13,27,8,7,0,130,4,1180,5,11,0,0,
~30,5,15,40,13,23,0,0,0,3,0,5,6,4,25,20,10,100,180,0,300,0,18000,30,5,40,40,39,5,13,27,8,7,0,129,4,1211,5,10,0,0,
~30,5,15,40,13,23,0,0,0,3,0,5,6,4,25,20,10,100,180,0,300,0,18000,30,5,40,40,39,5,13,27,8,6,0,129,4,1211,5,10,0,0,
~30,5,15,40,13,23,0,0,0,3,0,5,6,4,25,20,10,100,180,0,300,0,18000,30,5,40,41,39,5,13,27,8,6,0,128,4,1205,5,10,0,0,
~30,5,15,40,13,23,0,0,0,3,0,5,6,4,25,20,10,100,180,0,300,0,18000,30,5,40,41,39,5,13,27,8,7,0,128,4,1205,5,10,0,0,
~30,5,15,40,13,23,0,0,0,3,0,5,6,4,25,20,10,100,180,0,300,0,18000,30,5,40,40,39,5,13,27,8,7,0,128,4,1211,5,10,0,0,
~30,5,15,40,13,23,0,0,0,3,0,5,6,4,25,20,10,100,180,0,300,0,18000,30,5,40,40,39,5,13,27,8,6,0,128,4,1211,5,10,0,0,
~30,5,15,40,13,23,0,0,0,3,0,5,6,4,25,20,10,100,180,0,300,0,18000,30,5,40,40,39,5,13,27,8,6,0,127,3,1215,5,10,0,0,
~30,5,15,40,13,23,0,0,0,3,0,5,6,4,25,20,10,100,180,0,300,0,18000,30,5,40,40,39,5,13,27,8,7,0,127,3,1215,5,10,0,0,
~30,5,15,40,13,23,0,0,0,3,0,5,6,4,25,20,10,100,180,0,300,0,18000,30,5,40,40,39,5,13,27,8,6,0,125,3,1222,5,10,0,0,
~30,5,15,40,13,23,0,0,0,3,0,5,6,4,25,20,10,100,180,0,300,0,18000,30,5,40,40,39,5,13,27,8,6,0,125,3,1222,5,10,0,0,
~30,5,15,40,13,23,0,0,0,3,0,5,6,4,25,20,10,100,180,0,300,0,18000,30,5,40,39,39,5,13,27,8,6,0,124,3,1228,5,10,0,0,
~30,5,15,40,13,23,0,0,0,3,0,5,6,4,25,20,10,100,180,0,300,0,18000,30,5,40,39,39,5,13,27,8,6,0,124,3,1228,5,10,0,0,
~30,5,15,40,13,23,0,0,0,3,0,5,6,4,25,20,10,100,180,0,300,0,18000,30,5,40,40,39,5,13,27,8,6,0,122,3,1224,5,10,0,0,
~30,5,15,40,13,23,0,0,0,3,0,5,6,4,25,20,10,100,180,0,300,0,18000,30,5,40,40,39,5,13,27,8,6,0,120,3,1223,5,10,0,0,
~30,5,15,40,13,23,0,0,0,3,0,5,6,4,25,20,10,100,180,0,300,0,18000,30,5,40,40,39,5,13,27,8,6,0,120,3,1223,5,10,0,0,
~30,5,15,40,13,23,0,0,0,3,0,5,6,4,25,20,10,100,180,0,300,0,18000,30,5,40,40,39,5,13,27,8,6,0,118,2,1245,5,10,0,0,
~30,5,15,40,13,23,0,0,0,3,0,5,6,4,25,20,10,100,180,0,300,0,18000,30,5,40,40,39,5,13,27,8,7,0,118,2,1245,5,10,0,0,
~30,5,15,40,13,23,0,0,0,3,0,5,6,4,25,20,10,100,180,0,300,0,18000,30,5,40,41,40,5,13,27,8,7,0,117,2,1241,5,10,0,0,
~30,5,15,40,13,23,0,0,0,3,0,5,6,4,25,20,10,100,180,0,300,0,18000,30,5,40,41,40,5,13,27,8,7,0,117,2,1241,5,10,0,0,
~30,5,15,40,13,23,0,0,0,3,0,5,6,4,25,20,10,100,180,0,300,0,18000,30,5,40,39,39,5,13,27,8,7,0,115,2,1244,5,10,0,0,
~30,5,15,40,13,23,0,0,0,3,0,5,6,4,25,20,10,100,180,0,300,0,18000,30,5,40,39,39,5,13,27,8,7,0,115,2,1244,5,10,0,0,
~30,5,15,40,13,23,0,0,0,3,0,5,6,4,25,20,10,100,180,0,300,0,18000,30,5,40,41,40,5,13,27,8,7,0,114,2,1237,5,10,0,0,
~30,5,15,40,13,23,0,0,0,3,0,5,6,4,25,20,10,100,180,0,300,0,18000,30,5,40,41,40,5,13,27,8,7,0,114,2,1237,5,10,0,0,
~30,5,15,40,13,23,0,0,0,3,0,5,6,4,25,20,10,100,180,0,300,0,18000,30,5,40,38,39,5,13,27,8,7,0,113,2,1232,5,10,0,0,
~30,5,15,40,13,23,0,0,0,3,0,5,6,4,25,20,10,100,180,0,300,0,18000,30,5,40,38,39,5,13,27,8,6,0,113,2,1232,5,10,0,0,
~30,5,15,40,13,23,0,0,0,3,0,5,6,4,25,20,10,100,180,0,300,0,18000,30,5,40,41,40,5,13,27,8,6,0,112,2,1210,5,10,0,0,
~30,5,15,40,13,23,0,0,0,3,0,5,6,4,25,20,10,100,180,0,300,0,18000,30,5,40,41,40,5,13,27,8,7,0,112,2,1210,5,10,0,0,
~30,5,15,40,13,23,0,0,0,3,0,5,6,4,25,20,10,100,180,0,300,0,18000,30,5,40,39,39,5,13,27,8,7,0,112,2,1219,5,10,0,0,
~30,5,15,40,13,23,0,0,0,3,0,5,6,4,25,20,10,100,180,0,300,0,18000,30,5,40,39,39,5,13,27,8,7,0,112,2,1219,5,10,0,0,
~30,5,15,40,13,23,0,0,0,3,0,5,6,4,25,20,10,100,180,0,300,0,18000,30,5,40,39,39,5,13,27,8,7,0,112,1,1240,5,10,0,0,
~30,5,15,40,13,23,0,0,0,3,0,5,6,4,25,20,10,100,180,0,300,0,18000,30,5,40,39,39,5,13,27,8,7,0,112,1,1240,5,10,0,0,
~30,5,15,40,13,23,0,0,0,3,0,5,6,4,25,20,10,100,180,0,300,0,18000,30,5,40,39,39,5,13,27,8,7,0,112,1,1235,5,10,0,0,
~30,5,15,40,13,23,0,0,0,3,0,5,6,4,25,20,10,100,180,0,300,0,18000,30,5,40,39,39,5,13,27,8,7,0,112,1,1235,5,10,0,0,
~30,5,15,40,13,23,0,0,0,3,0,5,6,4,25,20,10,100,180,0,300,0,18000,30,5,40,40,39,5,13,27,8,6,0,112,1,1231,5,10,0,0,
~30,5,15,40,13,23,0,0,0,3,0,5,6,4,25,20,10,100,180,0,300,0,18000,30,5,40,40,39,5,13,27,8,6,0,112,1,1231,5,10,0,0,
~30,5,15,40,13,23,0,0,0,3,0,5,6,4,25,20,10,100,180,0,300,0,18000,30,5,40,40,39,5,13,27,8,7,0,113,1,1208,5,10,0,0,
~30,5,15,40,13,23,0,0,0,3,0,5,6,4,25,20,10,100,180,0,300,0,18000,30,5,40,40,39,5,13,27,8,7,0,113,1,1208,5,10,0,0,
~30,5,15,40,13,23,0,0,0,3,0,5,6,4,25,20,10,100,180,0,300,0,18000,30,5,40,40,39,5,13,27,8,6,0,114,1,1223,5,10,0,0,
~30,5,15,40,13,23,0,0,0,3,0,5,6,4,25,20,10,100,180,0,300,0,18000,30,5,40,41,40,5,13,27,8,6,0,115,1,1235,5,11,0,0,
~30,5,15,40,13,23,0,0,0,3,0,5,6,4,25,20,10,100,180,0,300,0,18000,30,5,40,41,40,5,13,27,8,7,0,115,1,1235,5,11,0,0,
~30,5,15,40,13,23,0,0,0,3,0,5,6,4,25,20,10,100,180,0,300,0,18000,30,5,40,41,39,5,13,27,8,7,0,116,1,1231,5,11,0,0,
~30,5,15,40,13,23,0,0,0,3,0,5,6,4,25,20,10,100,180,0,300,0,18000,30,5,40,41,39,5,13,27,8,7,0,116,1,1231,5,11,0,0,
~30,5,15,40,13,23,0,0,0,3,0,5,6,4,25,20,10,100,180,0,300,0,18000,30,5,40,38,39,5,13,27,8,7,0,116,1,1231,5,11,0,0,
~30,5,15,40,13,23,0,0,0,3,0,5,6,4,25,20,10,100,180,0,300,0,18000,30,5,40,38,39,5,13,27,8,7,0,116,1,1231,5,11,0,0,
~30,5,15,40,13,23,0,0,0,3,0,5,6,4,25,20,10,100,180,0,300,0,18000,30,5,40,40,39,5,13,27,8,7,0,117,1,1225,5,11,0,0,
~30,5,15,40,13,23,0,0,0,3,0,5,6,4,25,20,10,100,180,0,300,0,18000,30,5,40,40,39,5,13,27,8,7,0,117,1,1225,5,11,0,0,
~30,5,15,40,13,23,0,0,0,3,0,5,6,4,25,20,10,100,180,0,300,0,18000,30,5,40,40,39,5,13,27,8,7,0,117,1,1242,5,11,0,0,
~30,5,15,40,13,23,0,0,0,3,0,5,6,4,25,20,10,100,180,0,300,0,18000,30,6,40,40,39,6,13,27,8,7,0,117,1,1242,5,11,0,0,
~30,5,15,40,13,23,0,0,0,3,0,5,6,4,25,20,10,100,180,0,300,0,18000,30,6,40,40,39,6,13,27,8,7,0,117,1,1189,5,11,0,0,
~30,5,15,40,13,23,0,0,0,3,0,5,6,4,25,20,10,100,180,0,300,0,18000,30,5,40,40,39,5,13,27,8,7,0,117,1,1189,5,11,0,0,
~30,5,15,40,13,23,0,0,0,3,0,5,6,4,25,20,10,100,180,0,300,0,18000,30,5,40,40,39,5,13,27,8,7,0,117,1,1206,5,11,0,0,
~30,5,15,40,13,23,0,0,0,3,0,5,6,4,25,20,10,100,180,0,300,0,18000,30,5,40,40,39,5,13,27,8,7,0,117,1,1206,5,11,0,0,
~30,5,15,40,13,23,0,0,0,3,0,5,6,4,25,20,10,100,180,0,300,0,18000,30,5,40,40,39,5,13,27,8,7,0,117,1,1212,5,10,0,0,
~30,5,15,40,13,23,0,0,0,3,0,5,6,4,25,20,10,100,180,0,300,0,18000,30,5,40,40,39,5,13,27,8,7,0,117,1,1212,5,10,0,0,
~30,5,15,40,13,23,0,0,0,3,0,5,6,4,25,20,10,100,180,0,300,0,18000,30,5,40,40,39,5,13,27,8,7,0,117,1,1223,5,10,0,0,
~30,5,15,40,13,23,0,0,0,3,0,5,6,4,25,20,10,100,180,0,300,0,18000,30,5,40,40,39,5,13,27,8,7,0,117,1,1223,5,10,0,0,
~30,5,15,40,13,23,0,0,0,3,0,5,6,4,25,20,10,100,180,0,300,0,18000,30,5,40,41,40,5,13,27,8,6,0,117,1,1226,5,10,0,0,
~30,5,15,40,13,23,0,0,0,3,0,5,6,4,25,20,10,100,180,0,300,0,18000,30,5,40,41,40,5,13,27,8,6,0,117,1,1226,5,10,0,0,
~30,5,15,40,13,23,0,0,0,3,0,5,6,4,25,20,10,100,180,0,300,0,18000,30,5,40,40,40,5,13,27,8,7,0,117,1,1224,5,10,0,0,
~30,5,15,40,13,23,0,0,0,3,0,5,6,4,25,20,10,100,180,0,300,0,18000,30,5,40,40,40,5,13,27,8,7,0,117,1,1224,5,10,0,0,
~30,5,15,40,13,23,0,0,0,3,0,5,6,4,25,20,10,100,180,0,300,0,18000,30,5,40,40,40,5,13,27,8,7,0,117,1,1224,5,10,0,0,
~30,5,15,40,13,23,0,0,0,3,0,5,6,4,25,20,10,100,180,0,300,0,18000,30,5,40,40,40,5,13,27,8,7,0,117,1,1224,5,10,0,0,
~30,5,15,40,13,23,0,0,0,3,0,5,6,4,25,20,10,100,180,0,300,0,18000,30,5,40,40,40,5,13,27,8,7,0,117,1,1215,5,10,0,0,
~30,5,15,40,13,23,0,0,0,3,0,5,6,4,25,20,10,100,180,0,300,0,18000,30,5,40,41,39,5,13,27,8,7,0,117,1,1205,5,10,0,0,
~30,5,15,40,13,23,0,0,0,3,0,5,6,4,25,20,10,100,180,0,300,0,18000,30,5,40,41,39,5,14,27,8,7,0,117,1,1205,5,10,0,0,
~30,5,15,40,13,23,0,0,0,3,0,5,6,4,25,20,10,100,180,0,300,0,18000,30,4,40,323,143,4,13,27,9,7,0,121,7,938,15,8,0,0,
~30,5,15,40,13,23,0,0,0,3,0,5,6,4,25,20,10,100,180,0,300,0,18000,31,4,40,323,143,4,13,27,9,7,0,121,7,938,15,8,0,0,
~30,5,15,40,13,23,0,0,0,3,0,5,6,4,25,20,10,100,180,0,300,0,18000,31,4,40,3,123,4,13,27,9,7,0,132,12,1357,22,8,0,0,
~30,5,15,40,13,23,0,0,0,3,0,5,6,4,25,20,10,100,180,0,300,0,18000,31,4,40,3,123,4,13,27,9,7,2,132,12,1357,22,8,0,0,
~30,5,15,40,13,23,0,0,0,3,0,5,6,4,25,20,10,100,180,0,300,0,18000,31,4,40,3,123,4,13,27,9,7,2,140,12,1357,22,8,0,0,
~30,5,15,40,13,23,0,0,0,3,0,5,6,4,25,20,10,100,180,0,300,0,18000,31,4,40,3,123,4,13,27,9,6,4,140,12,1357,22,8,0,0,
~30,5,15,40,13,23,0,0,0,3,0,5,6,4,25,20,10,100,180,0,300,0,18000,31,4,40,301,184,4,13,27,9,6,4,136,15,1105,26,8,0,0,
~30,5,15,40,13,23,0,0,0,3,0,5,6,4,25,20,10,100,180,0,300,0,18000,30,5,40,301,184,5,13,27,9,7,5,136,15,1105,26,8,0,0,
~30,5,15,40,13,23,0,0,0,3,0,5,6,4,25,20,10,100,180,0,300,0,18000,30,5,40,36,151,5,13,27,9,7,5,151,13,865,19,6,0,0,
~30,5,15,40,13,23,0,0,0,3,0,5,6,4,25,20,10,100,180,0,300,0,18000,30,4,40,36,151,4,13,27,9,6,5,151,13,865,19,6,0,0,
~30,5,15,40,13,23,0,0,0,3,0,5,6,4,25,20,10,100,180,0,300,0,18000,30,4,40,320,114,4,13,27,9,6,5,162,18,1149,24,7,0,0,
~30,5,15,40,13,23,0,0,0,3,0,5,6,4,25,20,10,100,180,0,300,0,18000,30,5,40,320,114,5,13,27,8,6,6,162,18,1149,24,7,0,0,
~30,5,15,40,13,23,0,0,0,3,0,5,6,4,25,20,10,100,180,0,300,0,18000,30,5,40,36,70,5,13,27,8,6,6,169,15,1398,13,5,0,0,
~30,5,15,40,13,23,0,0,0,3,0,5,6,4,25,20,10,100,180,0,300,0,18000,30,5,40,36,70,5,13,27,8,7,6,169,15,1398,13,5,0,0,
~30,5,15,40,13,23,0,0,0,3,0,5,6,4,25,20,10,100,180,0,300,0,18000,30,5,40,0,62,5,12,27,8,6,6,181,13,1075,9,7,0,0,
~30,5,15,40,13,23,0,0,0,3,0,5,6,4,25,20,10,100,180,0,300,0,18000,31,5,40,0,62,5,12,27,8,6,6,181,13,1075,9,7,0,0,
~30,5,15,40,13,23,0,0,0,3,0,5,6,4,25,20,10,100,180,0,300,0,18000,31,5,40,3,62,5,13,27,8,6,6,183,13,1075,9,7,0,0,
~30,5,15,40,13,23,0,0,0,3,0,5,6,4,25,20,10,100,180,0,300,0,18000,31,5,40,3,62,5,13,27,8,6,6,183,13,1075,9,7,0,0,
~30,5,15,40,13,23,0,0,0,3,0,5,6,4,25,20,10,100,180,0,300,0,18000,31,5,40,46,55,5,13,27,8,6,6,179,12,1118,8,9,0,0,
~30,5,15,40,13,23,0,0,0,3,0,5,6,4,25,20,10,100,180,0,300,0,18000,30,5,40,46,55,5,13,27,8,6,6,179,12,1118,8,9,0,0,
~30,5,15,40,13,23,0,0,0,3,0,5,6,4,25,20,10,100,180,0,300,0,18000,30,6,40,43,50,6,13,27,8,7,6,181,10,1150,7,8,0,0,
~30,5,15,40,13,23,0,0,0,3,0,5,6,4,25,20,10,100,180,0,300,0,18000,30,6,40,42,47,6,13,27,8,7,6,182,9,1133,6,9,0,0,
~30,5,15,40,13,23,0,0,0,3,0,5,6,4,25,20,10,100,180,0,300,0,18000,30,5,40,42,47,5,13,27,8,7,6,182,9,1133,6,9,0,0,
~30,5,15,40,13,23,0,0,0,3,0,5,6,4,25,20,10,100,180,0,300,0,18000,30,5,40,42,45,5,13,27,8,7,6,182,8,1173,6,9,0,0,
~30,5,15,40,13,23,0,0,0,3,0,5,6,4,25,20,10,100,180,0,300,0,18000,30,5,40,42,45,5,13,27,8,7,6,182,8,1173,6,9,0,0,
~30,5,15,40,13,23,0,0,0,3,0,5,6,4,25,20,10,100,180,0,300,0,18000,30,5,40,42,44,5,13,27,8,7,6,183,8,1181,5,9,0,0,
~30,5,15,40,13,23,0,0,0,3,0,5,6,4,25,20,10,100,180,0,300,0,18000,30,5,40,42,44,5,13,27,8,7,6,183,8,1181,5,9,0,0,
~30,5,15,40,13,23,0,0,0,3,0,5,6,4,25,20,10,100,180,0,300,0,18000,30,5,40,41,42,5,13,27,8,7,6,184,7,1195,5,9,0,0,
~30,5,15,40,13,23,0,0,0,3,0,5,6,4,25,20,10,100,180,0,300,0,18000,30,5,40,41,42,5,13,27,8,6,6,184,7,1195,5,9,0,0,
~30,5,15,40,13,23,0,0,0,3,0,5,6,4,25,20,10,100,180,0,300,0,18000,30,5,40,42,42,5,13,27,8,6,6,184,6,1201,5,10,0,0,
~30,5,15,40,13,23,0,0,0,3,0,5,6,4,25,20,10,100,180,0,300,0,18000,30,5,40,42,42,5,13,27,8,6,6,184,6,1201,5,10,0,0,
~30,5,15,40,13,23,0,0,0,3,0,5,6,4,25,20,10,100,180,0,300,0,18000,30,5,40,40,41,5,13,27,8,6,6,184,5,1205,5,10,0,0,
~30,5,15,40,13,23,0,0,0,3,0,5,6,4,25,20,10,100,180,0,300,0,18000,30,5,40,40,41,5,13,27,8,6,6,184,5,1205,5,10,0,0,
~30,5,15,40,13,23,0,0,0,3,0,5,6,4,25,20,10,100,180,0,300,0,18000,30,5,40,41,41,5,13,27,8,6,6,184,5,1215,5,10,0,0,
~30,5,15,40,13,23,0,0,0,3,0,5,6,4,25,20,10,100,180,0,300,0,18000,30,5,40,41,41,5,13,27,8,6,6,184,5,1215,5,10,0,0,
~30,5,15,40,13,23,0,0,0,3,0,5,6,4,25,20,10,100,180,0,300,0,18000,30,5,40,40,41,5,13,27,8,6,6,184,4,1205,5,11,0,0,
~30,5,15,40,13,23,0,0,0,3,0,5,6,4,25,20,10,100,180,0,300,0,18000,30,5,40,40,41,5,13,27,8,6,6,184,4,1205,5,11,0,0,
~30,5,15,40,13,23,0,0,0,3,0,5,6,4,25,20,10,100,180,0,300,0,18000,30,5,40,41,41,5,13,27,8,6,6,185,4,1211,5,10,0,0,
~30,5,15,40,13,23,0,0,0,3,0,5,6,4,25,20,10,100,180,0,300,0,18000,30,5,40,41,41,5,13,27,8,6,6,185,4,1211,5,10,0,0,
~30,5,15,40,13,23,0,0,0,3,0,5,6,4,25,20,10,100,180,0,300,0,18000,30,5,40,41,40,5,13,27,8,6,6,185,4,1207,5,11,0,0,
~30,5,15,40,13,23,0,0,0,3,0,5,6,4,25,20,10,100,180,0,300,0,18000,30,5,40,41,40,5,13,27,8,6,6,185,4,1207,5,11,0,0,
~30,5,15,40,13,23,0,0,0,3,0,5,6,4,25,20,10,100,180,0,300,0,18000,30,5,40,41,40,5,13,27,8,6,6,185,3,1213,5,11,0,0,
~30,5,15,40,13,23,0,0,0,3,0,5,6,4,25,20,10,100,180,0,300,0,18000,30,5,40,41,40,5,13,27,8,6,6,185,3,1213,5,11,0,0,
~30,5,15,40,13,23,0,0,0,3,0,5,6,4,25,20,10,100,180,0,300,0,18000,30,5,40,41,40,5,13,27,8,6,6,185,3,1206,5,10,0,0,
~30,5,15,40,13,23,0,0,0,3,0,5,6,4,25,20,10,100,180,0,300,0,18000,30,5,40,41,40,5,13,27,8,6,6,185,3,1206,5,10,0,0,
~30,5,15,40,13,23,0,0,0,3,0,5,6,4,25,20,10,100,180,0,300,0,18000,30,5,40,42,40,5,13,27,8,6,6,185,3,1216,5,10,0,0,
~30,5,15,40,13,23,0,0,0,3,0,5,6,4,25,20,10,100,180,0,300,0,18000,30,5,40,41,40,5,13,27,8,6,6,185,3,1222,5,10,0,0,
~30,5,15,40,13,23,0,0,0,3,0,5,6,4,25,20,10,100,180,0,300,0,18000,30,5,40,41,40,5,13,27,8,6,6,185,3,1222,5,10,0,0,
~30,5,15,40,13,23,0,0,0,3,0,5,6,4,25,20,10,100,180,0,300,0,18000,30,5,40,41,40,5,13,27,8,6,6,185,3,1232,5,10,0,0,
~30,5,15,40,13,23,0,0,0,3,0,5,6,4,25,20,10,100,180,0,300,0,18000,30,5,40,41,40,5,13,27,8,6,6,185,3,1232,5,10,0,0,
~30,5,15,40,13,23,0,0,0,3,0,5,6,4,25,20,10,100,180,0,300,0,18000,30,5,40,40,40,5,13,27,8,6,6,185,3,1234,5,10,0,0,
~30,5,15,40,13,23,0,0,0,3,0,5,6,4,25,20,10,100,180,0,300,0,18000,30,5,40,40,40,5,13,27,8,7,6,185,3,1234,5,10,0,0,
~30,5,15,40,13,23,0,0,0,3,0,5,6,4,25,20,10,100,180,0,300,0,18000,30,5,40,41,40,5,13,27,8,7,6,185,2,1229,5,10,0,0,
~30,5,15,40,13,23,0,0,0,3,0,5,6,4,25,20,10,100,180,0,300,0,18000,30,5,40,41,40,5,13,27,8,7,6,185,2,1229,5,10,0,0,
~30,5,15,40,13,23,0,0,0,3,0,5,6,4,25,20,10,100,180,0,300,0,18000,30,5,40,40,40,5,13,27,8,7,6,185,2,1232,5,10,0,0,
~30,5,15,40,13,23,0,0,0,3,0,5,6,4,25,20,10,100,180,0,300,0,18000,30,5,40,40,40,5,13,27,8,7,6,185,2,1232,5,10,0,0,
~30,5,15,40,13,23,0,0,0,3,0,5,6,4,25,20,10,100,180,0,300,0,18000,30,5,40,40,40,5,13,27,8,7,6,185,2,1229,5,10,0,0,
~30,5,15,40,13,23,0,0,0,3,0,5,6,4,25,20,10,100,180,0,300,0,18000,30,5,40,40,40,5,13,27,8,7,6,185,2,1229,5,10,0,0,
~30,5,15,40,13,23,0,0,0,3,0,5,6,4,25,20,10,100,180,0,300,0,18000,30,5,40,40,40,5,13,27,8,7,6,182,2,1233,5,10,0,0,
~30,5,15,40,13,23,0,0,0,3,0,5,6,4,25,20,10,100,180,0,300,0,18000,29,5,40,40,40,5,13,27,8,7,6,182,2,1233,5,10,0,0,
~30,5,15,40,13,23,0,0,0,3,0,5,6,4,25,20,10,100,180,0,300,0,18000,29,5,40,41,40,5,13,27,8,7,6,171,2,1235,5,10,0,0,
~30,5,15,40,13,23,0,0,0,3,0,5,6,4,25,20,10,100,180,0,300,0,18000,29,5,40,41,40,5,13,27,8,7,4,171,2,1235,5,10,0,0,
~30,5,15,40,13,23,0,0,0,3,0,5,6,4,25,20,10,100,180,0,300,0,18000,29,5,40,40,40,5,13,27,8,7,4,163,1,1221,5,10,0,0,
~30,5,15,40,13,23,0,0,0,3,0,5,6,4,25,20,10,100,180,0,300,0,18000,29,5,40,40,40,5,13,27,8,7,2,163,1,1221,5,10,0,0,
~30,5,15,40,13,23,0,0,0,3,0,5,6,4,25,20,10,100,180,0,300,0,18000,29,5,40,41,40,5,13,27,8,7,2,167,1,1225,5,10,0,0,
~30,5,15,40,13,23,0,0,0,3,0,5,6,4,25,20,10,100,180,0,300,0,18000,30,5,40,41,40,5,13,27,8,7,1,167,1,1225,5,10,0,0,
~30,5,15,40,13,23,0,0,0,3,0,5,6,4,25,20,10,100,180,0,300,0,18000,30,5,40,41,40,5,13,27,8,7,1,153,1,1224,5,10,0,0,
~30,5,15,40,13,23,0,0,0,3,0,5,6,4,25,20,10,100,180,0,300,0,18000,30,5,40,41,40,5,13,27,8,7,1,153,1,1224,5,10,0,0,
~30,5,15,40,13,23,0,0,0,3,0,5,6,4,25,20,10,100,180,0,300,0,18000,30,5,40,40,40,5,13,27,8,7,1,141,1,1227,5,10,0,0,
~30,5,15,40,13,23,0,0,0,3,0,5,6,4,25,20,10,100,180,0,300,0,18000,30,5,40,40,40,5,13,27,8,7,0,141,1,1227,5,10,0,0,
~30,5,15,40,13,23,0,0,0,3,0,5,6,4,25,20,10,100,180,0,300,0,18000,30,5,40,41,40,5,13,27,8,7,0,134,1,1233,5,10,0,0,
~30,5,15,40,13,23,0,0,0,3,0,5,6,4,25,20,10,100,180,0,300,0,18000,30,5,40,40,39,5,13,27,8,7,0,123,1,1235,5,10,0,0,
~30,5,15,40,13,23,0,0,0,3,0,5,6,4,25,20,10,100,180,0,300,0,18000,29,5,40,40,39,5,13,27,8,6,0,123,1,1235,5,10,0,0,
~30,5,15,40,13,23,0,0,0,3,0,5,6,4,25,20,10,100,180,0,300,0,18000,29,5,40,40,39,5,13,27,8,6,0,120,1,1237,5,10,0,0,
~30,5,15,40,13,23,0,0,0,3,0,5,6,4,25,20,10,100,180,0,300,0,18000,29,5,40,40,39,5,13,27,8,6,0,120,1,1237,5,10,0,0,
~30,5,15,40,13,23,0,0,0,3,0,5,6,4,25,20,10,100,180,0,300,0,18000,29,5,40,41,40,5,13,27,8,6,0,124,1,1237,5,10,0,0,
~30,5,15,40,13,23,0,0,0,3,0,5,6,4,25,20,10,100,180,0,300,0,18000,30,5,40,41,40,5,13,27,8,6,0,124,1,1237,5,10,0,0,
~30,5,15,40,13,23,0,0,0,3,0,5,6,4,25,20,10,100,180,0,300,0,18000,30,5,40,42,40,5,13,27,8,6,0,123,2,1242,5,10,0,0,
~30,5,15,40,13,23,0,0,0,3,0,5,6,4,25,20,10,100,180,0,300,0,18000,30,5,40,42,40,5,13,27,8,6,0,123,2,1242,5,10,0,0,
~30,5,15,40,13,23,0,0,0,3,0,5,6,4,25,20,10,100,180,0,300,0,18000,30,5,40,41,40,5,13,27,8,6,0,122,2,1226,5,10,0,0,
~30,5,15,40,13,23,0,0,0,3,0,5,6,4,25,20,10,100,180,0,300,0,18000,30,5,40,41,40,5,13,27,8,6,0,122,2,1226,5,10,0,0,
~30,5,15,40,13,23,0,0,0,3,0,5,6,4,25,20,10,100,180,0,300,0,18000,30,5,40,41,40,5,13,27,8,6,0,121,2,1230,5,10,0,0,
~30,5,15,40,13,23,0,0,0,3,0,5,6,4,25,20,10,100,180,0,300,0,18000,30,5,40,41,40,5,13,27,8,7,0,121,2,1230,5,10,0,0,
~30,5,15,40,13,23,0,0,0,3,0,5,6,4,25,20,10,100,180,0,300,0,18000,30,5,40,40,40,5,13,27,8,6,0,121,1,1215,5,10,0,0,
~30,5,15,40,13,23,0,0,0,3,0,5,6,4,25,20,10,100,180,0,300,0,18000,30,5,40,40,40,5,13,27,8,6,0,121,1,1215,5,10,0,0,
~30,5,15,40,13,23,0,0,0,3,0,5,6,4,25,20,10,100,180,0,300,0,18000,30,5,40,40,39,5,13,27,8,7,0,120,1,1247,5,10,0,0,
~30,5,15,40,13,23,0,0,0,3,0,5,6,4,25,20,10,100,180,0,300,0,18000,30,5,40,40,39,5,13,27,8,7,0,120,1,1247,5,10,0,0,
~30,5,15,40,13,23,0,0,0,3,0,5,6,4,25,20,10,100,180,0,300,0,18000,30,5,40,40,39,5,13,27,8,6,0,120,1,1226,5,10,0,0,
~30,5,15,40,13,23,0,0,0,3,0,5,6,4,25,20,10,100,180,0,300,0,18000,30,5,40,40,39,5,13,27,8,6,0,120,1,1226,5,10,0,0,
~30,5,15,40,13,23,0,0,0,3,0,5,6,4,25,20,10,100,180,0,300,0,18000,30,5,40,41,40,5,13,27,8,6,0,120,1,1221,5,11,0,0,
~30,5,15,40,13,23,0,0,0,3,0,5,6,4,25,20,10,100,180,0,300,0,18000,30,5,40,41,40,5,13,27,8,6,0,120,1,1221,5,11,0,0,
~30,5,15,40,13,23,0,0,0,3,0,5,6,4,25,20,10,100,180,0,300,0,18000,30,5,40,40,39,5,13,27,8,6,0,119,1,1220,5,10,0,0,
~30,5,15,40,13,23,0,0,0,3,0,5,6,4,25,20,10,100,180,0,300,0,18000,30,5,40,40,39,5,13,27,8,6,0,119,1,1220,5,10,0,0,
~30,5,15,40,13,23,0,0,0,3,0,5,6,4,25,20,10,100,180,0,300,0,18000,30,5,40,42,39,5,13,27,8,7,0,119,2,1224,5,11,0,0,
~30,5,15,40,13,23,0,0,0,3,0,5,6,4,25,20,10,100,180,0,300,0,18000,30,5,40,39,39,5,13,27,8,7,0,119,2,1229,5,11,0,0,
~30,5,15,40,13,23,0,0,0,3,0,5,6,4,25,20,10,100,180,0,300,0,18000,30,5,40,39,39,5,13,27,8,7,0,119,2,1229,5,11,0,0,
~30,5,15,40,13,23,0,0,0,3,0,5,6,4,25,20,10,100,180,0,300,0,18000,30,5,40,40,39,5,13,27,8,7,0,119,2,1219,5,11,0,0,
~30,5,15,40,13,23,0,0,0,3,0,5,6,4,25,20,10,100,180,0,300,0,18000,30,5,40,40,39,5,13,27,8,7,0,119,2,1219,5,11,0,0,
~30,5,15,40,13,23,0,0,0,3,0,5,6,4,25,20,10,100,180,0,300,0,18000,30,5,40,40,39,5,13,27,8,7,0,119,2,1217,5,10,0,0,
~30,5,15,40,13,23,0,0,0,3,0,5,6,4,25,20,10,100,180,0,300,0,18000,30,5,40,40,39,5,13,27,8,7,0,119,2,1217,5,10,0,0,
~30,5,15,40,13,23,0,0,0,3,0,5,6,4,25,20,10,100,180,0,300,0,18000,30,5,40,40,39,5,13,27,8,7,0,119,2,1222,5,10,0,0,
~30,5,15,40,13,23,0,0,0,3,0,5,6,4,25,20,10,100,180,0,300,0,18000,30,5,41,40,39,5,13,27,8,7,0,119,2,1222,5,10,0,0,
~30,5,15,40,13,23,0,0,0,3,0,5,6,4,25,20,10,100,180,0,300,0,18000,30,5,41,41,40,5,13,27,8,7,0,119,2,1209,5,10,0,0,
~30,5,15,40,13,23,0,0,0,3,0,5,6,4,25,20,10,100,180,0,300,0,18000,30,5,40,41,40,5,13,27,8,7,0,119,2,1209,5,10,0,0,
~30,5,15,40,13,23,0,0,0,3,0,5,6,4,25,20,10,100,180,0,300,0,18000,30,5,40,41,40,5,13,27,8,7,0,119,2,1210,5,10,0,0,
~30,5,15,40,13,23,0,0,0,3,0,5,6,4,25,20,10,100,180,0,300,0,18000,30,5,40,41,40,5,13,27,8,6,0,119,2,1210,5,10,0,0,
~30,5,15,40,13,23,0,0,0,3,0,5,6,4,25,20,10,100,180,0,300,0,18000,30,5,40,39,39,5,13,27,8,6,0,119,1,1205,5,10,0,0,
~30,5,15,40,13,23,0,0,0,3,0,5,6,4,25,20,10,100,180,0,300,0,18000,30,5,40,39,39,5,13,27,8,7,0,119,1,1205,5,10,0,0,
~30,5,15,40,13,23,0,0,0,3,0,5,6,4,25,20,10,100,180,0,300,0,18000,30,5,40,40,39,5,13,27,8,6,0,118,1,1214,5,10,0,0,
~30,5,15,40,13,23,0,0,0,3,0,5,6,4,25,20,10,100,180,0,300,0,18000,30,5,40,40,39,5,13,27,8,6,0,118,1,1214,5,10,0,0,
~30,5,15,40,13,23,0,0,0,3,0,5,6,4,25,20,10,100,180,0,300,0,18000,30,5,40,40,39,5,13,27,8,6,0,118,1,1204,5,10,0,0,
~30,5,15,40,13,23,0,0,0,3,0,5,6,4,25,20,10,100,180,0,300,0,18000,30,5,40,40,39,5,13,27,8,6,0,118,1,1204,5,10,0,0,
~30,5,15,40,13,23,0,0,0,3,0,5,6,4,25,20,10,100,180,0,300,0,18000,30,5,40,41,40,5,13,27,8,6,0,118,1,1211,5,10,0,0,
~30,5,15,40,13,23,0,0,0,3,0,5,6,4,25,20,10,100,180,0,300,0,18000,30,5,40,41,40,5,13,27,8,6,0,118,1,1211,5,10,0,0,
~30,5,15,40,13,23,0,0,0,3,0,5,6,4,25,20,10,100,180,0,300,0,18000,30,5,40,40,39,5,13,27,8,6,0,118,1,1225,5,10,0,0,
~30,5,15,40,13,23,0,0,0,3,0,5,6,4,25,20,10,100,180,0,300,0,18000,30,5,40,40,39,5,13,27,8,7,0,118,1,1225,5,10,0,0,
~30,5,15,40,13,23,0,0,0,3,0,5,6,4,25,20,10,100,180,0,300,0,18000,30,5,40,40,56,5,13,27,8,7,0,118,1,1026,5,10,0,0,
~30,5,15,40,13,23,0,0,0,3,0,5,6,4,25,20,10,100,180,0,300,0,18000,30,5,40,40,56,5,13,27,8,7,0,118,1,1026,5,10,0,0,
~30,5,15,40,13,23,0,0,0,3,0,5,6,4,25,20,10,100,180,0,300,0,18000,30,5,40,3,54,5,13,27,8,7,0,124,9,1121,16,10,0,0,
~30,5,15,40,13,23,0,0,0,3,0,5,6,4,25,20,10,100,180,0,300,0,18000,31,5,40,3,54,5,13,27,8,7,1,125,9,1121,16,10,0,0,
~30,5,15,40,13,23,0,0,0,3,0,5,6,4,25,20,10,100,180,0,300,0,18000,31,3,40,3,54,3,13,27,9,7,2,125,9,1121,16,10,0,0,
~30,5,15,40,13,23,0,0,0,3,0,5,6,4,25,20,10,100,180,0,300,0,18000,31,3,40,319,151,3,13,27,9,7,2,121,14,885,21,7,0,0,
~30,5,15,40,13,23,0,0,0,3,0,5,6,4,25,20,10,100,180,0,300,0,18000,30,5,40,319,151,5,13,27,8,6,3,121,14,885,21,7,0,0,
~30,5,15,40,13,23,0,0,0,3,0,5,6,4,25,20,10,100,180,0,300,0,18000,30,5,40,49,115,5,13,27,8,6,3,132,12,1021,16,6,0,0,
~30,5,15,40,15,23,0,0,0,3,0,5,6,4,25,20,10,120,200,0,300,0,18000,30,5,40,49,115,5,13,27,8,6,3,132,12,1021,16,6,0,0,
~30,5,15,40,15,23,0,0,0,3,0,5,6,4,25,20,10,120,200,0,300,0,18000,30,5,40,42,90,5,13,27,8,6,3,140,11,1085,12,5,0,0,
~30,5,15,40,15,23,0,0,0,3,0,5,6,4,25,20,10,120,200,0,300,0,18000,30,5,40,42,90,5,14,27,9,6,3,140,11,1085,12,5,0,0,
~30,5,15,40,15,23,0,0,0,3,0,5,6,4,25,20,10,120,200,0,300,0,18000,30,5,40,47,75,5,14,27,9,6,3,145,10,1142,10,6,0,0,
~30,5,15,40,15,23,0,0,0,3,0,5,6,4,25,20,10,120,200,0,300,0,18000,30,5,40,47,75,5,15,27,9,6,4,145,10,1142,10,6,0,0,
~30,5,15,40,15,23,0,0,0,3,0,5,6,4,25,20,10,120,200,0,300,0,18000,30,5,40,53,67,5,15,27,9,6,4,148,9,1175,8,7,0,0,
~30,5,15,40,16,23,0,0,0,3,0,5,6,4,25,20,10,120,210,0,300,0,18000,30,5,40,53,67,5,15,27,9,7,4,148,9,1175,8,7,0,0,
~30,5,15,40,16,23,0,0,0,3,0,5,6,4,25,20,10,120,210,0,300,0,18000,30,5,40,53,62,5,16,27,10,7,4,151,8,1206,7,7,0,0,
~30,5,15,40,16,23,0,0,0,3,0,5,6,4,25,20,10,120,210,0,300,0,18000,30,5,40,53,62,5,16,27,10,7,4,151,8,1206,7,7,0,0,
~30,5,15,40,16,23,0,0,0,3,0,5,6,4,25,20,10,120,210,0,300,0,18000,30,5,40,58,60,5,16,27,10,7,4,153,7,1224,6,9,0,0,
~30,5,15,40,16,23,0,0,0,3,0,5,6,4,25,20,10,120,210,0,300,0,18000,30,5,40,58,60,5,16,27,10,7,4,153,7,1224,6,9,0,0,
~30,5,15,40,16,23,0,0,0,3,0,5,6,4,25,20,10,120,210,0,300,0,18000,30,5,40,57,58,5,16,27,11,7,4,155,6,1236,6,8,0,0,
~30,5,15,40,16,23,0,0,0,3,0,5,6,4,25,20,10,120,210,0,300,0,18000,30,5,40,57,58,5,16,27,11,7,4,155,6,1236,6,8,0,0,
~30,5,15,40,16,23,0,0,0,3,0,5,6,4,25,20,10,120,210,0,300,0,18000,30,5,40,57,58,5,16,27,11,7,4,157,6,1247,5,9,0,0,
~30,5,15,40,16,23,0,0,0,3,0,5,6,4,25,20,10,120,210,0,300,0,18000,30,5,40,57,58,5,16,27,11,7,4,157,6,1247,5,9,0,0,
~30,5,15,40,16,23,0,0,0,3,0,5,6,4,25,20,10,120,210,0,300,0,18000,30,5,40,55,57,5,16,27,11,7,4,159,5,1269,5,9,0,0,
~30,5,15,40,16,23,0,0,0,3,0,5,6,4,25,20,10,120,210,0,300,0,18000,30,5,40,55,57,5,16,27,11,7,4,159,5,1269,5,9,0,0,
~30,5,15,40,16,23,0,0,0,3,0,5,6,4,25,20,10,120,210,0,300,0,18000,30,5,40,57,56,5,16,27,11,7,4,161,5,1266,5,9,0,0,
~30,5,15,40,16,23,0,0,0,3,0,5,6,4,25,20,10,120,210,0,300,0,18000,30,5,40,57,56,5,16,27,11,7,4,161,5,1266,5,9,0,0,
~30,5,15,40,16,23,0,0,0,3,0,5,6,4,25,20,10,120,210,0,300,0,18000,30,5,40,57,56,5,16,27,11,7,4,162,4,1261,5,9,0,0,
~30,5,15,40,16,23,0,0,0,3,0,5,6,4,25,20,10,120,210,0,300,0,18000,30,5,40,57,55,5,16,27,11,7,4,164,4,1259,5,9,0,0,
~30,5,15,40,16,23,0,0,0,3,0,5,6,4,25,20,10,120,210,0,300,0,18000,30,5,40,57,55,5,16,27,11,7,4,164,4,1259,5,9,0,0,
~30,5,15,40,16,23,0,0,0,3,0,5,6,4,25,20,10,120,210,0,300,0,18000,30,5,40,58,55,5,16,27,11,7,4,166,4,1277,5,9,0,0,
~30,5,15,40,14,23,0,0,0,3,0,5,6,4,25,20,10,110,190,0,300,0,18000,30,5,40,58,55,5,16,27,11,7,4,166,4,1277,5,9,0,0,
~30,5,15,40,14,23,0,0,0,3,0,5,6,4,25,20,10,110,190,0,300,0,18000,30,5,40,57,55,5,16,27,11,7,4,167,4,1268,5,9,0,0,
~30,5,15,40,14,23,0,0,0,3,0,5,6,4,25,20,10,110,190,0,300,0,18000,30,5,40,57,55,5,15,27,11,7,4,167,4,1268,5,9,0,0,
~30,5,15,40,14,23,0,0,0,3,0,5,6,4,25,20,10,110,190,0,300,0,18000,30,5,40,46,50,5,15,27,11,7,4,169,3,1295,5,7,0,0,
~30,5,15,40,14,23,0,0,0,3,0,5,6,4,25,20,10,110,190,0,300,0,18000,30,5,40,46,50,5,14,27,10,7,4,169,3,1295,5,7,0,0,
~30,6,15,40,14,23,0,0,0,3,0,5,6,4,25,20,10,110,190,0,300,0,18000,30,5,40,46,49,5,14,27,10,7,4,175,3,1285,5,8,0,0,
~30,6,15,40,14,23,0,0,0,3,0,5,6,4,25,20,10,110,190,0,300,0,18000,31,5,40,46,49,5,14,27,10,7,4,175,3,1285,5,8,0,0,
~30,6,15,40,14,23,0,0,0,3,0,5,6,4,25,20,10,110,190,0,300,0,18000,31,6,40,46,49,6,14,27,9,7,5,176,3,1285,5,8,0,0,
~30,6,15,40,14,23,0,0,0,3,0,5,6,4,25,20,10,110,190,0,300,0,18000,31,6,40,46,49,6,14,27,9,7,5,176,3,1285,5,8,0,0,
~30,6,15,40,14,23,0,0,0,3,0,5,6,4,25,20,10,110,190,0,300,0,18000,31,6,40,44,46,6,14,27,9,7,5,172,2,1264,5,9,0,0,
~30,6,15,40,14,23,0,0,0,3,0,5,6,4,25,20,10,110,190,0,300,0,18000,30,6,40,44,46,6,14,27,9,7,5,172,2,1264,5,9,0,0,
~30,6,15,40,14,23,0,0,0,3,0,5,6,4,25,20,10,110,190,0,300,0,18000,30,6,40,40,44,6,14,27,9,7,5,173,2,1270,5,9,0,0,
~30,6,15,40,13,23,0,0,0,3,0,5,6,4,25,20,10,100,180,0,300,0,18000,30,6,40,40,44,6,14,27,9,7,5,173,2,1270,5,9,0,0,
~30,6,15,40,13,23,0,0,0,3,0,5,6,4,25,20,10,100,180,0,300,0,18000,30,6,40,40,42,6,14,27,8,7,5,173,2,1247,5,10,0,0,
~30,5,15,40,13,23,0,0,0,3,0,5,6,4,25,20,10,100,180,0,300,0,18000,30,6,40,40,42,6,14,27,8,7,5,173,2,1247,5,10,0,0,
~30,5,15,40,13,23,0,0,0,3,0,5,6,4,25,20,10,100,180,0,300,0,18000,30,5,40,40,41,5,13,27,8,7,5,173,2,1243,5,10,0,0,
~30,5,15,40,13,23,0,0,0,3,0,5,6,4,25,20,10,100,180,0,300,0,18000,30,5,40,40,41,5,13,27,8,7,5,173,2,1243,5,10,0,0,
~30,5,15,40,13,23,0,0,0,3,0,5,6,4,25,20,10,100,180,0,300,0,18000,30,5,40,34,39,5,13,27,8,7,5,174,1,1227,4,8,0,0,
~30,5,15,40,13,23,0,0,0,3,0,5,6,4,25,20,10,100,180,0,300,0,18000,30,5,40,34,39,5,13,27,8,7,5,174,1,1227,4,8,0,0,
~30,5,15,40,13,23,0,0,0,3,0,5,6,4,25,20,10,100,180,0,300,0,18000,30,5,40,41,39,5,13,27,8,6,5,174,2,1241,4,10,0,0,
~30,5,15,40,13,23,0,0,0,3,0,5,6,4,25,20,10,100,180,0,300,0,18000,30,5,40,4,41,5,13,27,8,7,5,174,1,1235,4,11,0,0,
~30,5,15,40,13,23,0,0,0,3,0,5,6,4,25,20,10,100,180,0,300,0,18000,30,5,40,4,41,5,13,27,8,7,5,174,1,1235,4,11,0,0,
~30,5,15,40,13,23,0,0,0,3,0,5,6,4,25,20,10,100,180,0,300,0,18000,30,5,40,4,41,5,13,27,8,7,5,178,1,1235,4,11,0,0,
~30,5,15,40,13,23,0,0,0,3,0,5,6,4,25,20,10,100,180,0,300,0,18000,31,5,40,4,41,5,16,27,9,7,6,178,1,1235,4,11,0,0,
~30,5,15,40,13,23,0,0,0,3,0,5,6,4,25,20,10,100,180,0,300,0,18000,31,5,40,23,68,5,16,27,9,7,6,174,1,854,4,7,0,0,
~30,5,15,40,13,23,0,0,0,3,0,5,6,4,25,20,10,100,180,0,300,0,18000,30,5,40,23,68,5,13,27,9,7,7,174,1,854,4,7,0,0,
~30,5,15,40,13,23,0,0,0,3,0,5,6,4,25,20,10,100,180,0,300,0,18000,30,5,40,3,56,5,13,27,9,7,7,183,9,1228,11,5,0,0,
~30,5,15,40,13,23,0,0,0,3,0,5,6,4,25,20,10,100,180,0,300,0,18000,31,5,40,3,56,5,13,27,9,7,8,183,9,1228,11,5,0,0,
~30,5,15,40,13,23,0,0,0,3,0,5,6,4,25,20,10,100,180,0,300,0,18000,31,5,40,299,48,5,13,27,9,7,8,179,16,1285,20,6,0,0,
~30,5,15,40,13,23,0,0,0,3,0,5,6,4,25,20,10,100,180,0,300,0,18000,30,4,40,299,48,4,13,27,9,7,8,179,16,1285,20,6,0,0,
~30,5,15,40,13,23,0,0,0,3,0,5,6,4,25,20,10,100,180,0,300,0,18000,30,4,40,0,48,4,13,27,9,7,8,178,16,1285,20,6,0,0,
~30,5,15,40,13,23,0,0,0,3,0,5,6,4,25,20,10,100,180,0,300,0,18000,30,5,40,0,48,5,13,27,9,7,7,178,16,1285,20,6,0,0,
~30,5,15,40,13,23,0,0,0,3,0,5,6,4,25,20,10,100,180,0,300,0,18000,30,5,40,40,41,5,13,27,8,7,7,178,13,1329,11,5,0,0,
~30,5,15,40,13,23,0,0,0,3,0,5,6,4,25,20,10,100,180,0,300,0,18000,30,5,40,40,41,5,13,27,8,7,6,178,13,1329,11,5,0,0,
~30,5,15,40,13,23,0,0,0,3,0,5,6,4,25,20,10,100,180,0,300,0,18000,30,4,40,3,40,4,13,27,9,7,6,172,20,1347,20,7,0,0,
~30,5,15,40,13,23,0,0,0,3,0,5,6,4,25,20,10,100,180,0,300,0,18000,31,4,40,3,40,4,13,27,9,7,6,172,20,1347,20,7,0,0,
~30,5,15,40,13,23,0,0,0,3,0,5,6,4,25,20,10,100,180,0,300,0,18000,31,5,40,3,40,5,13,27,8,7,6,164,20,1347,20,7,0,53,
~30,5,15,40,13,23,0,0,0,3,0,5,6,4,25,20,10,100,180,0,300,0,18000,31,5,40,3,40,5,13,27,8,7,8,164,20,1347,20,7,0,53,
~30,5,15,40,13,23,0,0,0,3,0,5,6,4,25,20,10,100,180,0,300,0,18000,31,5,40,316,39,5,13,27,8,7,8,155,27,1329,27,7,0,0,
~30,5,15,40,13,23,0,0,0,3,0,5,6,4,25,20,10,100,180,0,300,0,18000,30,5,40,316,39,5,13,27,8,7,7,155,27,1329,27,7,0,0,
~30,5,15,40,13,23,0,0,0,3,0,5,6,4,25,20,10,100,180,0,300,0,18000,30,5,40,44,40,5,13,27,8,7,7,152,25,1313,20,6,0,0,
~30,5,15,40,13,23,0,0,0,3,0,5,6,4,25,20,10,100,180,0,300,0,18000,30,5,40,44,40,5,13,27,8,7,7,152,25,1313,20,6,0,0,
~30,5,15,40,13,23,0,0,0,3,0,5,6,4,25,20,10,100,180,0,300,0,18000,30,5,40,42,39,5,13,27,8,6,7,149,23,1284,15,5,0,0,
~30,5,15,40,13,23,0,0,0,3,0,5,6,4,25,20,10,100,180,0,300,0,18000,30,5,40,42,39,5,13,27,8,6,7,149,23,1284,15,5,0,0,
~30,5,15,40,13,23,0,0,0,3,0,5,6,4,25,20,10,100,180,0,300,0,18000,30,5,40,40,39,5,13,27,8,6,7,147,21,1261,11,5,0,0,
~30,5,15,40,13,23,0,0,0,3,0,5,6,4,25,20,10,100,180,0,300,0,18000,30,5,40,42,40,5,13,27,8,6,7,145,19,1230,9,5,0,0,
~30,5,15,40,13,23,0,0,0,3,0,5,6,4,25,20,10,100,180,0,300,0,18000,30,5,40,42,40,5,13,27,8,6,7,145,19,1230,9,5,0,0,
~30,5,15,40,13,23,0,0,0,3,0,5,6,4,25,20,10,100,180,0,300,0,18000,30,5,40,41,40,5,13,27,8,6,7,143,18,1224,8,5,0,0,
~30,5,15,40,13,23,0,0,0,3,0,5,6,4,25,20,10,100,180,0,300,0,18000,30,5,40,41,40,5,13,27,8,7,7,143,18,1224,8,5,0,0,
~30,5,15,40,13,23,0,0,0,3,0,5,6,4,25,20,10,100,180,0,300,0,18000,30,5,40,41,40,5,13,27,8,7,7,141,16,1220,7,6,0,0,
~30,5,15,40,13,23,0,0,0,3,0,5,6,4,25,20,10,100,180,0,300,0,18000,30,5,40,41,40,5,13,27,8,7,7,141,16,1220,7,6,0,0,
~30,5,15,40,13,23,0,0,0,3,0,5,6,4,25,20,10,100,180,0,300,0,18000,30,5,40,41,40,5,13,27,8,7,7,139,15,1226,6,7,0,0,
~30,5,15,40,13,23,0,0,0,3,0,5,6,4,25,20,10,100,180,0,300,0,18000,30,5,40,41,40,5,13,27,8,7,7,139,15,1226,6,7,0,0,
~30,5,15,40,13,23,0,0,0,3,0,5,6,4,25,20,10,100,180,0,300,0,18000,30,5,40,39,39,5,13,27,8,7,7,138,13,1221,5,8,0,0,
~30,5,15,40,13,23,0,0,0,3,0,5,6,4,25,20,10,100,180,0,300,0,18000,30,5,40,39,39,5,13,27,8,7,7,138,13,1221,5,8,0,0,
~30,5,15,40,13,23,0,0,0,3,0,5,6,4,25,20,10,100,180,0,300,0,18000,30,5,40,41,40,5,13,27,8,7,7,136,12,1203,5,9,0,0,
~30,5,15,40,13,23,0,0,0,3,0,5,6,4,25,20,10,100,180,0,300,0,18000,30,5,40,41,40,5,13,27,8,7,7,136,12,1203,5,9,0,0,
~30,5,15,40,13,23,0,0,0,3,0,5,6,4,25,20,10,100,180,0,300,0,18000,30,5,40,40,40,5,13,27,8,6,7,135,11,1222,5,9,0,0,
~30,5,15,40,13,23,0,0,0,3,0,5,6,4,25,20,10,100,180,0,300,0,18000,30,5,40,40,40,5,13,27,8,6,7,135,11,1222,5,9,0,0,
~30,5,15,40,13,23,0,0,0,3,0,5,6,4,25,20,10,100,180,0,300,0,18000,30,5,40,41,40,5,13,27,8,7,7,133,10,1222,5,9,0,0,
~30,5,15,40,13,23,0,0,0,3,0,5,6,4,25,20,10,100,180,0,300,0,18000,30,5,40,41,40,5,13,27,8,7,7,133,10,1222,5,9,0,0,
~30,5,15,40,13,23,0,0,0,3,0,5,6,4,25,20,10,100,180,0,300,0,18000,30,5,40,41,40,5,13,27,8,6,7,132,9,1226,5,9,0,0,
~30,5,15,40,13,23,0,0,0,3,0,5,6,4,25,20,10,100,180,0,300,0,18000,30,5,40,41,40,5,13,27,8,6,7,132,9,1226,5,9,0,0,
~30,5,15,40,13,23,0,0,0,3,0,5,6,4,25,20,10,100,180,0,300,0,18000,30,5,40,41,40,5,13,27,8,6,7,125,8,1221,5,10,0,0,
~30,5,15,40,13,23,0,0,0,3,0,5,6,4,25,20,10,100,180,0,300,0,18000,29,5,40,41,40,5,13,27,8,6,7,125,8,1221,5,10,0,0,
~30,5,15,40,13,23,0,0,0,3,0,5,6,4,25,20,10,100,180,0,300,0,18000,29,5,40,41,40,5,13,27,8,6,7,124,7,1222,5,10,0,0,
~30,5,15,40,13,23,0,0,0,3,0,5,6,4,25,20,10,100,180,0,300,0,18000,29,5,40,41,40,5,13,27,8,6,6,124,7,1222,5,10,0,0,
~30,5,15,40,13,23,0,0,0,3,0,5,6,4,25,20,10,100,180,0,300,0,18000,29,5,40,40,40,5,13,27,8,6,6,128,7,1220,5,10,0,0,
~30,5,15,40,13,23,0,0,0,3,0,5,6,4,25,20,10,100,180,0,300,0,18000,30,5,40,40,40,5,13,27,8,6,6,128,7,1220,5,10,0,0,
~30,5,15,40,13,23,0,0,0,3,0,5,6,4,25,20,10,100,180,0,300,0,18000,30,5,40,41,40,5,13,27,8,6,6,128,6,1236,5,10,0,0,
~30,5,15,40,13,23,0,0,0,3,0,5,6,4,25,20,10,100,180,0,300,0,18000,30,5,40,42,41,5,13,27,8,6,6,127,6,1232,5,10,0,0,
~30,5,15,40,13,23,0,0,0,3,0,5,6,4,25,20,10,100,180,0,300,0,18000,30,5,40,42,41,5,13,27,8,6,6,127,6,1232,5,10,0,0,
~30,5,15,40,13,23,0,0,0,3,0,5,6,4,25,20,10,100,180,0,300,0,18000,30,5,40,41,40,5,13,27,8,6,6,127,5,1219,5,10,0,0,
~30,5,15,40,13,23,0,0,0,3,0,5,6,4,25,20,10,100,180,0,300,0,18000,30,5,40,41,40,5,13,27,8,6,6,127,5,1219,5,10,0,0,
~30,5,15,40,13,23,0,0,0,3,0,5,6,4,25,20,10,100,180,0,300,0,18000,30,5,40,41,40,5,13,27,8,6,6,127,5,1221,5,10,0,0,
~30,5,15,40,13,23,0,0,0,3,0,5,6,4,25,20,10,100,180,0,300,0,18000,30,5,40,41,40,5,13,27,8,6,6,127,5,1221,5,10,0,0,
~30,5,15,40,13,23,0,0,0,3,0,5,6,4,25,20,10,100,180,0,300,0,18000,30,5,40,41,40,5,13,27,8,6,6,127,5,1218,5,10,0,0,
~30,5,15,40,13,23,0,0,0,3,0,5,6,4,25,20,10,100,180,0,300,0,18000,30,5,40,41,40,5,13,27,8,6,6,127,5,1218,5,10,0,0,
~30,5,15,40,13,23,0,0,0,3,0,5,6,4,25,20,10,100,180,0,300,0,18000,30,5,40,41,40,5,13,27,8,7,6,127,4,1212,5,10,0,0,
~30,5,15,40,13,23,0,0,0,3,0,5,6,4,25,20,10,100,180,0,300,0,18000,30,5,40,41,40,5,13,27,8,7,6,127,4,1212,5,10,0,0,
~30,5,15,40,13,23,0,0,0,3,0,5,6,4,25,20,10,100,180,0,300,0,18000,30,5,40,41,40,5,13,27,8,6,6,123,4,1225,5,10,0,0,
~30,5,15,40,13,23,0,0,0,3,0,5,6,4,25,20,10,100,180,0,300,0,18000,29,5,40,41,40,5,13,27,8,6,5,123,4,1225,5,10,0,0,
~30,5,15,40,13,23,0,0,0,3,0,5,6,4,25,20,10,100,180,0,300,0,18000,29,5,40,39,40,5,13,27,8,6,5,127,4,1225,5,10,0,0,
~30,5,15,40,13,23,0,0,0,3,0,5,6,4,25,20,10,100,180,0,300,0,18000,30,5,40,39,40,5,13,27,8,6,4,127,4,1225,5,10,0,0,
~30,5,15,40,13,23,0,0,0,3,0,5,6,4,25,20,10,100,180,0,300,0,18000,30,5,40,39,39,5,13,27,8,6,4,118,3,1224,5,10,0,0,
~30,5,15,40,13,23,0,0,0,3,0,5,6,4,25,20,10,100,180,0,300,0,18000,29,5,40,39,39,5,13,27,8,6,3,118,3,1224,5,10,0,0,
~30,5,15,40,13,23,0,0,0,3,0,5,6,4,25,20,10,100,180,0,300,0,18000,29,5,40,40,39,5,13,27,8,6,3,116,3,1225,5,10,0,0,
~30,5,15,40,13,23,0,0,0,3,0,5,6,4,25,20,10,100,180,0,300,0,18000,29,5,40,40,39,5,13,27,8,6,2,116,3,1225,5,10,0,0,
~30,5,15,40,13,23,0,0,0,3,0,5,6,4,25,20,10,100,180,0,300,0,18000,29,5,40,42,39,5,13,27,8,6,2,116,3,1206,5,10,0,0,
~30,5,15,40,13,23,0,0,0,3,0,5,6,4,25,20,10,100,180,0,300,0,18000,29,5,40,42,39,5,13,27,8,6,2,116,3,1206,5,10,0,0,
~30,5,15,40,13,23,0,0,0,3,0,5,6,4,25,20,10,100,180,0,300,0,18000,29,5,40,40,39,5,13,27,8,6,2,119,3,1212,5,10,0,0,
~30,5,15,40,13,23,0,0,0,3,0,5,6,4,25,20,10,100,180,0,300,0,18000,30,5,40,40,39,5,13,27,8,6,2,119,3,1212,5,10,0,0,
~30,5,15,40,13,23,0,0,0,3,0,5,6,4,25,20,10,100,180,0,300,0,18000,30,5,40,40,39,5,13,27,8,6,2,115,3,1215,5,10,0,0,
~30,5,15,40,13,23,0,0,0,3,0,5,6,4,25,20,10,100,180,0,300,0,18000,29,5,40,40,39,5,13,27,8,6,2,115,3,1215,5,10,0,0,
~30,5,15,40,13,23,0,0,0,3,0,5,6,4,25,20,10,100,180,0,300,0,18000,29,5,40,41,39,5,13,27,8,6,0,115,3,1237,5,10,0,0,
~30,5,15,40,13,23,0,0,0,3,0,5,6,4,25,20,10,100,180,0,300,0,18000,29,5,40,40,39,5,13,27,8,6,0,119,3,1230,5,10,0,0,
~30,5,15,40,13,23,0,0,0,3,0,5,6,4,25,20,10,100,180,0,300,0,18000,30,5,40,40,39,5,13,27,8,6,0,119,3,1230,5,10,0,0,
~30,5,15,40,13,23,0,0,0,3,0,5,6,4,25,20,10,100,180,0,300,0,18000,30,5,40,40,41,5,13,27,8,6,0,119,3,1245,5,10,0,0,
~30,5,15,40,13,23,0,0,0,3,0,5,6,4,25,20,10,100,180,0,300,0,18000,30,4,40,40,41,4,13,27,8,7,0,119,3,1245,5,10,0,0,
~30,5,15,40,13,23,0,0,0,3,0,5,6,4,25,20,10,100,180,0,300,0,18000,30,4,40,317,144,4,13,27,8,7,0,119,7,834,15,7,0,0,
~30,5,15,40,13,23,0,0,0,3,0,5,6,4,25,20,10,100,180,0,300,0,18000,30,4,40,317,144,4,13,27,8,7,0,119,7,834,15,7,0,0,
~30,5,15,40,13,23,0,0,0,3,0,5,6,4,25,20,10,100,180,0,300,0,18000,30,4,40,4,208,4,13,27,9,7,0,135,10,733,22,5,0,0,
~30,5,15,40,13,23,0,0,0,3,0,5,6,4,25,20,10,100,180,0,300,0,18000,31,4,40,4,208,4,13,27,9,7,3,135,10,733,22,5,0,0,
~30,5,15,40,13,23,0,0,0,3,0,5,6,4,25,20,10,100,180,0,300,0,18000,31,4,40,4,208,4,13,27,9,6,3,152,10,733,22,5,0,0,
~30,5,15,40,13,23,0,0,0,3,0,5,6,4,25,20,10,100,180,0,300,0,18000,31,4,40,4,208,4,13,27,9,6,4,152,10,733,22,5,0,0,
~30,5,15,40,13,23,0,0,0,3,0,5,6,4,25,20,10,100,180,0,300,0,18000,31,5,40,315,236,5,13,27,8,6,4,148,12,668,26,5,0,0,
~30,5,15,40,13,23,0,0,0,3,0,5,6,4,25,20,10,100,180,0,300,0,18000,30,5,40,315,236,5,13,27,8,6,5,148,12,668,26,5,0,0,
~30,5,15,40,13,23,0,0,0,3,0,5,6,4,25,20,10,100,180,0,300,0,18000,30,5,40,46,170,5,13,26,8,6,5,167,10,873,19,4,0,0,
~30,5,15,40,13,23,0,0,0,3,0,5,6,4,25,20,10,100,180,0,300,0,18000,30,5,40,46,170,5,13,26,8,6,5,167,10,873,19,4,0,0,
~30,5,15,40,13,23,0,0,0,3,0,5,6,4,25,20,10,100,180,0,300,0,18000,30,5,40,42,127,5,13,26,8,6,5,180,9,982,14,4,0,0,
~30,5,15,40,13,23,0,0,0,3,0,5,6,4,25,20,10,100,180,0,300,0,18000,30,5,40,42,127,5,13,26,8,6,5,180,9,982,14,4,0,0,
~30,5,15,40,13,23,0,0,0,3,0,5,6,4,25,20,10,100,180,0,300,0,18000,30,5,40,42,98,5,13,26,8,6,5,189,8,1065,11,4,0,0,
~30,5,15,40,13,23,0,0,0,3,0,5,6,4,25,20,10,100,180,0,300,0,18000,30,5,40,42,98,5,13,26,8,6,5,189,8,1065,11,4,0,0,
~30,5,15,40,13,23,0,0,0,3,0,5,6,4,25,20,10,100,180,0,300,0,18000,30,5,40,41,79,5,13,26,8,7,5,195,7,1128,9,4,0,0,
~30,5,15,40,13,23,0,0,0,3,0,5,6,4,25,20,10,100,180,0,300,0,18000,30,5,40,41,79,5,13,26,8,7,5,195,7,1128,9,4,0,0,
~30,5,15,40,13,23,0,0,0,3,0,5,6,4,25,20,10,100,180,0,300,0,18000,30,5,40,41,66,5,13,27,8,6,5,199,7,1157,7,5,0,0,
~30,5,15,40,13,23,0,0,0,3,0,5,6,4,25,20,10,100,180,0,300,0,18000,30,5,40,41,66,5,13,27,8,6,5,199,7,1157,7,5,0,0,
~30,5,15,40,13,23,0,0,0,3,0,5,6,4,25,20,10,100,180,0,300,0,18000,30,5,40,41,58,5,13,27,8,6,5,201,6,1160,6,6,0,0,
~30,5,15,40,13,23,0,0,0,3,0,5,6,4,25,20,10,100,180,0,300,0,18000,30,5,40,40,51,5,13,27,8,6,5,203,5,1193,6,7,0,0,
~30,5,15,40,13,23,0,0,0,3,0,5,6,4,25,20,10,100,180,0,300,0,18000,30,5,40,40,51,5,13,27,8,6,5,203,5,1193,6,7,0,0,
~30,5,15,40,13,23,0,0,0,3,0,5,6,4,25,20,10,100,180,0,300,0,18000,30,5,40,41,48,5,13,27,8,6,5,204,5,1203,5,8,0,0,
~30,5,15,40,13,23,0,0,0,3,0,5,6,4,25,20,10,100,180,0,300,0,18000,30,5,40,41,48,5,13,27,8,6,5,204,5,1203,5,8,0,0,
~30,5,15,40,13,23,0,0,0,3,0,5,6,4,25,20,10,100,180,0,300,0,18000,30,5,40,40,45,5,13,27,8,6,5,205,4,1202,5,9,0,0,
~30,5,15,40,13,23,0,0,0,3,0,5,6,4,25,20,10,100,180,0,300,0,18000,30,5,40,40,45,5,13,27,8,6,5,205,4,1202,5,9,0,0,
~30,5,15,40,13,23,0,0,0,3,0,5,6,4,25,20,10,100,180,0,300,0,18000,30,5,40,41,43,5,13,27,8,6,5,206,4,1209,5,9,0,0,
~30,5,15,40,13,23,0,0,0,3,0,5,6,4,25,20,10,100,180,0,300,0,18000,30,5,40,41,43,5,13,27,8,6,5,206,4,1209,5,9,0,0,
~30,5,15,40,13,23,0,0,0,3,0,5,6,4,25,20,10,100,180,0,300,0,18000,30,5,40,40,42,5,13,27,8,6,5,206,3,1209,5,10,0,0,
~30,5,15,40,13,23,0,0,0,3,0,5,6,4,25,20,10,100,180,0,300,0,18000,30,5,40,40,42,5,13,27,8,6,5,206,3,1209,5,10,0,0,
~30,5,15,40,13,23,0,0,0,3,0,5,6,4,25,20,10,100,180,0,300,0,18000,30,5,40,40,41,5,13,27,8,6,5,206,3,1232,5,10,0,0,
~30,5,15,40,13,23,0,0,0,3,0,5,6,4,25,20,10,100,180,0,300,0,18000,30,5,40,40,41,5,13,27,8,6,5,206,3,1232,5,10,0,0,
~30,5,15,40,13,23,0,0,0,3,0,5,6,4,25,20,10,100,180,0,300,0,18000,30,5,40,40,41,5,13,27,8,6,5,206,3,1229,5,10,0,0,
~30,5,15,40,13,23,0,0,0,3,0,5,6,4,25,20,10,100,180,0,300,0,18000,30,5,40,40,41,5,13,27,8,6,5,206,3,1229,5,10,0,0,
~30,5,15,40,13,23,0,0,0,3,0,5,6,4,25,20,10,100,180,0,300,0,18000,30,5,40,40,40,5,13,27,8,6,5,206,2,1239,5,9,0,0,
~30,5,15,40,15,23,0,0,0,3,0,5,6,4,25,20,10,120,200,0,300,0,18000,30,5,40,40,40,5,13,27,8,6,5,206,2,1239,5,9,0,0,
~30,5,15,40,15,23,0,0,0,3,0,5,6,4,25,20,10,120,200,0,300,0,18000,30,5,40,41,40,5,14,27,8,6,5,206,2,1234,5,10,0,0,
~30,5,15,40,15,23,0,0,0,3,0,5,6,4,25,20,10,120,200,0,300,0,18000,30,5,40,41,40,5,14,27,8,6,5,206,2,1234,5,10,0,0,
~30,5,15,40,15,23,0,0,0,3,0,5,6,4,25,20,10,120,200,0,300,0,18000,30,5,40,44,41,5,15,27,9,6,5,206,3,1232,5,10,0,0,
~30,4,15,40,15,23,0,0,0,3,0,5,6,4,25,20,10,110,200,0,300,0,18000,30,5,40,44,41,5,15,27,9,6,5,206,3,1232,5,10,0,0,
~30,4,15,40,15,23,0,0,0,3,0,5,6,4,25,20,10,110,200,0,300,0,18000,30,4,40,51,44,4,15,27,10,6,5,206,4,1228,5,12,0,0,
~30,4,15,40,15,23,0,0,0,3,0,5,6,4,25,20,10,110,200,0,300,0,18000,30,4,40,51,44,4,15,27,10,6,5,206,4,1228,5,12,0,0,
~30,4,15,40,15,23,0,0,0,3,0,5,6,4,25,20,10,110,200,0,300,0,18000,30,4,40,52,48,4,15,27,10,6,5,207,4,1251,5,11,0,0,
~30,4,15,40,17,23,0,0,0,3,0,5,6,4,25,20,10,130,220,0,300,0,18000,30,4,40,52,48,4,15,27,10,6,5,207,4,1251,5,11,0,0,
~30,4,15,40,17,23,0,0,0,3,0,5,6,4,25,20,10,130,220,0,300,0,18000,30,4,40,57,51,4,15,27,10,6,5,208,4,1263,5,11,0,0,
~30,4,15,40,17,23,0,0,0,3,0,5,6,4,25,20,10,130,220,0,300,0,18000,30,4,40,58,53,4,15,27,10,6,5,209,5,1261,5,10,0,0,
~30,4,15,40,17,23,0,0,0,3,0,5,6,4,25,20,10,130,220,0,300,0,18000,30,4,40,58,53,4,17,27,11,6,5,209,5,1261,5,10,0,0,
~30,4,15,40,17,23,0,0,0,3,0,5,6,4,25,20,10,130,220,0,300,0,18000,30,4,40,68,58,4,17,27,11,6,5,210,6,1276,5,12,0,0,
~30,4,15,40,17,23,0,0,0,3,0,5,6,4,25,20,10,130,220,0,300,0,18000,30,4,40,68,58,4,17,27,12,6,5,210,6,1276,5,12,0,0,
~30,4,15,40,17,23,0,0,0,3,0,5,6,4,25,20,10,130,220,0,300,0,18000,30,4,40,66,60,4,17,27,12,6,5,212,6,1272,5,11,0,0,
~30,4,15,40,17,23,0,0,0,3,0,5,6,4,25,20,10,130,220,0,300,0,18000,30,4,40,66,60,4,17,27,12,6,5,212,6,1272,5,11,0,0,
~30,4,15,40,15,23,0,0,0,3,0,5,6,4,25,20,10,110,200,0,300,0,18000,30,4,40,69,63,4,17,27,12,6,5,214,6,1282,5,11,0,0,
~30,4,15,40,15,23,0,0,0,3,0,5,6,4,25,20,10,110,200,0,300,0,18000,30,4,40,69,63,4,17,27,12,6,5,214,6,1282,5,11,0,0,
~30,4,15,40,15,23,0,0,0,3,0,5,6,4,25,20,10,110,200,0,300,0,18000,30,4,40,68,65,4,15,27,12,6,5,217,6,1303,5,10,0,0,
~30,4,15,40,15,23,0,0,0,3,0,5,6,4,25,20,10,110,200,0,300,0,18000,30,4,40,68,65,4,15,27,12,6,5,217,6,1303,5,10,0,0,
~30,4,15,40,15,23,0,0,0,3,0,5,6,4,25,20,10,110,200,0,300,0,18000,30,4,40,57,62,4,15,27,12,6,5,219,5,1287,5,8,0,0,
~30,4,15,40,14,23,0,0,0,3,0,5,6,4,25,20,10,110,190,0,300,0,18000,30,4,40,57,62,4,15,27,12,6,5,219,5,1287,5,8,0,0,
~30,4,15,40,14,23,0,0,0,3,0,5,6,4,25,20,10,110,190,0,300,0,18000,30,4,40,57,60,4,15,27,11,6,5,221,5,1278,5,8,0,0,
~30,4,15,40,14,23,0,0,0,3,0,5,6,4,25,20,10,110,190,0,300,0,18000,30,4,40,57,60,4,15,27,11,6,5,221,5,1278,5,8,0,0,
~30,4,15,40,14,23,0,0,0,3,0,5,6,4,25,20,10,110,190,0,300,0,18000,30,4,40,58,59,4,14,27,11,6,5,223,4,1280,5,9,0,0,
~30,4,15,40,14,23,0,0,0,3,0,5,6,4,25,20,10,110,190,0,300,0,18000,30,4,40,58,59,4,14,27,11,6,5,223,4,1280,5,9,0,0,
~30,4,15,40,14,23,0,0,0,3,0,5,6,4,25,20,10,110,190,0,300,0,18000,30,4,40,53,57,4,14,27,11,6,5,209,4,1252,5,8,0,0,
~30,4,15,40,14,23,0,0,0,3,0,5,6,4,25,20,10,110,190,0,300,0,18000,29,4,40,53,57,4,14,27,11,6,2,209,4,1252,5,8,0,0,
~30,4,15,40,14,23,0,0,0,3,0,5,6,4,25,20,10,110,190,0,300,0,18000,29,4,40,54,55,4,14,27,10,6,2,194,3,1248,5,8,0,0,
~30,4,15,40,14,23,0,0,0,3,0,5,6,4,25,20,10,110,190,0,300,0,18000,29,4,40,54,55,4,14,27,10,6,1,194,3,1248,5,8,0,0,
~30,4,15,40,13,23,0,0,0,3,0,5,6,4,25,20,10,100,180,0,300,0,18000,29,4,40,52,54,4,14,27,10,6,1,200,3,1238,5,9,0,0,
~30,4,15,40,13,23,0,0,0,3,0,5,6,4,25,20,10,100,180,0,300,0,18000,30,4,40,52,54,4,14,27,10,6,0,200,3,1238,5,9,0,0,
~30,4,15,40,13,23,0,0,0,3,0,5,6,4,25,20,10,100,180,0,300,0,18000,30,4,40,53,53,4,13,27,10,6,0,181,3,1230,5,9,0,0,
~30,4,15,40,13,23,0,0,0,3,0,5,6,4,25,20,10,100,180,0,300,0,18000,30,4,40,53,53,4,13,27,10,6,0,181,3,1230,5,9,0,0,
~30,5,15,40,13,23,0,0,0,3,0,5,6,4,25,20,10,100,180,0,300,0,18000,30,4,40,47,51,4,13,27,10,6,0,170,2,1220,5,7,0,0,
~30,5,15,40,13,23,0,0,0,3,0,5,6,4,25,20,10,100,180,0,300,0,18000,30,4,40,47,50,4,13,27,10,6,0,162,2,1223,5,9,0,0,
~30,5,15,40,13,23,0,0,0,3,0,5,6,4,25,20,10,100,180,0,300,0,18000,30,4,40,47,50,4,13,27,9,6,0,162,2,1223,5,9,0,0,
~30,5,15,40,13,23,0,0,0,3,0,5,6,4,25,20,10,100,180,0,300,0,18000,30,4,40,51,48,4,13,27,9,6,0,157,2,1229,5,10,0,0,30,5,15,40,13,23,0,0,0,3,0,5,6,4,25,20,10,100,180,0,300,0,18000,30,5,40,51,48,5,13,27,9,6,0,157,2,1229,5,10,0,0,
~30,5,15,40,13,23,0,0,0,3,0,5,6,4,25,20,10,100,180,0,300,0,18000,30,5,40,41,45,5,13,27,9,6,0,154,2,1223,5,10,0,0,
~30,5,15,40,13,23,0,0,0,3,0,5,6,4,25,20,10,100,180,0,300,0,18000,30,5,40,41,45,5,13,27,9,6,0,154,2,1223,5,10,0,0,
~30,5,15,40,13,23,0,0,0,3,0,5,6,4,25,20,10,100,180,0,300,0,18000,30,5,40,41,42,5,13,27,8,6,0,152,1,1225,5,10,0,0,
~30,5,15,40,13,23,0,0,0,3,0,5,6,4,25,20,10,100,180,0,300,0,18000,30,5,40,41,42,5,13,27,8,6,0,152,1,1225,5,10,0,0,
~30,5,15,40,13,23,0,0,0,3,0,5,6,4,25,20,10,100,180,0,300,0,18000,30,5,40,3,43,5,12,27,8,6,0,155,1,910,3,16,0,19,
~30,5,15,40,13,23,0,0,0,3,0,5,6,4,25,20,10,100,180,0,300,0,18000,31,5,40,3,43,5,12,27,8,6,0,155,1,910,3,16,0,19,
~30,5,15,40,13,23,0,0,0,3,0,5,6,4,25,20,10,100,180,0,300,0,18000,31,4,40,3,43,4,13,27,8,6,0,154,1,910,3,16,0,0,
~30,5,15,40,13,23,0,0,0,3,0,5,6,4,25,20,10,100,180,0,300,0,18000,31,4,40,3,43,4,13,27,8,6,1,154,1,910,3,16,0,0,
~30,5,15,40,13,23,0,0,0,3,0,5,6,4,25,20,10,100,180,0,300,0,18000,31,5,40,339,42,5,13,27,8,7,1,149,10,1101,14,12,0,0,
~30,5,15,40,13,23,0,0,0,3,0,5,6,4,25,20,10,100,180,0,300,0,18000,30,5,40,339,42,5,13,27,8,7,1,149,10,1101,14,12,0,0,
~30,5,15,40,13,23,0,0,0,3,0,5,6,4,25,20,10,100,180,0,300,0,18000,30,5,40,42,42,5,13,27,8,6,1,149,9,1153,11,9,0,0,
~30,5,15,40,13,23,0,0,0,3,0,5,6,4,25,20,10,100,180,0,300,0,18000,30,5,40,42,42,5,13,27,8,6,1,149,9,1153,11,9,0,0,
~30,5,15,40,13,23,0,0,0,3,0,5,6,4,25,20,10,100,180,0,300,0,18000,30,5,40,42,41,5,13,27,8,6,1,149,8,1183,9,8,0,0,
~30,5,15,40,13,23,0,0,0,3,0,5,6,4,25,20,10,100,180,0,300,0,18000,30,5,40,42,41,5,13,27,8,6,1,149,8,1183,9,8,0,0,
~30,5,15,40,13,23,0,0,0,3,0,5,6,4,25,20,10,100,180,0,300,0,18000,30,5,40,42,41,5,13,27,8,6,1,149,7,1197,7,8,0,0,
~30,5,15,40,13,23,0,0,0,3,0,5,6,4,25,20,10,100,180,0,300,0,18000,30,5,40,42,41,5,13,27,8,6,1,149,7,1197,7,8,0,0,
~30,5,15,40,13,23,0,0,0,3,0,5,6,4,25,20,10,100,180,0,300,0,18000,30,5,40,42,41,5,13,27,8,6,1,149,7,1215,6,8,0,0,
~30,5,15,40,13,23,0,0,0,3,0,5,6,4,25,20,10,100,180,0,300,0,18000,30,5,40,42,41,5,13,27,8,6,1,149,7,1215,6,8,0,0,
~30,5,15,40,13,23,0,0,0,3,0,5,6,4,25,20,10,100,180,0,300,0,18000,30,5,40,41,40,5,13,27,8,6,1,149,6,1227,6,8,0,0,
~30,5,15,40,13,23,0,0,0,3,0,5,6,4,25,20,10,100,180,0,300,0,18000,30,5,40,40,40,5,13,27,8,6,1,149,6,1231,5,9,0,0,
~30,5,15,40,13,23,0,0,0,3,0,5,6,4,25,20,10,100,180,0,300,0,18000,30,5,40,40,40,5,13,27,8,6,1,149,6,1231,5,9,0,0,
~30,5,15,40,13,23,0,0,0,3,0,5,6,4,25,20,10,100,180,0,300,0,18000,30,5,40,40,39,5,13,27,8,6,1,149,5,1234,5,9,0,0,
~30,5,15,40,13,23,0,0,0,3,0,5,6,4,25,20,10,100,180,0,300,0,18000,30,5,40,40,39,5,13,27,8,7,1,149,5,1234,5,9,0,0,
~30,5,15,40,13,23,0,0,0,3,0,5,6,4,25,20,10,100,180,0,300,0,18000,30,5,40,42,40,5,13,27,8,7,1,149,5,1225,5,10,0,0,
~30,5,15,40,13,23,0,0,0,3,0,5,6,4,25,20,10,100,180,0,300,0,18000,30,5,40,42,40,5,13,27,8,6,1,149,5,1225,5,10,0,0,
~30,5,15,40,13,23,0,0,0,3,0,5,6,4,25,20,10,100,180,0,300,0,18000,30,5,40,41,40,5,13,27,8,6,1,148,5,1231,5,10,0,0,
~30,5,15,40,13,23,0,0,0,3,0,5,6,4,25,20,10,100,180,0,300,0,18000,30,5,40,41,40,5,13,27,8,6,1,148,5,1231,5,10,0,0,
~30,5,15,40,13,23,0,0,0,3,0,5,6,4,25,20,10,100,180,0,300,0,18000,30,5,40,40,40,5,13,27,8,6,1,147,4,1237,5,10,0,0,
~30,5,15,40,13,23,0,0,0,3,0,5,6,4,25,20,10,100,180,0,300,0,18000,30,5,40,40,40,5,13,27,8,6,1,147,4,1237,5,10,0,0,
~30,5,15,40,13,23,0,0,0,3,0,5,6,4,25,20,10,100,180,0,300,0,18000,30,5,40,40,40,5,13,27,8,6,1,146,4,1238,5,10,0,0,
~30,5,15,40,13,23,0,0,0,3,0,5,6,4,25,20,10,100,180,0,300,0,18000,30,5,40,40,40,5,13,27,8,6,1,146,4,1238,5,10,0,0,
~30,5,15,40,13,23,0,0,0,3,0,5,6,4,25,20,10,100,180,0,300,0,18000,30,5,40,41,40,5,13,27,8,6,1,145,3,1246,5,11,0,0,
~30,5,15,40,13,23,0,0,0,3,0,5,6,4,25,20,10,100,180,0,300,0,18000,30,5,40,41,40,5,13,27,8,6,1,145,3,1246,5,11,0,0,
~30,5,15,40,13,23,0,0,0,3,0,5,6,4,25,20,10,100,180,0,300,0,18000,30,5,40,41,40,5,13,27,8,6,1,143,3,1252,5,11,0,0,
~30,5,15,40,13,23,0,0,0,3,0,5,6,4,25,20,10,100,180,0,300,0,18000,30,5,40,41,40,5,13,27,8,6,1,143,3,1252,5,11,0,0,
~30,5,15,40,13,23,0,0,0,3,0,5,6,4,25,20,10,100,180,0,300,0,18000,30,6,40,41,40,6,13,27,8,6,1,141,3,1242,5,11,0,0,
~30,5,15,40,13,23,0,0,0,3,0,5,6,4,25,20,10,100,180,0,300,0,18000,30,6,40,41,40,6,13,27,8,6,1,141,3,1242,5,11,0,0,
~30,5,15,40,13,23,0,0,0,3,0,5,6,4,25,20,10,100,180,0,300,0,18000,30,5,40,40,40,5,13,27,8,6,1,139,3,1189,5,10,0,0,
~30,5,15,40,13,23,0,0,0,3,0,5,6,4,25,20,10,100,180,0,300,0,18000,30,5,40,40,40,5,13,27,8,6,1,139,3,1189,5,10,0,0,
~30,5,15,40,13,23,0,0,0,3,0,5,6,4,25,20,10,100,180,0,300,0,18000,30,5,40,41,40,5,13,27,8,6,1,136,3,1183,5,11,0,0,
~30,5,15,40,13,23,0,0,0,3,0,5,6,4,25,20,10,100,180,0,300,0,18000,30,5,40,41,40,5,13,27,8,6,1,136,3,1183,5,11,0,0,
~30,5,15,40,13,23,0,0,0,3,0,5,6,4,25,20,10,100,180,0,300,0,18000,30,5,40,40,40,5,13,27,8,6,1,134,2,1197,5,10,0,0,
~30,5,15,40,13,23,0,0,0,3,0,5,6,4,25,20,10,100,180,0,300,0,18000,30,5,40,40,40,5,13,27,8,6,1,134,2,1197,5,10,0,0,
~30,5,15,40,13,23,0,0,0,3,0,5,6,4,25,20,10,100,180,0,300,0,18000,30,5,40,40,40,5,13,27,8,6,1,132,2,1211,5,10,0,0,
~30,5,15,40,13,23,0,0,0,3,0,5,6,4,25,20,10,100,180,0,300,0,18000,30,5,40,40,40,5,13,27,8,6,1,130,2,1211,5,10,0,0,
~30,5,15,40,13,23,0,0,0,3,0,5,6,4,25,20,10,100,180,0,300,0,18000,30,5,40,40,40,5,13,27,8,6,1,130,2,1211,5,10,0,0,
~30,5,15,40,13,23,0,0,0,3,0,5,6,4,25,20,10,100,180,0,300,0,18000,30,5,40,41,40,5,13,27,8,6,1,129,2,1225,5,10,0,0,
~30,5,15,40,13,23,0,0,0,3,0,5,6,4,25,20,10,100,180,0,300,0,18000,30,5,40,41,40,5,13,27,8,6,1,129,2,1225,5,10,0,0,
~30,5,15,40,13,23,0,0,0,3,0,5,6,4,25,20,10,100,180,0,300,0,18000,30,6,40,41,40,6,13,27,8,6,1,127,2,1253,5,10,0,0,
~30,5,15,40,13,23,0,0,0,3,0,5,6,4,25,20,10,100,180,0,300,0,18000,30,6,40,41,40,6,13,27,8,6,1,127,2,1253,5,10,0,0,
~30,5,15,40,13,23,0,0,0,3,0,5,6,4,25,20,10,100,180,0,300,0,18000,30,5,40,41,40,5,13,27,8,6,1,126,2,1196,5,10,0,0,
~30,5,15,40,13,23,0,0,0,3,0,5,6,4,25,20,10,100,180,0,300,0,18000,30,5,40,41,40,5,13,27,8,6,1,126,2,1196,5,10,0,0,
~30,5,15,40,13,23,0,0,0,3,0,5,6,4,25,20,10,100,180,0,300,0,18000,30,5,40,41,40,5,13,27,8,6,1,124,2,1217,5,10,0,0,
~30,5,15,40,13,23,0,0,0,3,0,5,6,4,25,20,10,100,180,0,300,0,18000,30,5,40,41,40,5,13,27,8,6,1,124,2,1217,5,10,0,0,
~30,5,15,40,13,23,0,0,0,3,0,5,6,4,25,20,10,100,180,0,300,0,18000,30,5,40,40,40,5,13,27,8,6,1,123,1,1215,5,10,0,0,
~30,5,15,40,13,23,0,0,0,3,0,5,6,4,25,20,10,100,180,0,300,0,18000,30,5,40,40,40,5,13,27,8,6,1,123,1,1215,5,10,0,0,
~30,5,15,40,13,23,0,0,0,3,0,5,6,4,25,20,10,100,180,0,300,0,18000,30,5,40,41,40,5,13,27,8,6,1,122,1,1214,5,10,0,0,
~30,5,15,40,13,23,0,0,0,3,0,5,6,4,25,20,10,100,180,0,300,0,18000,30,5,40,41,40,5,13,27,8,6,1,122,1,1214,5,10,0,0,
~30,5,15,40,13,23,0,0,0,3,0,5,6,4,25,20,10,100,180,0,300,0,18000,30,5,40,39,39,5,13,27,8,6,1,121,1,1242,5,9,0,0,
~30,5,15,40,13,23,0,0,0,3,0,5,6,4,25,20,10,100,180,0,300,0,18000,30,5,40,39,39,5,13,27,8,6,1,121,1,1242,5,9,0,0,
~30,5,15,40,13,23,0,0,0,3,0,5,6,4,25,20,10,100,180,0,300,0,18000,30,5,40,40,39,5,13,27,8,6,1,121,1,1241,5,10,0,0,
~30,5,15,40,13,23,0,0,0,3,0,5,6,4,25,20,10,100,180,0,300,0,18000,30,5,40,40,39,5,13,27,8,6,1,121,1,1241,5,10,0,0,
~30,5,15,40,13,23,0,0,0,3,0,5,6,4,25,20,10,100,180,0,300,0,18000,30,5,40,41,40,5,13,27,8,6,1,116,1,1241,5,10,0,0,
~30,5,15,40,13,23,0,0,0,3,0,5,6,4,25,20,10,100,180,0,300,0,18000,29,5,40,41,40,5,13,27,8,6,1,116,1,1241,5,10,0,0,
~30,5,15,40,13,23,0,0,0,3,0,5,6,4,25,20,10,100,180,0,300,0,18000,29,5,40,40,40,5,13,27,8,6,1,116,1,1226,5,10,0,0,
~30,5,15,40,13,23,0,0,0,3,0,5,6,4,25,20,10,100,180,0,300,0,18000,29,5,40,40,40,5,13,27,8,6,0,116,1,1226,5,10,0,0,
~30,5,15,40,13,23,0,0,0,3,0,5,6,4,25,20,10,100,180,0,300,0,18000,29,5,40,41,40,5,13,27,8,6,0,120,1,1235,5,10,0,0,
~30,5,15,40,13,23,0,0,0,3,0,5,6,4,25,20,10,100,180,0,300,0,18000,30,5,40,41,40,5,13,27,8,6,0,120,1,1235,5,10,0,0,
~30,5,15,40,13,23,0,0,0,3,0,5,6,4,25,20,10,100,180,0,300,0,18000,30,5,40,40,39,5,13,27,8,6,0,120,1,1236,5,10,0,0,
~30,5,15,40,13,23,0,0,0,3,0,5,6,4,25,20,10,100,180,0,300,0,18000,30,5,40,41,40,5,13,27,8,6,0,119,1,1237,5,10,0,0,
~30,5,15,40,13,23,0,0,0,3,0,5,6,4,25,20,10,100,180,0,300,0,18000,30,5,40,41,40,5,13,27,8,6,0,119,1,1237,5,10,0,0,
~30,5,15,40,13,23,0,0,0,3,0,5,6,4,25,20,10,100,180,0,300,0,18000,30,5,40,40,40,5,13,27,8,6,0,119,1,1238,5,10,0,0,
~30,5,15,40,13,23,0,0,0,3,0,5,6,4,25,20,10,100,180,0,300,0,18000,30,5,40,40,40,5,13,27,8,6,0,119,1,1238,5,10,0,0,
~30,5,15,40,13,23,0,0,0,3,0,5,6,4,25,20,10,100,180,0,300,0,18000,30,5,40,41,40,5,13,27,8,7,0,119,1,1219,5,10,0,0,
~30,5,15,40,13,23,0,0,0,3,0,5,6,4,25,20,10,100,180,0,300,0,18000,30,5,40,41,40,5,13,27,8,7,0,119,1,1219,5,10,0,0,
~30,5,15,40,13,23,0,0,0,3,0,5,6,4,25,20,10,100,180,0,300,0,18000,30,6,40,40,40,6,13,27,8,7,0,119,1,1226,5,10,0,0,
~30,5,15,40,13,23,0,0,0,3,0,5,6,4,25,20,10,100,180,0,300,0,18000,30,6,40,40,40,6,13,27,8,7,0,119,1,1226,5,10,0,0,
~30,5,15,40,13,23,0,0,0,3,0,5,6,4,25,20,10,100,180,0,300,0,18000,30,5,40,40,40,5,13,27,8,6,0,119,1,1195,5,10,0,0,
~30,5,15,40,13,23,0,0,0,3,0,5,6,4,25,20,10,100,180,0,300,0,18000,30,5,40,40,40,5,13,27,8,6,0,119,1,1195,5,10,0,0,
~30,5,15,40,13,23,0,0,0,3,0,5,6,4,25,20,10,100,180,0,300,0,18000,30,5,40,40,39,5,13,27,8,7,0,119,1,1207,5,10,0,0,
~30,5,15,40,13,23,0,0,0,3,0,5,6,4,25,20,10,100,180,0,300,0,18000,30,5,40,40,39,5,13,27,8,7,0,119,1,1207,5,10,0,0,
~30,5,15,40,13,23,0,0,0,3,0,5,6,4,25,20,10,100,180,0,300,0,18000,30,5,40,40,39,5,13,27,8,6,0,119,1,1218,5,10,0,0,
~30,5,15,40,13,23,0,0,0,3,0,5,6,4,25,20,10,100,180,0,300,0,18000,30,5,40,40,39,5,13,27,8,6,0,119,1,1218,5,10,0,0,
~30,5,15,40,13,23,0,0,0,3,0,5,6,4,25,20,10,100,180,0,300,0,18000,30,5,40,40,38,5,13,27,8,6,0,119,1,1224,5,10,0,0,
~30,5,15,40,13,23,0,0,0,3,0,5,6,4,25,20,10,100,180,0,300,0,18000,30,5,40,40,38,5,13,27,8,6,0,119,1,1224,5,10,0,0,
~30,5,15,40,13,23,0,0,0,3,0,5,6,4,25,20,10,100,180,0,300,0,18000,30,5,40,40,39,5,13,27,8,6,0,119,1,1195,5,10,0,0,
~30,5,15,40,13,23,0,0,0,3,0,5,6,4,25,20,10,100,180,0,300,0,18000,30,5,40,40,39,5,13,27,8,6,0,119,1,1195,5,10,0,0,
~30,5,15,40,13,23,0,0,0,3,0,5,6,4,25,20,10,100,180,0,300,0,18000,30,5,40,39,39,5,13,27,8,6,0,119,1,1202,5,10,0,0,
~30,5,15,40,13,23,0,0,0,3,0,5,6,4,25,20,10,100,180,0,300,0,18000,30,5,40,39,39,5,13,27,8,6,0,119,1,1202,5,10,0,0,
~30,5,15,40,13,23,0,0,0,3,0,5,6,4,25,20,10,100,180,0,300,0,18000,30,5,40,40,38,5,13,27,8,7,0,119,1,1228,5,10,0,0,
~30,5,15,40,13,23,0,0,0,3,0,5,6,4,25,20,10,100,180,0,300,0,18000,30,5,40,40,38,5,13,27,8,7,0,119,1,1228,5,10,0,0,
~30,5,15,40,13,23,0,0,0,3,0,5,6,4,25,20,10,100,180,0,300,0,18000,30,5,40,41,39,5,13,27,8,7,0,118,2,1232,5,10,0,0,
~30,5,15,40,13,23,0,0,0,3,0,5,6,4,25,20,10,100,180,0,300,0,18000,30,5,40,40,39,5,13,27,8,7,0,118,2,1225,5,10,0,0,
~30,5,15,40,13,23,0,0,0,3,0,5,6,4,25,20,10,100,180,0,300,0,18000,30,5,40,40,39,5,13,27,8,7,0,118,2,1225,5,10,0,0,
~30,5,15,40,13,23,0,0,0,3,0,5,6,4,25,20,10,100,180,0,300,0,18000,30,5,40,38,39,5,13,27,8,7,0,118,1,1215,5,10,0,0,
~30,5,15,40,13,23,0,0,0,3,0,5,6,4,25,20,10,100,180,0,300,0,18000,30,5,40,38,39,5,13,27,8,7,0,118,1,1215,5,10,0,0,
~30,5,15,40,13,23,0,0,0,3,0,5,6,4,25,20,10,100,180,0,300,0,18000,30,5,40,40,39,5,13,27,8,6,0,118,1,1227,5,10,0,0,
~30,5,15,40,13,23,0,0,0,3,0,5,6,4,25,20,10,100,180,0,300,0,18000,30,5,40,40,39,5,13,27,8,6,0,118,1,1227,5,10,0,0,
~30,5,15,40,13,23,0,0,0,3,0,5,6,4,25,20,10,100,180,0,300,0,18000,30,5,40,40,39,5,13,27,8,7,0,118,1,1242,5,10,0,0,
~30,5,15,40,13,23,0,0,0,3,0,5,6,4,25,20,10,100,180,0,300,0,18000,30,5,40,40,39,5,13,27,8,7,0,118,1,1242,5,10,0,0,
~30,5,15,40,13,23,0,0,0,3,0,5,6,4,25,20,10,100,180,0,300,0,18000,30,5,40,40,39,5,13,27,8,7,0,118,1,1242,5,10,0,0,
~30,5,15,40,13,23,0,0,0,3,0,5,6,4,25,20,10,100,180,0,300,0,18000,30,5,40,40,39,5,13,27,8,7,0,118,1,1242,5,10,0,0,
~30,5,15,40,13,23,0,0,0,3,0,5,6,4,25,20,10,100,180,0,300,0,18000,30,5,40,40,39,5,13,27,8,7,0,118,1,1247,5,10,0,0,
~30,5,15,40,13,23,0,0,0,3,0,5,6,4,25,20,10,100,180,0,300,0,18000,30,5,40,40,39,5,13,27,8,7,0,118,1,1247,5,10,0,0,
~30,5,15,40,13,23,0,0,0,3,0,5,6,4,25,20,10,100,180,0,300,0,18000,30,5,40,40,39,5,13,27,8,7,0,118,1,1239,5,10,0,0,
~30,5,15,40,13,23,0,0,0,3,0,5,6,4,25,20,10,100,180,0,300,0,18000,30,5,40,40,39,5,13,27,8,7,0,118,1,1239,5,10,0,0,
~30,5,15,40,13,23,0,0,0,3,0,5,6,4,25,20,10,100,180,0,300,0,18000,30,5,40,41,40,5,13,27,8,6,0,118,1,1218,5,10,0,0,
~30,5,15,40,13,23,0,0,0,3,0,5,6,4,25,20,10,100,180,0,300,0,18000,30,5,40,41,40,5,13,27,8,6,0,118,1,1218,5,10,0,0,
~30,5,15,40,13,23,0,0,0,3,0,5,6,4,25,20,10,100,180,0,300,0,18000,30,5,40,40,40,5,13,27,8,6,0,118,1,1231,5,10,0,0,
~30,5,15,40,13,23,0,0,0,3,0,5,6,4,25,20,10,100,180,0,300,0,18000,30,5,40,40,40,5,13,27,8,6,0,118,1,1231,5,10,0,0,
~30,5,15,40,13,23,0,0,0,3,0,5,6,4,25,20,10,100,180,0,300,0,18000,30,5,40,39,39,5,13,27,8,6,0,118,1,1225,5,10,0,0,
~30,5,15,40,13,23,0,0,0,3,0,5,6,4,25,20,10,100,180,0,300,0,18000,30,5,40,39,39,5,13,27,8,6,0,118,1,1225,5,10,0,0,
~30,5,15,40,13,23,0,0,0,3,0,5,6,4,25,20,10,100,180,0,300,0,18000,30,5,40,41,40,5,13,27,8,6,0,118,1,1224,5,10,0,0,
~30,5,15,40,13,23,0,0,0,3,0,5,6,4,25,20,10,100,180,0,300,0,18000,30,5,40,41,40,5,13,27,8,6,0,118,1,1224,5,10,0,0,
~30,5,15,40,13,23,0,0,0,3,0,5,6,4,25,20,10,100,180,0,300,0,18000,30,5,40,40,39,5,13,27,8,6,0,118,1,1227,5,10,0,0,
~30,5,15,40,13,23,0,0,0,3,0,5,6,4,25,20,10,100,180,0,300,0,18000,30,5,40,40,39,5,13,27,8,6,0,118,1,1227,5,10,0,0,
~30,5,15,40,13,23,0,0,0,3,0,5,6,4,25,20,10,100,180,0,300,0,18000,30,5,40,40,39,5,13,27,8,6,0,117,1,1210,5,10,0,0,
~30,5,15,40,13,23,0,0,0,3,0,5,6,4,25,20,10,100,180,0,300,0,18000,30,5,40,39,39,5,13,27,8,6,0,117,1,1204,5,10,0,0,
~30,5,15,40,13,23,0,0,0,3,0,5,6,4,25,20,10,100,180,0,300,0,18000,30,5,40,39,39,5,13,27,8,6,0,117,1,1204,5,10,0,0,
~30,5,15,40,13,23,0,0,0,3,0,5,6,4,25,20,10,100,180,0,300,0,18000,30,5,40,39,39,5,13,27,8,7,0,117,1,1227,5,10,0,0,
~30,5,15,40,13,23,0,0,0,3,0,5,6,4,25,20,10,100,180,0,300,0,18000,30,5,40,39,39,5,13,27,8,7,0,117,1,1227,5,10,0,0,
~30,5,15,40,13,23,0,0,0,3,0,5,6,4,25,20,10,100,180,0,300,0,18000,30,5,40,40,39,5,13,27,8,6,0,117,1,1231,5,10,0,0,
~